data,hora,duracao_h,unidade,bloco,proprietario,kwh,tarifa,tipo_tarifa,custo,carregador_modelo,potencia_kw,inicio_iso,placa,marca,modelo_veiculo,bateria_kwh,autonomia_km
2026-04-01,01:10,3.65,101,A,Ana Silva,19.42,0.85,fora_ponta,16.51,GW7K-HCA-20,7.0,2026-04-01T01:10,UDA4H28,BYD,Dolphin Mini,38.0,280
2026-04-01,20:53,2.54,102,A,Bruno Costa,39.85,1.27,ponta,50.61,GW22K-HCA-20,22.0,2026-04-01T20:53,EXD8C75,Tesla,Model 3 RWD,60.0,450
2026-04-01,22:41,2.22,301,B,Elena Souza,43.69,0.85,fora_ponta,37.14,GW22K-HCA-20,22.0,2026-04-01T22:41,LLT4Z05,BYD,Seal,82.5,520
2026-04-01,23:57,2.07,401,B,Gabriela Lima,17.72,0.85,fora_ponta,15.06,GW11K-HCA-20,11.0,2026-04-01T23:57,GWC0V29,Caoa Chery,iCar,31.0,250
2026-04-02,23:09,3.69,101,A,Ana Silva,22.57,0.85,fora_ponta,19.18,GW7K-HCA-20,7.0,2026-04-02T23:09,UDA4H28,BYD,Dolphin Mini,38.0,280
2026-04-02,22:29,1.76,102,A,Bruno Costa,35.43,0.85,fora_ponta,30.12,GW22K-HCA-20,22.0,2026-04-02T22:29,NBA1G29,Chevrolet,Bolt EUV,65.0,400
2026-04-02,18:43,2.28,102,A,Bruno Costa,43.39,1.27,ponta,55.11,GW22K-HCA-20,22.0,2026-04-02T18:43,EXD8C75,Tesla,Model 3 RWD,60.0,450
2026-04-02,20:00,3.08,202,A,Daniel Oliveira,30.28,1.27,ponta,38.46,GW11K-HCA-20,11.0,2026-04-02T20:00,WNK4E27,Nissan,Leaf,40.0,270
2026-04-02,01:58,1.49,301,B,Elena Souza,27.51,0.85,fora_ponta,23.38,GW22K-HCA-20,22.0,2026-04-02T01:58,LLT4Z05,BYD,Seal,82.5,520
2026-04-02,21:34,2.36,401,B,Gabriela Lima,23.47,1.02,intermediaria,23.94,GW11K-HCA-20,11.0,2026-04-02T21:34,GWC0V29,Caoa Chery,iCar,31.0,250
2026-04-03,03:56,4.78,101,A,Ana Silva,29.38,0.85,fora_ponta,24.97,GW7K-HCA-20,7.0,2026-04-03T03:56,UDA4H28,BYD,Dolphin Mini,38.0,280
2026-04-03,18:46,2.0,102,A,Bruno Costa,31.44,1.27,ponta,39.93,GW22K-HCA-20,22.0,2026-04-03T18:46,EXD8C75,Tesla,Model 3 RWD,60.0,450
2026-04-03,19:42,1.87,102,A,Bruno Costa,33.71,1.27,ponta,42.81,GW22K-HCA-20,22.0,2026-04-03T19:42,NBA1G29,Chevrolet,Bolt EUV,65.0,400
2026-04-03,12:59,2.79,201,A,Carla Mendes,26.45,0.85,fora_ponta,22.48,GW11K-HCA-20,11.0,2026-04-03T12:59,UWR6H57,GWM,Ora 03 Skin,48.0,310
2026-04-03,20:57,2.7,202,A,Daniel Oliveira,21.56,1.27,ponta,27.38,GW11K-HCA-20,11.0,2026-04-03T20:57,WNK4E27,Nissan,Leaf,40.0,270
2026-04-03,01:14,1.24,301,B,Elena Souza,23.43,0.85,fora_ponta,19.92,GW22K-HCA-20,22.0,2026-04-03T01:14,LLT4Z05,BYD,Seal,82.5,520
2026-04-03,04:04,2.11,302,B,Felipe Santos,11.25,0.85,fora_ponta,9.56,GW7K-HCA-20,7.0,2026-04-03T04:04,RJU9L73,Renault,Kwid E-Tech,26.8,185
2026-04-03,21:50,1.85,401,B,Gabriela Lima,16.03,1.02,intermediaria,16.35,GW11K-HCA-20,11.0,2026-04-03T21:50,GWC0V29,Caoa Chery,iCar,31.0,250
2026-04-03,06:26,1.64,402,B,Henrique Rocha,15.52,0.85,fora_ponta,13.19,GW11K-HCA-20,11.0,2026-04-03T06:26,IOU5F47,JAC,e-JS1,30.2,300
2026-04-04,10:15,2.01,201,A,Carla Mendes,18.1,0.85,fora_ponta,15.39,GW11K-HCA-20,11.0,2026-04-04T10:15,UWR6H57,GWM,Ora 03 Skin,48.0,310
2026-04-04,18:55,3.38,202,A,Daniel Oliveira,29.68,0.85,fora_ponta,25.23,GW11K-HCA-20,11.0,2026-04-04T18:55,WNK4E27,Nissan,Leaf,40.0,270
2026-04-04,20:59,2.46,401,B,Gabriela Lima,20.39,0.85,fora_ponta,17.33,GW11K-HCA-20,11.0,2026-04-04T20:59,GWC0V29,Caoa Chery,iCar,31.0,250
2026-04-04,00:10,1.41,402,B,Henrique Rocha,14.2,0.85,fora_ponta,12.07,GW11K-HCA-20,11.0,2026-04-04T00:10,IOU5F47,JAC,e-JS1,30.2,300
2026-04-05,18:12,1.71,202,A,Daniel Oliveira,17.15,0.85,fora_ponta,14.58,GW11K-HCA-20,11.0,2026-04-05T18:12,WNK4E27,Nissan,Leaf,40.0,270
2026-04-05,00:32,1.19,402,B,Henrique Rocha,9.68,0.85,fora_ponta,8.23,GW11K-HCA-20,11.0,2026-04-05T00:32,IOU5F47,JAC,e-JS1,30.2,300
2026-04-06,04:07,4.95,101,A,Ana Silva,28.58,0.85,fora_ponta,24.29,GW7K-HCA-20,7.0,2026-04-06T04:07,UDA4H28,BYD,Dolphin Mini,38.0,280
2026-04-06,21:42,1.92,102,A,Bruno Costa,34.48,1.02,intermediaria,35.17,GW22K-HCA-20,22.0,2026-04-06T21:42,EXD8C75,Tesla,Model 3 RWD,60.0,450
2026-04-06,19:42,2.52,102,A,Bruno Costa,41.68,1.27,ponta,52.93,GW22K-HCA-20,22.0,2026-04-06T19:42,NBA1G29,Chevrolet,Bolt EUV,65.0,400
2026-04-06,16:20,3.61,201,A,Carla Mendes,35.95,0.85,fora_ponta,30.56,GW11K-HCA-20,11.0,2026-04-06T16:20,UWR6H57,GWM,Ora 03 Skin,48.0,310
2026-04-06,17:34,1.86,202,A,Daniel Oliveira,15.48,1.02,intermediaria,15.79,GW11K-HCA-20,11.0,2026-04-06T17:34,WNK4E27,Nissan,Leaf,40.0,270
2026-04-06,00:42,2.47,402,B,Henrique Rocha,20.84,0.85,fora_ponta,17.71,GW11K-HCA-20,11.0,2026-04-06T00:42,IOU5F47,JAC,e-JS1,30.2,300
2026-04-07,02:07,4.57,101,A,Ana Silva,27.6,0.85,fora_ponta,23.46,GW7K-HCA-20,7.0,2026-04-07T02:07,UDA4H28,BYD,Dolphin Mini,38.0,280
2026-04-07,20:13,1.93,102,A,Bruno Costa,37.64,1.27,ponta,47.8,GW22K-HCA-20,22.0,2026-04-07T20:13,EXD8C75,Tesla,Model 3 RWD,60.0,450
2026-04-07,20:57,3.07,102,A,Bruno Costa,47.99,1.27,ponta,60.95,GW22K-HCA-20,22.0,2026-04-07T20:57,NBA1G29,Chevrolet,Bolt EUV,65.0,400
2026-04-07,02:16,1.7,301,B,Elena Souza,29.88,0.85,fora_ponta,25.4,GW22K-HCA-20,22.0,2026-04-07T02:16,LLT4Z05,BYD,Seal,82.5,520
2026-04-07,20:53,1.6,401,B,Gabriela Lima,14.45,1.27,ponta,18.35,GW11K-HCA-20,11.0,2026-04-07T20:53,GWC0V29,Caoa Chery,iCar,31.0,250
2026-04-07,00:57,1.49,402,B,Henrique Rocha,13.89,0.85,fora_ponta,11.81,GW11K-HCA-20,11.0,2026-04-07T00:57,IOU5F47,JAC,e-JS1,30.2,300
2026-04-08,00:59,4.55,101,A,Ana Silva,28.37,0.85,fora_ponta,24.11,GW7K-HCA-20,7.0,2026-04-08T00:59,UDA4H28,BYD,Dolphin Mini,38.0,280
2026-04-08,00:51,2.69,301,B,Elena Souza,50.96,0.85,fora_ponta,43.32,GW22K-HCA-20,22.0,2026-04-08T00:51,LLT4Z05,BYD,Seal,82.5,520
2026-04-08,05:55,1.25,302,B,Felipe Santos,7.04,0.85,fora_ponta,5.98,GW7K-HCA-20,7.0,2026-04-08T05:55,RJU9L73,Renault,Kwid E-Tech,26.8,185
2026-04-08,22:52,2.56,401,B,Gabriela Lima,21.09,0.85,fora_ponta,17.93,GW11K-HCA-20,11.0,2026-04-08T22:52,GWC0V29,Caoa Chery,iCar,31.0,250
2026-04-08,04:55,1.0,402,B,Henrique Rocha,9.53,0.85,fora_ponta,8.1,GW11K-HCA-20,11.0,2026-04-08T04:55,IOU5F47,JAC,e-JS1,30.2,300
2026-04-09,22:07,5.16,101,A,Ana Silva,27.37,0.85,fora_ponta,23.26,GW7K-HCA-20,7.0,2026-04-09T22:07,UDA4H28,BYD,Dolphin Mini,38.0,280
2026-04-09,18:38,1.59,102,A,Bruno Costa,30.07,1.27,ponta,38.19,GW22K-HCA-20,22.0,2026-04-09T18:38,EXD8C75,Tesla,Model 3 RWD,60.0,450
2026-04-09,15:57,3.31,201,A,Carla Mendes,27.54,0.85,fora_ponta,23.41,GW11K-HCA-20,11.0,2026-04-09T15:57,UWR6H57,GWM,Ora 03 Skin,48.0,310
2026-04-09,23:27,1.4,301,B,Elena Souza,26.12,0.85,fora_ponta,22.2,GW22K-HCA-20,22.0,2026-04-09T23:27,LLT4Z05,BYD,Seal,82.5,520
2026-04-09,22:42,1.74,401,B,Gabriela Lima,15.07,0.85,fora_ponta,12.81,GW11K-HCA-20,11.0,2026-04-09T22:42,GWC0V29,Caoa Chery,iCar,31.0,250
2026-04-09,06:43,2.44,402,B,Henrique Rocha,19.82,0.85,fora_ponta,16.85,GW11K-HCA-20,11.0,2026-04-09T06:43,IOU5F47,JAC,e-JS1,30.2,300
2026-04-10,02:18,2.4,101,A,Ana Silva,14.68,0.85,fora_ponta,12.48,GW7K-HCA-20,7.0,2026-04-10T02:18,UDA4H28,BYD,Dolphin Mini,38.0,280
2026-04-10,21:43,1.43,102,A,Bruno Costa,25.36,1.02,intermediaria,25.87,GW22K-HCA-20,22.0,2026-04-10T21:43,NBA1G29,Chevrolet,Bolt EUV,65.0,400
2026-04-10,21:52,3.79,301,B,Elena Souza,62.73,1.02,intermediaria,63.98,GW22K-HCA-20,22.0,2026-04-10T21:52,LLT4Z05,BYD,Seal,82.5,520
2026-04-10,01:29,1.6,402,B,Henrique Rocha,14.77,0.85,fora_ponta,12.55,GW11K-HCA-20,11.0,2026-04-10T01:29,IOU5F47,JAC,e-JS1,30.2,300
2026-04-11,04:15,2.26,101,A,Ana Silva,13.49,0.85,fora_ponta,11.47,GW7K-HCA-20,7.0,2026-04-11T04:15,UDA4H28,BYD,Dolphin Mini,38.0,280
2026-04-12,21:08,2.22,102,A,Bruno Costa,41.28,0.85,fora_ponta,35.09,GW22K-HCA-20,22.0,2026-04-12T21:08,EXD8C75,Tesla,Model 3 RWD,60.0,450
2026-04-12,21:52,2.88,202,A,Daniel Oliveira,25.65,0.85,fora_ponta,21.8,GW11K-HCA-20,11.0,2026-04-12T21:52,WNK4E27,Nissan,Leaf,40.0,270
2026-04-13,02:49,4.52,101,A,Ana Silva,25.51,0.85,fora_ponta,21.68,GW7K-HCA-20,7.0,2026-04-13T02:49,UDA4H28,BYD,Dolphin Mini,38.0,280
2026-04-13,19:17,1.49,102,A,Bruno Costa,29.45,1.27,ponta,37.4,GW22K-HCA-20,22.0,2026-04-13T19:17,NBA1G29,Chevrolet,Bolt EUV,65.0,400
2026-04-13,11:45,2.16,201,A,Carla Mendes,18.84,0.85,fora_ponta,16.01,GW11K-HCA-20,11.0,2026-04-13T11:45,UWR6H57,GWM,Ora 03 Skin,48.0,310
2026-04-13,18:53,1.99,202,A,Daniel Oliveira,19.65,1.27,ponta,24.96,GW11K-HCA-20,11.0,2026-04-13T18:53,WNK4E27,Nissan,Leaf,40.0,270
2026-04-13,00:00,3.71,301,B,Elena Souza,62.47,0.85,fora_ponta,53.1,GW22K-HCA-20,22.0,2026-04-13T00:00,LLT4Z05,BYD,Seal,82.5,520
2026-04-14,05:14,2.81,101,A,Ana Silva,15.89,0.85,fora_ponta,13.51,GW7K-HCA-20,7.0,2026-04-14T05:14,UDA4H28,BYD,Dolphin Mini,38.0,280
2026-04-14,19:53,2.11,102,A,Bruno Costa,33.81,1.27,ponta,42.94,GW22K-HCA-20,22.0,2026-04-14T19:53,NBA1G29,Chevrolet,Bolt EUV,65.0,400
2026-04-14,17:41,2.02,202,A,Daniel Oliveira,19.83,1.02,intermediaria,20.23,GW11K-HCA-20,11.0,2026-04-14T17:41,WNK4E27,Nissan,Leaf,40.0,270
2026-04-14,22:29,1.93,301,B,Elena Souza,36.89,0.85,fora_ponta,31.36,GW22K-HCA-20,22.0,2026-04-14T22:29,LLT4Z05,BYD,Seal,82.5,520
2026-04-15,22:22,2.99,101,A,Ana Silva,14.97,0.85,fora_ponta,12.72,GW7K-HCA-20,7.0,2026-04-15T22:22,UDA4H28,BYD,Dolphin Mini,38.0,280
2026-04-15,12:53,1.75,201,A,Carla Mendes,14.16,0.85,fora_ponta,12.04,GW11K-HCA-20,11.0,2026-04-15T12:53,UWR6H57,GWM,Ora 03 Skin,48.0,310
2026-04-15,20:44,1.91,202,A,Daniel Oliveira,16.37,1.27,ponta,20.79,GW11K-HCA-20,11.0,2026-04-15T20:44,WNK4E27,Nissan,Leaf,40.0,270
2026-04-15,22:19,1.79,301,B,Elena Souza,27.81,0.85,fora_ponta,23.64,GW22K-HCA-20,22.0,2026-04-15T22:19,LLT4Z05,BYD,Seal,82.5,520
2026-04-16,01:06,4.47,101,A,Ana Silva,24.0,0.85,fora_ponta,20.4,GW7K-HCA-20,7.0,2026-04-16T01:06,UDA4H28,BYD,Dolphin Mini,38.0,280
2026-04-16,20:34,1.75,102,A,Bruno Costa,30.08,1.27,ponta,38.2,GW22K-HCA-20,22.0,2026-04-16T20:34,EXD8C75,Tesla,Model 3 RWD,60.0,450
2026-04-16,16:06,2.83,201,A,Carla Mendes,24.27,0.85,fora_ponta,20.63,GW11K-HCA-20,11.0,2026-04-16T16:06,UWR6H57,GWM,Ora 03 Skin,48.0,310
2026-04-16,02:33,3.8,301,B,Elena Souza,63.53,0.85,fora_ponta,54.0,GW22K-HCA-20,22.0,2026-04-16T02:33,LLT4Z05,BYD,Seal,82.5,520
2026-04-16,22:20,2.27,401,B,Gabriela Lima,22.06,0.85,fora_ponta,18.75,GW11K-HCA-20,11.0,2026-04-16T22:20,GWC0V29,Caoa Chery,iCar,31.0,250
2026-04-16,07:36,2.06,402,B,Henrique Rocha,17.79,0.85,fora_ponta,15.12,GW11K-HCA-20,11.0,2026-04-16T07:36,IOU5F47,JAC,e-JS1,30.2,300
2026-04-17,05:13,3.3,101,A,Ana Silva,17.47,0.85,fora_ponta,14.85,GW7K-HCA-20,7.0,2026-04-17T05:13,UDA4H28,BYD,Dolphin Mini,38.0,280
2026-04-17,22:00,2.18,102,A,Bruno Costa,35.53,0.85,fora_ponta,30.2,GW22K-HCA-20,22.0,2026-04-17T22:00,NBA1G29,Chevrolet,Bolt EUV,65.0,400
2026-04-17,16:41,3.54,201,A,Carla Mendes,31.1,0.85,fora_ponta,26.44,GW11K-HCA-20,11.0,2026-04-17T16:41,UWR6H57,GWM,Ora 03 Skin,48.0,310
2026-04-17,18:19,2.86,202,A,Daniel Oliveira,24.56,1.27,ponta,31.19,GW11K-HCA-20,11.0,2026-04-17T18:19,WNK4E27,Nissan,Leaf,40.0,270
2026-04-17,23:44,2.5,301,B,Elena Souza,42.25,0.85,fora_ponta,35.91,GW22K-HCA-20,22.0,2026-04-17T23:44,LLT4Z05,BYD,Seal,82.5,520
2026-04-17,00:47,1.88,302,B,Felipe Santos,11.44,0.85,fora_ponta,9.72,GW7K-HCA-20,7.0,2026-04-17T00:47,RJU9L73,Renault,Kwid E-Tech,26.8,185
2026-04-17,22:46,1.88,401,B,Gabriela Lima,17.97,0.85,fora_ponta,15.27,GW11K-HCA-20,11.0,2026-04-17T22:46,GWC0V29,Caoa Chery,iCar,31.0,250
2026-04-17,04:14,1.66,402,B,Henrique Rocha,14.0,0.85,fora_ponta,11.9,GW11K-HCA-20,11.0,2026-04-17T04:14,IOU5F47,JAC,e-JS1,30.2,300
2026-04-18,22:18,2.39,102,A,Bruno Costa,38.34,0.85,fora_ponta,32.59,GW22K-HCA-20,22.0,2026-04-18T22:18,EXD8C75,Tesla,Model 3 RWD,60.0,450
2026-04-18,18:55,1.13,102,A,Bruno Costa,18.9,0.85,fora_ponta,16.06,GW22K-HCA-20,22.0,2026-04-18T18:55,NBA1G29,Chevrolet,Bolt EUV,65.0,400
2026-04-18,20:07,3.2,202,A,Daniel Oliveira,27.74,0.85,fora_ponta,23.58,GW11K-HCA-20,11.0,2026-04-18T20:07,WNK4E27,Nissan,Leaf,40.0,270
2026-04-18,22:09,2.86,301,B,Elena Souza,57.18,0.85,fora_ponta,48.6,GW22K-HCA-20,22.0,2026-04-18T22:09,LLT4Z05,BYD,Seal,82.5,520
2026-04-18,02:49,2.02,302,B,Felipe Santos,11.32,0.85,fora_ponta,9.62,GW7K-HCA-20,7.0,2026-04-18T02:49,RJU9L73,Renault,Kwid E-Tech,26.8,185
2026-04-19,19:40,1.27,102,A,Bruno Costa,23.53,0.85,fora_ponta,20.0,GW22K-HCA-20,22.0,2026-04-19T19:40,EXD8C75,Tesla,Model 3 RWD,60.0,450
2026-04-19,11:00,2.53,201,A,Carla Mendes,23.74,0.85,fora_ponta,20.18,GW11K-HCA-20,11.0,2026-04-19T11:00,UWR6H57,GWM,Ora 03 Skin,48.0,310
2026-04-19,19:44,3.62,202,A,Daniel Oliveira,28.5,0.85,fora_ponta,24.22,GW11K-HCA-20,11.0,2026-04-19T19:44,WNK4E27,Nissan,Leaf,40.0,270
2026-04-19,00:07,2.49,301,B,Elena Souza,46.09,0.85,fora_ponta,39.18,GW22K-HCA-20,22.0,2026-04-19T00:07,LLT4Z05,BYD,Seal,82.5,520
2026-04-19,04:28,1.11,402,B,Henrique Rocha,10.41,0.85,fora_ponta,8.85,GW11K-HCA-20,11.0,2026-04-19T04:28,IOU5F47,JAC,e-JS1,30.2,300
2026-04-20,05:05,3.53,101,A,Ana Silva,22.14,0.85,fora_ponta,18.82,GW7K-HCA-20,7.0,2026-04-20T05:05,UDA4H28,BYD,Dolphin Mini,38.0,280
2026-04-20,18:14,2.39,102,A,Bruno Costa,46.5,1.27,ponta,59.05,GW22K-HCA-20,22.0,2026-04-20T18:14,EXD8C75,Tesla,Model 3 RWD,60.0,450
2026-04-20,23:33,1.91,401,B,Gabriela Lima,18.97,0.85,fora_ponta,16.12,GW11K-HCA-20,11.0,2026-04-20T23:33,GWC0V29,Caoa Chery,iCar,31.0,250
2026-04-20,01:30,1.62,402,B,Henrique Rocha,13.82,0.85,fora_ponta,11.75,GW11K-HCA-20,11.0,2026-04-20T01:30,IOU5F47,JAC,e-JS1,30.2,300
2026-04-21,04:44,3.41,101,A,Ana Silva,20.18,0.85,fora_ponta,17.15,GW7K-HCA-20,7.0,2026-04-21T04:44,UDA4H28,BYD,Dolphin Mini,38.0,280
2026-04-21,21:05,1.58,102,A,Bruno Costa,26.74,1.02,intermediaria,27.27,GW22K-HCA-20,22.0,2026-04-21T21:05,EXD8C75,Tesla,Model 3 RWD,60.0,450
2026-04-21,00:03,1.82,301,B,Elena Souza,31.24,0.85,fora_ponta,26.55,GW22K-HCA-20,22.0,2026-04-21T00:03,LLT4Z05,BYD,Seal,82.5,520
2026-04-22,05:56,4.73,101,A,Ana Silva,24.07,0.85,fora_ponta,20.46,GW7K-HCA-20,7.0,2026-04-22T05:56,UDA4H28,BYD,Dolphin Mini,38.0,280
2026-04-22,21:26,1.3,202,A,Daniel Oliveira,13.12,1.02,intermediaria,13.38,GW11K-HCA-20,11.0,2026-04-22T21:26,WNK4E27,Nissan,Leaf,40.0,270
2026-04-22,22:32,2.28,401,B,Gabriela Lima,19.84,0.85,fora_ponta,16.86,GW11K-HCA-20,11.0,2026-04-22T22:32,GWC0V29,Caoa Chery,iCar,31.0,250
2026-04-22,02:24,1.25,402,B,Henrique Rocha,11.44,0.85,fora_ponta,9.72,GW11K-HCA-20,11.0,2026-04-22T02:24,IOU5F47,JAC,e-JS1,30.2,300
2026-04-23,02:49,4.66,101,A,Ana Silva,25.83,0.85,fora_ponta,21.96,GW7K-HCA-20,7.0,2026-04-23T02:49,UDA4H28,BYD,Dolphin Mini,38.0,280
2026-04-23,20:46,1.44,102,A,Bruno Costa,26.31,1.27,ponta,33.41,GW22K-HCA-20,22.0,2026-04-23T20:46,EXD8C75,Tesla,Model 3 RWD,60.0,450
2026-04-23,23:35,3.21,301,B,Elena Souza,55.34,0.85,fora_ponta,47.04,GW22K-HCA-20,22.0,2026-04-23T23:35,LLT4Z05,BYD,Seal,82.5,520
2026-04-24,22:20,4.17,101,A,Ana Silva,24.97,0.85,fora_ponta,21.22,GW7K-HCA-20,7.0,2026-04-24T22:20,UDA4H28,BYD,Dolphin Mini,38.0,280
2026-04-24,21:02,1.05,102,A,Bruno Costa,21.05,1.02,intermediaria,21.47,GW22K-HCA-20,22.0,2026-04-24T21:02,EXD8C75,Tesla,Model 3 RWD,60.0,450
2026-04-24,10:33,4.69,201,A,Carla Mendes,36.25,0.85,fora_ponta,30.81,GW11K-HCA-20,11.0,2026-04-24T10:33,UWR6H57,GWM,Ora 03 Skin,48.0,310
2026-04-24,17:30,3.23,202,A,Daniel Oliveira,26.96,1.02,intermediaria,27.5,GW11K-HCA-20,11.0,2026-04-24T17:30,WNK4E27,Nissan,Leaf,40.0,270
2026-04-24,23:54,2.87,301,B,Elena Souza,51.67,0.85,fora_ponta,43.92,GW22K-HCA-20,22.0,2026-04-24T23:54,LLT4Z05,BYD,Seal,82.5,520
2026-04-25,20:14,2.29,102,A,Bruno Costa,40.11,0.85,fora_ponta,34.09,GW22K-HCA-20,22.0,2026-04-25T20:14,EXD8C75,Tesla,Model 3 RWD,60.0,450
2026-04-25,16:10,3.13,201,A,Carla Mendes,30.95,0.85,fora_ponta,26.31,GW11K-HCA-20,11.0,2026-04-25T16:10,UWR6H57,GWM,Ora 03 Skin,48.0,310
2026-04-25,19:23,2.4,202,A,Daniel Oliveira,19.92,0.85,fora_ponta,16.93,GW11K-HCA-20,11.0,2026-04-25T19:23,WNK4E27,Nissan,Leaf,40.0,270
2026-04-25,22:11,1.36,301,B,Elena Souza,26.77,0.85,fora_ponta,22.75,GW22K-HCA-20,22.0,2026-04-25T22:11,LLT4Z05,BYD,Seal,82.5,520
2026-04-25,21:29,2.13,401,B,Gabriela Lima,18.81,0.85,fora_ponta,15.99,GW11K-HCA-20,11.0,2026-04-25T21:29,GWC0V29,Caoa Chery,iCar,31.0,250
2026-04-26,18:28,2.29,102,A,Bruno Costa,46.25,0.85,fora_ponta,39.31,GW22K-HCA-20,22.0,2026-04-26T18:28,EXD8C75,Tesla,Model 3 RWD,60.0,450
2026-04-26,21:44,1.38,102,A,Bruno Costa,26.97,0.85,fora_ponta,22.92,GW22K-HCA-20,22.0,2026-04-26T21:44,NBA1G29,Chevrolet,Bolt EUV,65.0,400
2026-04-26,10:15,2.71,201,A,Carla Mendes,23.26,0.85,fora_ponta,19.77,GW11K-HCA-20,11.0,2026-04-26T10:15,UWR6H57,GWM,Ora 03 Skin,48.0,310
2026-04-26,20:17,1.17,202,A,Daniel Oliveira,11.42,0.85,fora_ponta,9.71,GW11K-HCA-20,11.0,2026-04-26T20:17,WNK4E27,Nissan,Leaf,40.0,270
2026-04-27,03:14,3.92,101,A,Ana Silva,22.93,0.85,fora_ponta,19.49,GW7K-HCA-20,7.0,2026-04-27T03:14,UDA4H28,BYD,Dolphin Mini,38.0,280
2026-04-27,18:57,2.34,102,A,Bruno Costa,36.52,1.27,ponta,46.38,GW22K-HCA-20,22.0,2026-04-27T18:57,EXD8C75,Tesla,Model 3 RWD,60.0,450
2026-04-27,17:58,1.81,202,A,Daniel Oliveira,17.2,1.02,intermediaria,17.54,GW11K-HCA-20,11.0,2026-04-27T17:58,WNK4E27,Nissan,Leaf,40.0,270
2026-04-27,01:32,3.18,301,B,Elena Souza,61.8,0.85,fora_ponta,52.53,GW22K-HCA-20,22.0,2026-04-27T01:32,LLT4Z05,BYD,Seal,82.5,520
2026-04-27,03:47,2.35,302,B,Felipe Santos,14.4,0.85,fora_ponta,12.24,GW7K-HCA-20,7.0,2026-04-27T03:47,RJU9L73,Renault,Kwid E-Tech,26.8,185
2026-04-27,23:54,2.5,401,B,Gabriela Lima,21.45,0.85,fora_ponta,18.23,GW11K-HCA-20,11.0,2026-04-27T23:54,GWC0V29,Caoa Chery,iCar,31.0,250
2026-04-28,03:43,4.73,101,A,Ana Silva,25.09,0.85,fora_ponta,21.33,GW7K-HCA-20,7.0,2026-04-28T03:43,UDA4H28,BYD,Dolphin Mini,38.0,280
2026-04-28,18:43,1.71,102,A,Bruno Costa,26.47,1.27,ponta,33.62,GW22K-HCA-20,22.0,2026-04-28T18:43,NBA1G29,Chevrolet,Bolt EUV,65.0,400
2026-04-28,03:41,2.02,302,B,Felipe Santos,10.31,0.85,fora_ponta,8.76,GW7K-HCA-20,7.0,2026-04-28T03:41,RJU9L73,Renault,Kwid E-Tech,26.8,185
2026-04-28,03:56,1.94,402,B,Henrique Rocha,16.77,0.85,fora_ponta,14.25,GW11K-HCA-20,11.0,2026-04-28T03:56,IOU5F47,JAC,e-JS1,30.2,300
2026-04-29,00:56,3.7,101,A,Ana Silva,18.69,0.85,fora_ponta,15.89,GW7K-HCA-20,7.0,2026-04-29T00:56,UDA4H28,BYD,Dolphin Mini,38.0,280
2026-04-29,18:44,1.77,102,A,Bruno Costa,31.06,1.27,ponta,39.45,GW22K-HCA-20,22.0,2026-04-29T18:44,NBA1G29,Chevrolet,Bolt EUV,65.0,400
2026-04-29,21:25,1.75,301,B,Elena Souza,35.1,1.02,intermediaria,35.8,GW22K-HCA-20,22.0,2026-04-29T21:25,LLT4Z05,BYD,Seal,82.5,520
2026-04-29,00:50,1.35,402,B,Henrique Rocha,13.65,0.85,fora_ponta,11.6,GW11K-HCA-20,11.0,2026-04-29T00:50,IOU5F47,JAC,e-JS1,30.2,300
2026-04-30,01:52,5.07,101,A,Ana Silva,27.42,0.85,fora_ponta,23.31,GW7K-HCA-20,7.0,2026-04-30T01:52,UDA4H28,BYD,Dolphin Mini,38.0,280
2026-04-30,20:54,2.36,102,A,Bruno Costa,47.62,1.27,ponta,60.48,GW22K-HCA-20,22.0,2026-04-30T20:54,EXD8C75,Tesla,Model 3 RWD,60.0,450
2026-04-30,09:08,1.48,201,A,Carla Mendes,14.27,0.85,fora_ponta,12.13,GW11K-HCA-20,11.0,2026-04-30T09:08,UWR6H57,GWM,Ora 03 Skin,48.0,310
2026-04-30,19:03,1.59,202,A,Daniel Oliveira,13.82,1.27,ponta,17.55,GW11K-HCA-20,11.0,2026-04-30T19:03,WNK4E27,Nissan,Leaf,40.0,270
2026-04-30,23:32,2.76,301,B,Elena Souza,48.48,0.85,fora_ponta,41.21,GW22K-HCA-20,22.0,2026-04-30T23:32,LLT4Z05,BYD,Seal,82.5,520
2026-04-30,06:41,3.05,302,B,Felipe Santos,15.23,0.85,fora_ponta,12.95,GW7K-HCA-20,7.0,2026-04-30T06:41,RJU9L73,Renault,Kwid E-Tech,26.8,185
2026-04-30,23:45,2.94,401,B,Gabriela Lima,23.14,0.85,fora_ponta,19.67,GW11K-HCA-20,11.0,2026-04-30T23:45,GWC0V29,Caoa Chery,iCar,31.0,250
2026-04-30,02:17,1.99,402,B,Henrique Rocha,18.11,0.85,fora_ponta,15.39,GW11K-HCA-20,11.0,2026-04-30T02:17,IOU5F47,JAC,e-JS1,30.2,300
2026-05-01,05:32,4.43,101,A,Ana Silva,22.36,0.85,fora_ponta,19.01,GW7K-HCA-20,7.0,2026-05-01T05:32,UDA4H28,BYD,Dolphin Mini,38.0,280
2026-05-01,21:28,2.57,102,A,Bruno Costa,44.7,1.02,intermediaria,45.59,GW22K-HCA-20,22.0,2026-05-01T21:28,EXD8C75,Tesla,Model 3 RWD,60.0,450
2026-05-01,02:16,2.43,301,B,Elena Souza,39.29,0.85,fora_ponta,33.4,GW22K-HCA-20,22.0,2026-05-01T02:16,LLT4Z05,BYD,Seal,82.5,520
2026-05-01,23:06,2.39,401,B,Gabriela Lima,20.55,0.85,fora_ponta,17.47,GW11K-HCA-20,11.0,2026-05-01T23:06,GWC0V29,Caoa Chery,iCar,31.0,250
2026-05-01,01:26,1.5,402,B,Henrique Rocha,13.97,0.85,fora_ponta,11.87,GW11K-HCA-20,11.0,2026-05-01T01:26,IOU5F47,JAC,e-JS1,30.2,300
2026-05-02,01:22,2.5,402,B,Henrique Rocha,21.5,0.85,fora_ponta,18.27,GW11K-HCA-20,11.0,2026-05-02T01:22,IOU5F47,JAC,e-JS1,30.2,300
2026-05-03,22:59,2.01,102,A,Bruno Costa,37.67,0.85,fora_ponta,32.02,GW22K-HCA-20,22.0,2026-05-03T22:59,EXD8C75,Tesla,Model 3 RWD,60.0,450
2026-05-03,14:22,1.44,201,A,Carla Mendes,14.1,0.85,fora_ponta,11.98,GW11K-HCA-20,11.0,2026-05-03T14:22,UWR6H57,GWM,Ora 03 Skin,48.0,310
2026-05-03,17:05,3.2,202,A,Daniel Oliveira,26.3,0.85,fora_ponta,22.36,GW11K-HCA-20,11.0,2026-05-03T17:05,WNK4E27,Nissan,Leaf,40.0,270
2026-05-03,23:46,1.87,301,B,Elena Souza,37.23,0.85,fora_ponta,31.65,GW22K-HCA-20,22.0,2026-05-03T23:46,LLT4Z05,BYD,Seal,82.5,520
2026-05-03,01:17,1.76,402,B,Henrique Rocha,15.36,0.85,fora_ponta,13.06,GW11K-HCA-20,11.0,2026-05-03T01:17,IOU5F47,JAC,e-JS1,30.2,300
2026-05-04,23:22,3.56,101,A,Ana Silva,19.01,0.85,fora_ponta,16.16,GW7K-HCA-20,7.0,2026-05-04T23:22,UDA4H28,BYD,Dolphin Mini,38.0,280
2026-05-04,18:14,1.75,102,A,Bruno Costa,32.04,1.27,ponta,40.69,GW22K-HCA-20,22.0,2026-05-04T18:14,NBA1G29,Chevrolet,Bolt EUV,65.0,400
2026-05-04,11:48,2.39,201,A,Carla Mendes,20.34,0.85,fora_ponta,17.29,GW11K-HCA-20,11.0,2026-05-04T11:48,UWR6H57,GWM,Ora 03 Skin,48.0,310
2026-05-04,18:24,2.67,202,A,Daniel Oliveira,22.01,1.27,ponta,27.95,GW11K-HCA-20,11.0,2026-05-04T18:24,WNK4E27,Nissan,Leaf,40.0,270
2026-05-04,21:25,3.84,301,B,Elena Souza,59.9,1.02,intermediaria,61.1,GW22K-HCA-20,22.0,2026-05-04T21:25,LLT4Z05,BYD,Seal,82.5,520
2026-05-04,05:36,1.75,302,B,Felipe Santos,10.28,0.85,fora_ponta,8.74,GW7K-HCA-20,7.0,2026-05-04T05:36,RJU9L73,Renault,Kwid E-Tech,26.8,185
2026-05-04,21:51,2.7,401,B,Gabriela Lima,23.78,1.02,intermediaria,24.26,GW11K-HCA-20,11.0,2026-05-04T21:51,GWC0V29,Caoa Chery,iCar,31.0,250
2026-05-04,01:15,1.76,402,B,Henrique Rocha,15.25,0.85,fora_ponta,12.96,GW11K-HCA-20,11.0,2026-05-04T01:15,IOU5F47,JAC,e-JS1,30.2,300
2026-05-05,01:21,5.13,101,A,Ana Silva,25.72,0.85,fora_ponta,21.86,GW7K-HCA-20,7.0,2026-05-05T01:21,UDA4H28,BYD,Dolphin Mini,38.0,280
2026-05-05,20:22,2.06,102,A,Bruno Costa,39.89,1.27,ponta,50.66,GW22K-HCA-20,22.0,2026-05-05T20:22,EXD8C75,Tesla,Model 3 RWD,60.0,450
2026-05-05,18:38,1.51,202,A,Daniel Oliveira,14.36,1.27,ponta,18.24,GW11K-HCA-20,11.0,2026-05-05T18:38,WNK4E27,Nissan,Leaf,40.0,270
2026-05-05,00:48,2.6,301,B,Elena Souza,47.37,0.85,fora_ponta,40.26,GW22K-HCA-20,22.0,2026-05-05T00:48,LLT4Z05,BYD,Seal,82.5,520
2026-05-05,05:09,1.73,402,B,Henrique Rocha,15.32,0.85,fora_ponta,13.02,GW11K-HCA-20,11.0,2026-05-05T05:09,IOU5F47,JAC,e-JS1,30.2,300
2026-05-06,03:32,2.17,101,A,Ana Silva,12.19,0.85,fora_ponta,10.36,GW7K-HCA-20,7.0,2026-05-06T03:32,UDA4H28,BYD,Dolphin Mini,38.0,280
2026-05-06,18:41,2.45,102,A,Bruno Costa,47.86,1.27,ponta,60.78,GW22K-HCA-20,22.0,2026-05-06T18:41,NBA1G29,Chevrolet,Bolt EUV,65.0,400
2026-05-06,00:58,3.11,301,B,Elena Souza,57.78,0.85,fora_ponta,49.11,GW22K-HCA-20,22.0,2026-05-06T00:58,LLT4Z05,BYD,Seal,82.5,520
2026-05-06,23:06,2.23,401,B,Gabriela Lima,21.65,0.85,fora_ponta,18.4,GW11K-HCA-20,11.0,2026-05-06T23:06,GWC0V29,Caoa Chery,iCar,31.0,250
2026-05-07,01:45,3.44,101,A,Ana Silva,19.18,0.85,fora_ponta,16.3,GW7K-HCA-20,7.0,2026-05-07T01:45,UDA4H28,BYD,Dolphin Mini,38.0,280
2026-05-07,20:24,1.91,102,A,Bruno Costa,32.58,1.27,ponta,41.38,GW22K-HCA-20,22.0,2026-05-07T20:24,NBA1G29,Chevrolet,Bolt EUV,65.0,400
2026-05-07,20:04,1.53,102,A,Bruno Costa,27.62,1.27,ponta,35.08,GW22K-HCA-20,22.0,2026-05-07T20:04,EXD8C75,Tesla,Model 3 RWD,60.0,450
2026-05-07,14:05,3.55,201,A,Carla Mendes,28.59,0.85,fora_ponta,24.3,GW11K-HCA-20,11.0,2026-05-07T14:05,UWR6H57,GWM,Ora 03 Skin,48.0,310
2026-05-07,18:38,3.23,202,A,Daniel Oliveira,25.57,1.27,ponta,32.47,GW11K-HCA-20,11.0,2026-05-07T18:38,WNK4E27,Nissan,Leaf,40.0,270
2026-05-07,22:42,2.67,301,B,Elena Souza,53.3,0.85,fora_ponta,45.3,GW22K-HCA-20,22.0,2026-05-07T22:42,LLT4Z05,BYD,Seal,82.5,520
2026-05-07,00:23,1.33,402,B,Henrique Rocha,13.32,0.85,fora_ponta,11.32,GW11K-HCA-20,11.0,2026-05-07T00:23,IOU5F47,JAC,e-JS1,30.2,300
2026-05-08,01:08,2.57,101,A,Ana Silva,13.75,0.85,fora_ponta,11.69,GW7K-HCA-20,7.0,2026-05-08T01:08,UDA4H28,BYD,Dolphin Mini,38.0,280
2026-05-08,20:56,2.57,102,A,Bruno Costa,41.21,1.27,ponta,52.34,GW22K-HCA-20,22.0,2026-05-08T20:56,EXD8C75,Tesla,Model 3 RWD,60.0,450
2026-05-08,16:02,2.6,201,A,Carla Mendes,24.32,0.85,fora_ponta,20.67,GW11K-HCA-20,11.0,2026-05-08T16:02,UWR6H57,GWM,Ora 03 Skin,48.0,310
2026-05-08,20:14,2.61,202,A,Daniel Oliveira,22.05,1.27,ponta,28.0,GW11K-HCA-20,11.0,2026-05-08T20:14,WNK4E27,Nissan,Leaf,40.0,270
2026-05-08,23:43,3.16,301,B,Elena Souza,63.65,0.85,fora_ponta,54.1,GW22K-HCA-20,22.0,2026-05-08T23:43,LLT4Z05,BYD,Seal,82.5,520
2026-05-08,21:52,1.31,401,B,Gabriela Lima,12.01,1.02,intermediaria,12.25,GW11K-HCA-20,11.0,2026-05-08T21:52,GWC0V29,Caoa Chery,iCar,31.0,250
2026-05-09,23:45,4.35,101,A,Ana Silva,27.04,0.85,fora_ponta,22.98,GW7K-HCA-20,7.0,2026-05-09T23:45,UDA4H28,BYD,Dolphin Mini,38.0,280
2026-05-09,21:57,1.86,102,A,Bruno Costa,36.17,0.85,fora_ponta,30.74,GW22K-HCA-20,22.0,2026-05-09T21:57,NBA1G29,Chevrolet,Bolt EUV,65.0,400
2026-05-09,14:59,1.88,201,A,Carla Mendes,14.71,0.85,fora_ponta,12.5,GW11K-HCA-20,11.0,2026-05-09T14:59,UWR6H57,GWM,Ora 03 Skin,48.0,310
2026-05-09,19:14,1.19,202,A,Daniel Oliveira,11.86,0.85,fora_ponta,10.08,GW11K-HCA-20,11.0,2026-05-09T19:14,WNK4E27,Nissan,Leaf,40.0,270
2026-05-09,02:48,2.21,402,B,Henrique Rocha,19.42,0.85,fora_ponta,16.51,GW11K-HCA-20,11.0,2026-05-09T02:48,IOU5F47,JAC,e-JS1,30.2,300
2026-05-10,01:53,2.15,101,A,Ana Silva,13.65,0.85,fora_ponta,11.6,GW7K-HCA-20,7.0,2026-05-10T01:53,UDA4H28,BYD,Dolphin Mini,38.0,280
2026-05-10,19:19,1.39,102,A,Bruno Costa,23.0,0.85,fora_ponta,19.55,GW22K-HCA-20,22.0,2026-05-10T19:19,NBA1G29,Chevrolet,Bolt EUV,65.0,400
2026-05-10,21:34,1.3,202,A,Daniel Oliveira,11.63,0.85,fora_ponta,9.89,GW11K-HCA-20,11.0,2026-05-10T21:34,WNK4E27,Nissan,Leaf,40.0,270
2026-05-10,21:39,1.56,301,B,Elena Souza,28.31,0.85,fora_ponta,24.06,GW22K-HCA-20,22.0,2026-05-10T21:39,XOR1M10,BYD,Yuan Plus,60.5,430
2026-05-10,02:42,1.36,301,B,Elena Souza,27.3,0.85,fora_ponta,23.2,GW22K-HCA-20,22.0,2026-05-10T02:42,LLT4Z05,BYD,Seal,82.5,520
2026-05-10,05:55,1.85,302,B,Felipe Santos,10.86,0.85,fora_ponta,9.23,GW7K-HCA-20,7.0,2026-05-10T05:55,RJU9L73,Renault,Kwid E-Tech,26.8,185
2026-05-10,05:15,2.15,402,B,Henrique Rocha,19.85,0.85,fora_ponta,16.87,GW11K-HCA-20,11.0,2026-05-10T05:15,IOU5F47,JAC,e-JS1,30.2,300
2026-05-11,00:02,3.24,101,A,Ana Silva,17.56,0.85,fora_ponta,14.93,GW7K-HCA-20,7.0,2026-05-11T00:02,UDA4H28,BYD,Dolphin Mini,38.0,280
2026-05-11,21:40,1.56,102,A,Bruno Costa,25.06,1.02,intermediaria,25.56,GW22K-HCA-20,22.0,2026-05-11T21:40,NBA1G29,Chevrolet,Bolt EUV,65.0,400
2026-05-11,21:20,3.53,301,B,Elena Souza,63.19,1.02,intermediaria,64.45,GW22K-HCA-20,22.0,2026-05-11T21:20,LLT4Z05,BYD,Seal,82.5,520
2026-05-11,23:02,2.5,301,B,Elena Souza,40.75,0.85,fora_ponta,34.64,GW22K-HCA-20,22.0,2026-05-11T23:02,XOR1M10,BYD,Yuan Plus,60.5,430
2026-05-12,04:56,3.31,101,A,Ana Silva,18.48,0.85,fora_ponta,15.71,GW7K-HCA-20,7.0,2026-05-12T04:56,UDA4H28,BYD,Dolphin Mini,38.0,280
2026-05-12,14:59,4.09,201,A,Carla Mendes,34.15,0.85,fora_ponta,29.03,GW11K-HCA-20,11.0,2026-05-12T14:59,UWR6H57,GWM,Ora 03 Skin,48.0,310
2026-05-12,21:52,1.78,202,A,Daniel Oliveira,14.94,1.02,intermediaria,15.24,GW11K-HCA-20,11.0,2026-05-12T21:52,WNK4E27,Nissan,Leaf,40.0,270
2026-05-12,23:28,2.07,301,B,Elena Souza,36.1,0.85,fora_ponta,30.68,GW22K-HCA-20,22.0,2026-05-12T23:28,XOR1M10,BYD,Yuan Plus,60.5,430
2026-05-12,23:17,1.98,401,B,Gabriela Lima,19.0,0.85,fora_ponta,16.15,GW11K-HCA-20,11.0,2026-05-12T23:17,GWC0V29,Caoa Chery,iCar,31.0,250
2026-05-12,05:32,2.24,402,B,Henrique Rocha,20.91,0.85,fora_ponta,17.77,GW11K-HCA-20,11.0,2026-05-12T05:32,IOU5F47,JAC,e-JS1,30.2,300
2026-05-13,18:08,1.11,102,A,Bruno Costa,21.21,1.27,ponta,26.94,GW22K-HCA-20,22.0,2026-05-13T18:08,NBA1G29,Chevrolet,Bolt EUV,65.0,400
2026-05-13,11:43,2.96,201,A,Carla Mendes,25.44,0.85,fora_ponta,21.62,GW11K-HCA-20,11.0,2026-05-13T11:43,UWR6H57,GWM,Ora 03 Skin,48.0,310
2026-05-13,00:20,2.26,301,B,Elena Souza,37.58,0.85,fora_ponta,31.94,GW22K-HCA-20,22.0,2026-05-13T00:20,XOR1M10,BYD,Yuan Plus,60.5,430
2026-05-13,21:47,1.77,301,B,Elena Souza,31.61,1.02,intermediaria,32.24,GW22K-HCA-20,22.0,2026-05-13T21:47,LLT4Z05,BYD,Seal,82.5,520
2026-05-13,21:39,1.35,401,B,Gabriela Lima,13.4,1.02,intermediaria,13.67,GW11K-HCA-20,11.0,2026-05-13T21:39,GWC0V29,Caoa Chery,iCar,31.0,250
2026-05-13,07:11,2.55,402,B,Henrique Rocha,22.42,0.85,fora_ponta,19.06,GW11K-HCA-20,11.0,2026-05-13T07:11,IOU5F47,JAC,e-JS1,30.2,300
2026-05-14,03:45,2.1,101,A,Ana Silva,12.04,0.85,fora_ponta,10.23,GW7K-HCA-20,7.0,2026-05-14T03:45,UDA4H28,BYD,Dolphin Mini,38.0,280
2026-05-14,20:32,1.22,102,A,Bruno Costa,24.51,1.27,ponta,31.13,GW22K-HCA-20,22.0,2026-05-14T20:32,EXD8C75,Tesla,Model 3 RWD,60.0,450
2026-05-14,21:36,1.94,202,A,Daniel Oliveira,18.75,1.02,intermediaria,19.12,GW11K-HCA-20,11.0,2026-05-14T21:36,WNK4E27,Nissan,Leaf,40.0,270
2026-05-14,21:19,2.15,301,B,Elena Souza,40.62,1.02,intermediaria,41.43,GW22K-HCA-20,22.0,2026-05-14T21:19,LLT4Z05,BYD,Seal,82.5,520
2026-05-14,21:20,2.17,401,B,Gabriela Lima,19.07,1.02,intermediaria,19.45,GW11K-HCA-20,11.0,2026-05-14T21:20,GWC0V29,Caoa Chery,iCar,31.0,250
2026-05-14,02:27,1.67,402,B,Henrique Rocha,16.35,0.85,fora_ponta,13.9,GW11K-HCA-20,11.0,2026-05-14T02:27,IOU5F47,JAC,e-JS1,30.2,300
2026-05-15,00:10,2.84,101,A,Ana Silva,17.01,0.85,fora_ponta,14.46,GW7K-HCA-20,7.0,2026-05-15T00:10,UDA4H28,BYD,Dolphin Mini,38.0,280
2026-05-15,18:16,1.28,102,A,Bruno Costa,25.63,1.27,ponta,32.55,GW22K-HCA-20,22.0,2026-05-15T18:16,NBA1G29,Chevrolet,Bolt EUV,65.0,400
2026-05-15,11:37,4.7,201,A,Carla Mendes,37.91,0.85,fora_ponta,32.22,GW11K-HCA-20,11.0,2026-05-15T11:37,UWR6H57,GWM,Ora 03 Skin,48.0,310
2026-05-15,21:05,1.39,301,B,Elena Souza,25.68,1.02,intermediaria,26.19,GW22K-HCA-20,22.0,2026-05-15T21:05,LLT4Z05,BYD,Seal,82.5,520
2026-05-16,20:30,1.41,102,A,Bruno Costa,27.3,0.85,fora_ponta,23.2,GW22K-HCA-20,22.0,2026-05-16T20:30,NBA1G29,Chevrolet,Bolt EUV,65.0,400
2026-05-16,11:28,2.79,201,A,Carla Mendes,24.66,0.85,fora_ponta,20.96,GW11K-HCA-20,11.0,2026-05-16T11:28,UWR6H57,GWM,Ora 03 Skin,48.0,310
2026-05-16,19:25,1.62,202,A,Daniel Oliveira,13.95,0.85,fora_ponta,11.86,GW11K-HCA-20,11.0,2026-05-16T19:25,WNK4E27,Nissan,Leaf,40.0,270
2026-05-16,00:18,2.37,402,B,Henrique Rocha,23.17,0.85,fora_ponta,19.69,GW11K-HCA-20,11.0,2026-05-16T00:18,IOU5F47,JAC,e-JS1,30.2,300
2026-05-17,23:56,1.78,401,B,Gabriela Lima,13.8,0.85,fora_ponta,11.73,GW11K-HCA-20,11.0,2026-05-17T23:56,GWC0V29,Caoa Chery,iCar,31.0,250
2026-05-18,03:03,2.08,101,A,Ana Silva,11.78,0.85,fora_ponta,10.01,GW7K-HCA-20,7.0,2026-05-18T03:03,UDA4H28,BYD,Dolphin Mini,38.0,280
2026-05-18,20:34,1.21,102,A,Bruno Costa,19.31,1.27,ponta,24.52,GW22K-HCA-20,22.0,2026-05-18T20:34,NBA1G29,Chevrolet,Bolt EUV,65.0,400
2026-05-18,15:23,1.96,201,A,Carla Mendes,15.33,0.85,fora_ponta,13.03,GW11K-HCA-20,11.0,2026-05-18T15:23,UWR6H57,GWM,Ora 03 Skin,48.0,310
2026-05-18,01:28,2.46,301,B,Elena Souza,41.28,0.85,fora_ponta,35.09,GW22K-HCA-20,22.0,2026-05-18T01:28,XOR1M10,BYD,Yuan Plus,60.5,430
2026-05-18,05:50,2.63,402,B,Henrique Rocha,23.83,0.85,fora_ponta,20.26,GW11K-HCA-20,11.0,2026-05-18T05:50,IOU5F47,JAC,e-JS1,30.2,300
2026-05-19,22:02,1.93,101,A,Ana Silva,11.56,0.85,fora_ponta,9.83,GW7K-HCA-20,7.0,2026-05-19T22:02,UDA4H28,BYD,Dolphin Mini,38.0,280
2026-05-19,22:57,1.99,102,A,Bruno Costa,33.76,0.85,fora_ponta,28.7,GW22K-HCA-20,22.0,2026-05-19T22:57,EXD8C75,Tesla,Model 3 RWD,60.0,450
2026-05-19,21:21,2.41,202,A,Daniel Oliveira,21.57,1.02,intermediaria,22.0,GW11K-HCA-20,11.0,2026-05-19T21:21,WNK4E27,Nissan,Leaf,40.0,270
2026-05-19,21:23,1.74,301,B,Elena Souza,27.79,1.02,intermediaria,28.35,GW22K-HCA-20,22.0,2026-05-19T21:23,XOR1M10,BYD,Yuan Plus,60.5,430
2026-05-19,23:16,2.53,401,B,Gabriela Lima,24.28,0.85,fora_ponta,20.64,GW11K-HCA-20,11.0,2026-05-19T23:16,GWC0V29,Caoa Chery,iCar,31.0,250
2026-05-20,00:33,3.92,101,A,Ana Silva,22.95,0.85,fora_ponta,19.51,GW7K-HCA-20,7.0,2026-05-20T00:33,UDA4H28,BYD,Dolphin Mini,38.0,280
2026-05-20,18:36,2.97,102,A,Bruno Costa,47.39,1.27,ponta,60.19,GW22K-HCA-20,22.0,2026-05-20T18:36,EXD8C75,Tesla,Model 3 RWD,60.0,450
2026-05-20,21:20,1.92,102,A,Bruno Costa,33.32,1.02,intermediaria,33.99,GW22K-HCA-20,22.0,2026-05-20T21:20,NBA1G29,Chevrolet,Bolt EUV,65.0,400
2026-05-20,09:45,2.16,201,A,Carla Mendes,17.72,0.85,fora_ponta,15.06,GW11K-HCA-20,11.0,2026-05-20T09:45,UWR6H57,GWM,Ora 03 Skin,48.0,310
2026-05-20,19:11,2.29,202,A,Daniel Oliveira,20.61,1.27,ponta,26.17,GW11K-HCA-20,11.0,2026-05-20T19:11,WNK4E27,Nissan,Leaf,40.0,270
2026-05-20,01:30,1.42,301,B,Elena Souza,23.48,0.85,fora_ponta,19.96,GW22K-HCA-20,22.0,2026-05-20T01:30,XOR1M10,BYD,Yuan Plus,60.5,430
2026-05-20,22:45,1.3,401,B,Gabriela Lima,12.21,0.85,fora_ponta,10.38,GW11K-HCA-20,11.0,2026-05-20T22:45,GWC0V29,Caoa Chery,iCar,31.0,250
2026-05-20,04:07,1.94,402,B,Henrique Rocha,17.48,0.85,fora_ponta,14.86,GW11K-HCA-20,11.0,2026-05-20T04:07,IOU5F47,JAC,e-JS1,30.2,300
2026-05-21,20:02,1.41,102,A,Bruno Costa,26.66,1.27,ponta,33.86,GW22K-HCA-20,22.0,2026-05-21T20:02,EXD8C75,Tesla,Model 3 RWD,60.0,450
2026-05-21,16:13,2.15,201,A,Carla Mendes,19.37,0.85,fora_ponta,16.46,GW11K-HCA-20,11.0,2026-05-21T16:13,UWR6H57,GWM,Ora 03 Skin,48.0,310
2026-05-21,22:03,2.91,301,B,Elena Souza,52.37,0.85,fora_ponta,44.51,GW22K-HCA-20,22.0,2026-05-21T22:03,LLT4Z05,BYD,Seal,82.5,520
2026-05-21,21:06,1.61,301,B,Elena Souza,30.39,1.02,intermediaria,31.0,GW22K-HCA-20,22.0,2026-05-21T21:06,XOR1M10,BYD,Yuan Plus,60.5,430
2026-05-21,01:26,1.99,302,B,Felipe Santos,12.47,0.85,fora_ponta,10.6,GW7K-HCA-20,7.0,2026-05-21T01:26,RJU9L73,Renault,Kwid E-Tech,26.8,185
2026-05-21,22:18,1.94,401,B,Gabriela Lima,19.19,0.85,fora_ponta,16.31,GW11K-HCA-20,11.0,2026-05-21T22:18,GWC0V29,Caoa Chery,iCar,31.0,250
2026-05-21,02:26,2.74,402,B,Henrique Rocha,22.25,0.85,fora_ponta,18.91,GW11K-HCA-20,11.0,2026-05-21T02:26,IOU5F47,JAC,e-JS1,30.2,300
2026-05-22,09:00,2.38,201,A,Carla Mendes,21.84,0.85,fora_ponta,18.56,GW11K-HCA-20,11.0,2026-05-22T09:00,UWR6H57,GWM,Ora 03 Skin,48.0,310
2026-05-22,22:54,1.99,301,B,Elena Souza,33.25,0.85,fora_ponta,28.26,GW22K-HCA-20,22.0,2026-05-22T22:54,XOR1M10,BYD,Yuan Plus,60.5,430
2026-05-22,21:00,2.15,401,B,Gabriela Lima,20.65,1.02,intermediaria,21.06,GW11K-HCA-20,11.0,2026-05-22T21:00,GWC0V29,Caoa Chery,iCar,31.0,250
2026-05-22,06:52,1.79,402,B,Henrique Rocha,15.24,0.85,fora_ponta,12.95,GW11K-HCA-20,11.0,2026-05-22T06:52,IOU5F47,JAC,e-JS1,30.2,300
2026-05-23,20:59,1.66,102,A,Bruno Costa,27.58,0.85,fora_ponta,23.44,GW22K-HCA-20,22.0,2026-05-23T20:59,NBA1G29,Chevrolet,Bolt EUV,65.0,400
2026-05-23,13:37,4.23,201,A,Carla Mendes,32.68,0.85,fora_ponta,27.78,GW11K-HCA-20,11.0,2026-05-23T13:37,UWR6H57,GWM,Ora 03 Skin,48.0,310
2026-05-23,17:29,2.02,202,A,Daniel Oliveira,17.53,0.85,fora_ponta,14.9,GW11K-HCA-20,11.0,2026-05-23T17:29,WNK4E27,Nissan,Leaf,40.0,270
2026-05-23,02:07,1.88,301,B,Elena Souza,37.48,0.85,fora_ponta,31.86,GW22K-HCA-20,22.0,2026-05-23T02:07,XOR1M10,BYD,Yuan Plus,60.5,430
2026-05-23,21:29,2.27,401,B,Gabriela Lima,20.84,0.85,fora_ponta,17.71,GW11K-HCA-20,11.0,2026-05-23T21:29,GWC0V29,Caoa Chery,iCar,31.0,250
2026-05-23,03:48,1.31,402,B,Henrique Rocha,12.47,0.85,fora_ponta,10.6,GW11K-HCA-20,11.0,2026-05-23T03:48,IOU5F47,JAC,e-JS1,30.2,300
2026-05-24,18:58,2.45,102,A,Bruno Costa,38.41,0.85,fora_ponta,32.65,GW22K-HCA-20,22.0,2026-05-24T18:58,NBA1G29,Chevrolet,Bolt EUV,65.0,400
2026-05-24,18:20,3.26,202,A,Daniel Oliveira,28.61,0.85,fora_ponta,24.32,GW11K-HCA-20,11.0,2026-05-24T18:20,WNK4E27,Nissan,Leaf,40.0,270
2026-05-25,04:29,3.77,101,A,Ana Silva,21.73,0.85,fora_ponta,18.47,GW7K-HCA-20,7.0,2026-05-25T04:29,UDA4H28,BYD,Dolphin Mini,38.0,280
2026-05-25,21:16,2.29,102,A,Bruno Costa,43.45,1.02,intermediaria,44.32,GW22K-HCA-20,22.0,2026-05-25T21:16,EXD8C75,Tesla,Model 3 RWD,60.0,450
2026-05-25,18:27,1.97,102,A,Bruno Costa,30.93,1.27,ponta,39.28,GW22K-HCA-20,22.0,2026-05-25T18:27,NBA1G29,Chevrolet,Bolt EUV,65.0,400
2026-05-25,23:26,1.97,301,B,Elena Souza,31.59,0.85,fora_ponta,26.85,GW22K-HCA-20,22.0,2026-05-25T23:26,LLT4Z05,BYD,Seal,82.5,520
2026-05-26,04:24,1.94,101,A,Ana Silva,12.38,0.85,fora_ponta,10.52,GW7K-HCA-20,7.0,2026-05-26T04:24,UDA4H28,BYD,Dolphin Mini,38.0,280
2026-05-26,18:11,3.07,102,A,Bruno Costa,53.15,1.27,ponta,67.5,GW22K-HCA-20,22.0,2026-05-26T18:11,NBA1G29,Chevrolet,Bolt EUV,65.0,400
2026-05-26,19:53,1.15,102,A,Bruno Costa,17.8,1.27,ponta,22.61,GW22K-HCA-20,22.0,2026-05-26T19:53,EXD8C75,Tesla,Model 3 RWD,60.0,450
2026-05-26,15:52,2.29,201,A,Carla Mendes,20.18,0.85,fora_ponta,17.15,GW11K-HCA-20,11.0,2026-05-26T15:52,UWR6H57,GWM,Ora 03 Skin,48.0,310
2026-05-26,17:51,2.69,202,A,Daniel Oliveira,24.69,1.02,intermediaria,25.18,GW11K-HCA-20,11.0,2026-05-26T17:51,WNK4E27,Nissan,Leaf,40.0,270
2026-05-26,23:38,2.0,401,B,Gabriela Lima,19.66,0.85,fora_ponta,16.71,GW11K-HCA-20,11.0,2026-05-26T23:38,GWC0V29,Caoa Chery,iCar,31.0,250
2026-05-26,03:34,1.23,402,B,Henrique Rocha,12.01,0.85,fora_ponta,10.21,GW11K-HCA-20,11.0,2026-05-26T03:34,IOU5F47,JAC,e-JS1,30.2,300
2026-05-27,01:52,4.94,101,A,Ana Silva,28.56,0.85,fora_ponta,24.28,GW7K-HCA-20,7.0,2026-05-27T01:52,UDA4H28,BYD,Dolphin Mini,38.0,280
2026-05-27,19:19,2.44,102,A,Bruno Costa,49.21,1.27,ponta,62.5,GW22K-HCA-20,22.0,2026-05-27T19:19,NBA1G29,Chevrolet,Bolt EUV,65.0,400
2026-05-27,09:35,3.93,201,A,Carla Mendes,38.6,0.85,fora_ponta,32.81,GW11K-HCA-20,11.0,2026-05-27T09:35,UWR6H57,GWM,Ora 03 Skin,48.0,310
2026-05-27,21:22,2.52,301,B,Elena Souza,47.06,1.02,intermediaria,48.0,GW22K-HCA-20,22.0,2026-05-27T21:22,XOR1M10,BYD,Yuan Plus,60.5,430
2026-05-27,22:24,1.32,401,B,Gabriela Lima,11.88,0.85,fora_ponta,10.1,GW11K-HCA-20,11.0,2026-05-27T22:24,GWC0V29,Caoa Chery,iCar,31.0,250
2026-05-27,07:58,1.1,402,B,Henrique Rocha,9.55,0.85,fora_ponta,8.12,GW11K-HCA-20,11.0,2026-05-27T07:58,IOU5F47,JAC,e-JS1,30.2,300
2026-05-28,01:16,2.51,101,A,Ana Silva,14.77,0.85,fora_ponta,12.55,GW7K-HCA-20,7.0,2026-05-28T01:16,UDA4H28,BYD,Dolphin Mini,38.0,280
2026-05-28,22:46,2.81,102,A,Bruno Costa,43.98,0.85,fora_ponta,37.38,GW22K-HCA-20,22.0,2026-05-28T22:46,EXD8C75,Tesla,Model 3 RWD,60.0,450
2026-05-28,10:12,3.83,201,A,Carla Mendes,34.96,0.85,fora_ponta,29.72,GW11K-HCA-20,11.0,2026-05-28T10:12,UWR6H57,GWM,Ora 03 Skin,48.0,310
2026-05-28,23:58,0.9,301,B,Elena Souza,18.04,0.85,fora_ponta,15.33,GW22K-HCA-20,22.0,2026-05-28T23:58,XOR1M10,BYD,Yuan Plus,60.5,430
2026-05-28,02:48,2.68,301,B,Elena Souza,44.43,0.85,fora_ponta,37.77,GW22K-HCA-20,22.0,2026-05-28T02:48,LLT4Z05,BYD,Seal,82.5,520
2026-05-28,22:24,1.77,401,B,Gabriela Lima,16.39,0.85,fora_ponta,13.93,GW11K-HCA-20,11.0,2026-05-28T22:24,GWC0V29,Caoa Chery,iCar,31.0,250
2026-05-28,07:06,2.23,402,B,Henrique Rocha,21.08,0.85,fora_ponta,17.92,GW11K-HCA-20,11.0,2026-05-28T07:06,IOU5F47,JAC,e-JS1,30.2,300
2026-05-29,03:20,3.27,101,A,Ana Silva,18.85,0.85,fora_ponta,16.02,GW7K-HCA-20,7.0,2026-05-29T03:20,UDA4H28,BYD,Dolphin Mini,38.0,280
2026-05-29,22:59,2.08,102,A,Bruno Costa,39.27,0.85,fora_ponta,33.38,GW22K-HCA-20,22.0,2026-05-29T22:59,NBA1G29,Chevrolet,Bolt EUV,65.0,400
2026-05-29,19:12,1.64,102,A,Bruno Costa,28.19,1.27,ponta,35.8,GW22K-HCA-20,22.0,2026-05-29T19:12,EXD8C75,Tesla,Model 3 RWD,60.0,450
2026-05-29,00:46,2.12,301,B,Elena Souza,37.71,0.85,fora_ponta,32.05,GW22K-HCA-20,22.0,2026-05-29T00:46,XOR1M10,BYD,Yuan Plus,60.5,430
2026-05-29,01:46,2.22,302,B,Felipe Santos,11.53,0.85,fora_ponta,9.8,GW7K-HCA-20,7.0,2026-05-29T01:46,RJU9L73,Renault,Kwid E-Tech,26.8,185
2026-05-30,18:48,1.12,102,A,Bruno Costa,17.96,0.85,fora_ponta,15.27,GW22K-HCA-20,22.0,2026-05-30T18:48,EXD8C75,Tesla,Model 3 RWD,60.0,450
2026-05-30,21:29,2.06,202,A,Daniel Oliveira,18.9,0.85,fora_ponta,16.06,GW11K-HCA-20,11.0,2026-05-30T21:29,WNK4E27,Nissan,Leaf,40.0,270
2026-05-30,00:01,2.02,402,B,Henrique Rocha,16.87,0.85,fora_ponta,14.34,GW11K-HCA-20,11.0,2026-05-30T00:01,IOU5F47,JAC,e-JS1,30.2,300
2026-05-31,19:06,2.83,102,A,Bruno Costa,50.83,0.85,fora_ponta,43.21,GW22K-HCA-20,22.0,2026-05-31T19:06,NBA1G29,Chevrolet,Bolt EUV,65.0,400
2026-05-31,14:17,4.41,201,A,Carla Mendes,34.83,0.85,fora_ponta,29.61,GW11K-HCA-20,11.0,2026-05-31T14:17,UWR6H57,GWM,Ora 03 Skin,48.0,310
2026-05-31,23:43,3.77,301,B,Elena Souza,59.47,0.85,fora_ponta,50.55,GW22K-HCA-20,22.0,2026-05-31T23:43,LLT4Z05,BYD,Seal,82.5,520
2026-05-31,07:03,1.97,402,B,Henrique Rocha,18.54,0.85,fora_ponta,15.76,GW11K-HCA-20,11.0,2026-05-31T07:03,IOU5F47,JAC,e-JS1,30.2,300
2026-06-01,23:57,4.67,101,A,Ana Silva,23.19,0.85,fora_ponta,19.71,GW7K-HCA-20,7.0,2026-06-01T23:57,UDA4H28,BYD,Dolphin Mini,38.0,280
2026-06-01,20:02,3.0,102,A,Bruno Costa,56.19,1.27,ponta,71.36,GW22K-HCA-20,22.0,2026-06-01T20:02,NBA1G29,Chevrolet,Bolt EUV,65.0,400
2026-06-01,11:59,5.16,201,A,Carla Mendes,39.92,0.85,fora_ponta,33.93,GW11K-HCA-20,11.0,2026-06-01T11:59,UWR6H57,GWM,Ora 03 Skin,48.0,310
2026-06-01,17:19,1.94,202,A,Daniel Oliveira,16.1,1.02,intermediaria,16.42,GW11K-HCA-20,11.0,2026-06-01T17:19,WNK4E27,Nissan,Leaf,40.0,270
2026-06-01,00:48,2.34,301,B,Elena Souza,44.95,0.85,fora_ponta,38.21,GW22K-HCA-20,22.0,2026-06-01T00:48,XOR1M10,BYD,Yuan Plus,60.5,430
2026-06-01,20:06,1.8,401,B,Gabriela Lima,17.56,1.27,ponta,22.3,GW11K-HCA-20,11.0,2026-06-01T20:06,GWC0V29,Caoa Chery,iCar,31.0,250
2026-06-01,05:01,2.12,402,B,Henrique Rocha,20.35,0.85,fora_ponta,17.3,GW11K-HCA-20,11.0,2026-06-01T05:01,IOU5F47,JAC,e-JS1,30.2,300
2026-06-02,04:11,4.47,101,A,Ana Silva,26.43,0.85,fora_ponta,22.47,GW7K-HCA-20,7.0,2026-06-02T04:11,UDA4H28,BYD,Dolphin Mini,38.0,280
2026-06-02,18:05,1.68,102,A,Bruno Costa,28.96,1.27,ponta,36.78,GW22K-HCA-20,22.0,2026-06-02T18:05,EXD8C75,Tesla,Model 3 RWD,60.0,450
2026-06-02,17:05,1.49,202,A,Daniel Oliveira,12.6,1.02,intermediaria,12.85,GW11K-HCA-20,11.0,2026-06-02T17:05,WNK4E27,Nissan,Leaf,40.0,270
2026-06-02,21:11,2.58,301,B,Elena Souza,46.76,1.02,intermediaria,47.7,GW22K-HCA-20,22.0,2026-06-02T21:11,LLT4Z05,BYD,Seal,82.5,520
2026-06-02,22:55,1.98,401,B,Gabriela Lima,16.65,0.85,fora_ponta,14.15,GW11K-HCA-20,11.0,2026-06-02T22:55,GWC0V29,Caoa Chery,iCar,31.0,250
2026-06-02,02:43,2.0,402,B,Henrique Rocha,16.04,0.85,fora_ponta,13.63,GW11K-HCA-20,11.0,2026-06-02T02:43,IOU5F47,JAC,e-JS1,30.2,300
2026-06-03,00:27,3.33,101,A,Ana Silva,17.83,0.85,fora_ponta,15.16,GW7K-HCA-20,7.0,2026-06-03T00:27,UDA4H28,BYD,Dolphin Mini,38.0,280
2026-06-03,21:38,2.34,102,A,Bruno Costa,41.2,1.02,intermediaria,42.02,GW22K-HCA-20,22.0,2026-06-03T21:38,EXD8C75,Tesla,Model 3 RWD,60.0,450
2026-06-03,14:53,3.47,201,A,Carla Mendes,33.48,0.85,fora_ponta,28.46,GW11K-HCA-20,11.0,2026-06-03T14:53,UWR6H57,GWM,Ora 03 Skin,48.0,310
2026-06-03,19:20,2.76,202,A,Daniel Oliveira,25.94,1.27,ponta,32.94,GW11K-HCA-20,11.0,2026-06-03T19:20,WNK4E27,Nissan,Leaf,40.0,270
2026-06-03,23:18,2.43,301,B,Elena Souza,44.84,0.85,fora_ponta,38.11,GW22K-HCA-20,22.0,2026-06-03T23:18,XOR1M10,BYD,Yuan Plus,60.5,430
2026-06-03,23:24,2.07,301,B,Elena Souza,39.68,0.85,fora_ponta,33.73,GW22K-HCA-20,22.0,2026-06-03T23:24,LLT4Z05,BYD,Seal,82.5,520
2026-06-03,00:46,1.85,402,B,Henrique Rocha,17.43,0.85,fora_ponta,14.82,GW11K-HCA-20,11.0,2026-06-03T00:46,IOU5F47,JAC,e-JS1,30.2,300
2026-06-04,04:43,3.85,101,A,Ana Silva,22.6,0.85,fora_ponta,19.21,GW7K-HCA-20,7.0,2026-06-04T04:43,UDA4H28,BYD,Dolphin Mini,38.0,280
2026-06-04,21:04,2.09,102,A,Bruno Costa,38.31,1.02,intermediaria,39.08,GW22K-HCA-20,22.0,2026-06-04T21:04,NBA1G29,Chevrolet,Bolt EUV,65.0,400
2026-06-04,20:06,2.52,401,B,Gabriela Lima,23.44,1.27,ponta,29.77,GW11K-HCA-20,11.0,2026-06-04T20:06,GWC0V29,Caoa Chery,iCar,31.0,250
2026-06-04,06:48,1.58,402,B,Henrique Rocha,15.22,0.85,fora_ponta,12.94,GW11K-HCA-20,11.0,2026-06-04T06:48,IOU5F47,JAC,e-JS1,30.2,300
2026-06-05,01:28,3.55,101,A,Ana Silva,19.93,0.85,fora_ponta,16.94,GW7K-HCA-20,7.0,2026-06-05T01:28,UDA4H28,BYD,Dolphin Mini,38.0,280
2026-06-05,20:01,2.17,102,A,Bruno Costa,36.58,1.27,ponta,46.46,GW22K-HCA-20,22.0,2026-06-05T20:01,EXD8C75,Tesla,Model 3 RWD,60.0,450
2026-06-05,19:19,2.1,202,A,Daniel Oliveira,20.15,1.27,ponta,25.59,GW11K-HCA-20,11.0,2026-06-05T19:19,WNK4E27,Nissan,Leaf,40.0,270
2026-06-05,00:46,3.51,301,B,Elena Souza,59.42,0.85,fora_ponta,50.51,GW22K-HCA-20,22.0,2026-06-05T00:46,LLT4Z05,BYD,Seal,82.5,520
2026-06-05,02:59,3.18,402,B,Henrique Rocha,26.36,0.85,fora_ponta,22.41,GW11K-HCA-20,11.0,2026-06-05T02:59,IOU5F47,JAC,e-JS1,30.2,300
2026-06-06,05:14,4.94,101,A,Ana Silva,28.98,0.85,fora_ponta,24.63,GW7K-HCA-20,7.0,2026-06-06T05:14,UDA4H28,BYD,Dolphin Mini,38.0,280
2026-06-06,18:47,2.73,102,A,Bruno Costa,44.66,0.85,fora_ponta,37.96,GW22K-HCA-20,22.0,2026-06-06T18:47,NBA1G29,Chevrolet,Bolt EUV,65.0,400
2026-06-06,19:48,2.93,202,A,Daniel Oliveira,28.2,0.85,fora_ponta,23.97,GW11K-HCA-20,11.0,2026-06-06T19:48,WNK4E27,Nissan,Leaf,40.0,270
2026-06-06,04:42,2.71,402,B,Henrique Rocha,24.3,0.85,fora_ponta,20.66,GW11K-HCA-20,11.0,2026-06-06T04:42,IOU5F47,JAC,e-JS1,30.2,300
2026-06-07,20:22,2.69,102,A,Bruno Costa,49.39,0.85,fora_ponta,41.98,GW22K-HCA-20,22.0,2026-06-07T20:22,EXD8C75,Tesla,Model 3 RWD,60.0,450
2026-06-07,18:20,1.79,202,A,Daniel Oliveira,15.13,0.85,fora_ponta,12.86,GW11K-HCA-20,11.0,2026-06-07T18:20,WNK4E27,Nissan,Leaf,40.0,270
2026-06-07,00:38,1.4,301,B,Elena Souza,24.23,0.85,fora_ponta,20.6,GW22K-HCA-20,22.0,2026-06-07T00:38,XOR1M10,BYD,Yuan Plus,60.5,430
2026-06-08,05:18,2.78,101,A,Ana Silva,14.96,0.85,fora_ponta,12.72,GW7K-HCA-20,7.0,2026-06-08T05:18,UDA4H28,BYD,Dolphin Mini,38.0,280
2026-06-08,18:31,1.37,102,A,Bruno Costa,26.54,1.27,ponta,33.71,GW22K-HCA-20,22.0,2026-06-08T18:31,NBA1G29,Chevrolet,Bolt EUV,65.0,400
2026-06-08,21:43,2.18,102,A,Bruno Costa,41.0,1.02,intermediaria,41.82,GW22K-HCA-20,22.0,2026-06-08T21:43,QTA8G91,BMW,iX1,66.5,430
2026-06-08,12:18,2.05,201,A,Carla Mendes,16.91,0.85,fora_ponta,14.37,GW11K-HCA-20,11.0,2026-06-08T12:18,UWR6H57,GWM,Ora 03 Skin,48.0,310
2026-06-08,21:32,1.88,202,A,Daniel Oliveira,15.03,1.02,intermediaria,15.33,GW11K-HCA-20,11.0,2026-06-08T21:32,WNK4E27,Nissan,Leaf,40.0,270
2026-06-08,01:52,2.4,301,B,Elena Souza,45.74,0.85,fora_ponta,38.88,GW22K-HCA-20,22.0,2026-06-08T01:52,XOR1M10,BYD,Yuan Plus,60.5,430
2026-06-08,22:55,3.14,401,B,Gabriela Lima,27.56,0.85,fora_ponta,23.43,GW11K-HCA-20,11.0,2026-06-08T22:55,GWC0V29,Caoa Chery,iCar,31.0,250
2026-06-08,01:49,2.86,402,B,Henrique Rocha,23.45,0.85,fora_ponta,19.93,GW11K-HCA-20,11.0,2026-06-08T01:49,IOU5F47,JAC,e-JS1,30.2,300
2026-06-09,00:39,2.86,101,A,Ana Silva,14.94,0.85,fora_ponta,12.7,GW7K-HCA-20,7.0,2026-06-09T00:39,UDA4H28,BYD,Dolphin Mini,38.0,280
2026-06-09,22:17,2.72,102,A,Bruno Costa,44.12,0.85,fora_ponta,37.5,GW22K-HCA-20,22.0,2026-06-09T22:17,NBA1G29,Chevrolet,Bolt EUV,65.0,400
2026-06-09,20:36,1.65,102,A,Bruno Costa,32.28,1.27,ponta,41.0,GW22K-HCA-20,22.0,2026-06-09T20:36,QTA8G91,BMW,iX1,66.5,430
2026-06-09,21:17,3.1,301,B,Elena Souza,49.6,1.02,intermediaria,50.59,GW22K-HCA-20,22.0,2026-06-09T21:17,XOR1M10,BYD,Yuan Plus,60.5,430
2026-06-09,23:31,1.35,401,B,Gabriela Lima,12.42,0.85,fora_ponta,10.56,GW11K-HCA-20,11.0,2026-06-09T23:31,GWC0V29,Caoa Chery,iCar,31.0,250
2026-06-09,01:25,2.2,402,B,Henrique Rocha,18.4,0.85,fora_ponta,15.64,GW11K-HCA-20,11.0,2026-06-09T01:25,IOU5F47,JAC,e-JS1,30.2,300
2026-06-10,22:00,2.8,102,A,Bruno Costa,54.54,0.85,fora_ponta,46.36,GW22K-HCA-20,22.0,2026-06-10T22:00,NBA1G29,Chevrolet,Bolt EUV,65.0,400
2026-06-10,10:50,3.8,201,A,Carla Mendes,31.29,0.85,fora_ponta,26.6,GW11K-HCA-20,11.0,2026-06-10T10:50,UWR6H57,GWM,Ora 03 Skin,48.0,310
2026-06-10,23:35,2.18,301,B,Elena Souza,39.57,0.85,fora_ponta,33.63,GW22K-HCA-20,22.0,2026-06-10T23:35,XOR1M10,BYD,Yuan Plus,60.5,430
2026-06-10,20:06,2.16,401,B,Gabriela Lima,20.99,1.27,ponta,26.66,GW11K-HCA-20,11.0,2026-06-10T20:06,GWC0V29,Caoa Chery,iCar,31.0,250
2026-06-10,07:29,0.96,402,B,Henrique Rocha,9.59,0.85,fora_ponta,8.15,GW11K-HCA-20,11.0,2026-06-10T07:29,IOU5F47,JAC,e-JS1,30.2,300
2026-06-11,02:10,4.91,101,A,Ana Silva,30.67,0.85,fora_ponta,26.07,GW7K-HCA-20,7.0,2026-06-11T02:10,UDA4H28,BYD,Dolphin Mini,38.0,280
2026-06-11,20:42,3.19,102,A,Bruno Costa,51.62,1.27,ponta,65.56,GW22K-HCA-20,22.0,2026-06-11T20:42,EXD8C75,Tesla,Model 3 RWD,60.0,450
2026-06-11,15:41,2.35,201,A,Carla Mendes,18.64,0.85,fora_ponta,15.84,GW11K-HCA-20,11.0,2026-06-11T15:41,UWR6H57,GWM,Ora 03 Skin,48.0,310
2026-06-11,21:43,2.91,202,A,Daniel Oliveira,22.45,1.02,intermediaria,22.9,GW11K-HCA-20,11.0,2026-06-11T21:43,WNK4E27,Nissan,Leaf,40.0,270
2026-06-11,02:08,2.19,301,B,Elena Souza,36.11,0.85,fora_ponta,30.69,GW22K-HCA-20,22.0,2026-06-11T02:08,XOR1M10,BYD,Yuan Plus,60.5,430
2026-06-11,02:51,1.86,301,B,Elena Souza,31.43,0.85,fora_ponta,26.72,GW22K-HCA-20,22.0,2026-06-11T02:51,LLT4Z05,BYD,Seal,82.5,520
2026-06-11,21:04,2.5,401,B,Gabriela Lima,19.3,1.02,intermediaria,19.69,GW11K-HCA-20,11.0,2026-06-11T21:04,GWC0V29,Caoa Chery,iCar,31.0,250
2026-06-11,02:58,1.78,402,B,Henrique Rocha,16.63,0.85,fora_ponta,14.14,GW11K-HCA-20,11.0,2026-06-11T02:58,IOU5F47,JAC,e-JS1,30.2,300
2026-06-12,00:48,2.43,101,A,Ana Silva,14.61,0.85,fora_ponta,12.42,GW7K-HCA-20,7.0,2026-06-12T00:48,UDA4H28,BYD,Dolphin Mini,38.0,280
2026-06-12,19:17,2.56,102,A,Bruno Costa,42.52,1.27,ponta,54.0,GW22K-HCA-20,22.0,2026-06-12T19:17,EXD8C75,Tesla,Model 3 RWD,60.0,450
2026-06-12,02:56,2.28,301,B,Elena Souza,40.91,0.85,fora_ponta,34.77,GW22K-HCA-20,22.0,2026-06-12T02:56,LLT4Z05,BYD,Seal,82.5,520
2026-06-12,07:24,1.29,402,B,Henrique Rocha,11.52,0.85,fora_ponta,9.79,GW11K-HCA-20,11.0,2026-06-12T07:24,IOU5F47,JAC,e-JS1,30.2,300
2026-06-13,20:08,1.86,102,A,Bruno Costa,36.24,0.85,fora_ponta,30.8,GW22K-HCA-20,22.0,2026-06-13T20:08,NBA1G29,Chevrolet,Bolt EUV,65.0,400
2026-06-13,16:49,1.99,201,A,Carla Mendes,18.15,0.85,fora_ponta,15.43,GW11K-HCA-20,11.0,2026-06-13T16:49,UWR6H57,GWM,Ora 03 Skin,48.0,310
2026-06-13,20:32,2.01,202,A,Daniel Oliveira,18.92,0.85,fora_ponta,16.08,GW11K-HCA-20,11.0,2026-06-13T20:32,WNK4E27,Nissan,Leaf,40.0,270
2026-06-14,22:58,1.4,102,A,Bruno Costa,26.99,0.85,fora_ponta,22.94,GW22K-HCA-20,22.0,2026-06-14T22:58,EXD8C75,Tesla,Model 3 RWD,60.0,450
2026-06-14,21:37,2.41,102,A,Bruno Costa,46.81,0.85,fora_ponta,39.79,GW22K-HCA-20,22.0,2026-06-14T21:37,QTA8G91,BMW,iX1,66.5,430
2026-06-14,17:15,1.65,202,A,Daniel Oliveira,14.44,0.85,fora_ponta,12.27,GW11K-HCA-20,11.0,2026-06-14T17:15,WNK4E27,Nissan,Leaf,40.0,270
2026-06-14,02:47,2.61,301,B,Elena Souza,42.47,0.85,fora_ponta,36.1,GW22K-HCA-20,22.0,2026-06-14T02:47,XOR1M10,BYD,Yuan Plus,60.5,430
2026-06-14,01:31,2.92,302,B,Felipe Santos,16.64,0.85,fora_ponta,14.14,GW7K-HCA-20,7.0,2026-06-14T01:31,RJU9L73,Renault,Kwid E-Tech,26.8,185
2026-06-15,23:49,5.77,101,A,Ana Silva,31.25,0.85,fora_ponta,26.56,GW7K-HCA-20,7.0,2026-06-15T23:49,UDA4H28,BYD,Dolphin Mini,38.0,280
2026-06-15,22:40,1.39,102,A,Bruno Costa,24.43,0.85,fora_ponta,20.77,GW22K-HCA-20,22.0,2026-06-15T22:40,NBA1G29,Chevrolet,Bolt EUV,65.0,400
2026-06-15,14:10,2.95,201,A,Carla Mendes,23.43,0.85,fora_ponta,19.92,GW11K-HCA-20,11.0,2026-06-15T14:10,UWR6H57,GWM,Ora 03 Skin,48.0,310
2026-06-15,21:54,4.08,301,B,Elena Souza,67.69,1.02,intermediaria,69.04,GW22K-HCA-20,22.0,2026-06-15T21:54,LLT4Z05,BYD,Seal,82.5,520
2026-06-15,23:14,1.8,401,B,Gabriela Lima,15.64,0.85,fora_ponta,13.29,GW11K-HCA-20,11.0,2026-06-15T23:14,GWC0V29,Caoa Chery,iCar,31.0,250
2026-06-16,23:32,5.3,101,A,Ana Silva,26.41,0.85,fora_ponta,22.45,GW7K-HCA-20,7.0,2026-06-16T23:32,UDA4H28,BYD,Dolphin Mini,38.0,280
2026-06-16,21:04,2.6,102,A,Bruno Costa,50.91,1.02,intermediaria,51.93,GW22K-HCA-20,22.0,2026-06-16T21:04,EXD8C75,Tesla,Model 3 RWD,60.0,450
2026-06-16,17:23,1.88,202,A,Daniel Oliveira,17.01,1.02,intermediaria,17.35,GW11K-HCA-20,11.0,2026-06-16T17:23,WNK4E27,Nissan,Leaf,40.0,270
2026-06-16,23:37,2.64,301,B,Elena Souza,53.47,0.85,fora_ponta,45.45,GW22K-HCA-20,22.0,2026-06-16T23:37,XOR1M10,BYD,Yuan Plus,60.5,430
2026-06-16,00:59,2.01,402,B,Henrique Rocha,16.64,0.85,fora_ponta,14.14,GW11K-HCA-20,11.0,2026-06-16T00:59,IOU5F47,JAC,e-JS1,30.2,300
2026-06-17,03:00,5.16,101,A,Ana Silva,28.25,0.85,fora_ponta,24.01,GW7K-HCA-20,7.0,2026-06-17T03:00,UDA4H28,BYD,Dolphin Mini,38.0,280
2026-06-17,22:15,1.73,102,A,Bruno Costa,34.74,0.85,fora_ponta,29.53,GW22K-HCA-20,22.0,2026-06-17T22:15,EXD8C75,Tesla,Model 3 RWD,60.0,450
2026-06-17,20:05,1.4,102,A,Bruno Costa,23.2,1.27,ponta,29.46,GW22K-HCA-20,22.0,2026-06-17T20:05,NBA1G29,Chevrolet,Bolt EUV,65.0,400
2026-06-17,01:06,2.75,301,B,Elena Souza,50.75,0.85,fora_ponta,43.14,GW22K-HCA-20,22.0,2026-06-17T01:06,LLT4Z05,BYD,Seal,82.5,520
2026-06-17,21:18,1.72,401,B,Gabriela Lima,14.58,1.02,intermediaria,14.87,GW11K-HCA-20,11.0,2026-06-17T21:18,GWC0V29,Caoa Chery,iCar,31.0,250
2026-06-18,05:17,2.68,101,A,Ana Silva,17.0,0.85,fora_ponta,14.45,GW7K-HCA-20,7.0,2026-06-18T05:17,UDA4H28,BYD,Dolphin Mini,38.0,280
2026-06-18,19:06,1.46,102,A,Bruno Costa,25.71,1.27,ponta,32.65,GW22K-HCA-20,22.0,2026-06-18T19:06,EXD8C75,Tesla,Model 3 RWD,60.0,450
2026-06-18,16:19,3.02,201,A,Carla Mendes,29.51,0.85,fora_ponta,25.08,GW11K-HCA-20,11.0,2026-06-18T16:19,UWR6H57,GWM,Ora 03 Skin,48.0,310
2026-06-18,21:02,1.77,202,A,Daniel Oliveira,17.34,1.02,intermediaria,17.69,GW11K-HCA-20,11.0,2026-06-18T21:02,WNK4E27,Nissan,Leaf,40.0,270
2026-06-18,00:32,1.26,301,B,Elena Souza,21.28,0.85,fora_ponta,18.09,GW22K-HCA-20,22.0,2026-06-18T00:32,XOR1M10,BYD,Yuan Plus,60.5,430
2026-06-18,21:06,1.88,401,B,Gabriela Lima,18.16,1.02,intermediaria,18.52,GW11K-HCA-20,11.0,2026-06-18T21:06,GWC0V29,Caoa Chery,iCar,31.0,250
2026-06-18,02:12,2.76,402,B,Henrique Rocha,23.75,0.85,fora_ponta,20.19,GW11K-HCA-20,11.0,2026-06-18T02:12,IOU5F47,JAC,e-JS1,30.2,300
2026-06-19,23:01,6.41,101,A,Ana Silva,33.37,0.85,fora_ponta,28.36,GW7K-HCA-20,7.0,2026-06-19T23:01,UDA4H28,BYD,Dolphin Mini,38.0,280
2026-06-19,20:07,1.21,102,A,Bruno Costa,21.41,1.27,ponta,27.19,GW22K-HCA-20,22.0,2026-06-19T20:07,EXD8C75,Tesla,Model 3 RWD,60.0,450
2026-06-19,16:01,3.31,201,A,Carla Mendes,28.91,0.85,fora_ponta,24.57,GW11K-HCA-20,11.0,2026-06-19T16:01,SIZ0Y20,Volvo,EX30,51.0,340
2026-06-19,23:39,2.54,302,B,Felipe Santos,13.39,0.85,fora_ponta,11.38,GW7K-HCA-20,7.0,2026-06-19T23:39,RJU9L73,Renault,Kwid E-Tech,26.8,185
2026-06-19,20:05,1.86,401,B,Gabriela Lima,14.93,1.27,ponta,18.96,GW11K-HCA-20,11.0,2026-06-19T20:05,GWC0V29,Caoa Chery,iCar,31.0,250
2026-06-19,00:24,2.69,402,B,Henrique Rocha,23.05,0.85,fora_ponta,19.59,GW11K-HCA-20,11.0,2026-06-19T00:24,IOU5F47,JAC,e-JS1,30.2,300
2026-06-20,20:24,2.11,102,A,Bruno Costa,32.72,0.85,fora_ponta,27.81,GW22K-HCA-20,22.0,2026-06-20T20:24,QTA8G91,BMW,iX1,66.5,430
2026-06-20,17:51,3.87,202,A,Daniel Oliveira,34.72,0.85,fora_ponta,29.51,GW11K-HCA-20,11.0,2026-06-20T17:51,WNK4E27,Nissan,Leaf,40.0,270
2026-06-20,00:48,3.25,402,B,Henrique Rocha,26.74,0.85,fora_ponta,22.73,GW11K-HCA-20,11.0,2026-06-20T00:48,IOU5F47,JAC,e-JS1,30.2,300
2026-06-21,11:15,3.45,201,A,Carla Mendes,33.34,0.85,fora_ponta,28.34,GW11K-HCA-20,11.0,2026-06-21T11:15,UWR6H57,GWM,Ora 03 Skin,48.0,310
2026-06-21,19:36,2.78,202,A,Daniel Oliveira,25.15,0.85,fora_ponta,21.38,GW11K-HCA-20,11.0,2026-06-21T19:36,WNK4E27,Nissan,Leaf,40.0,270
2026-06-21,01:19,1.65,301,B,Elena Souza,25.75,0.85,fora_ponta,21.89,GW22K-HCA-20,22.0,2026-06-21T01:19,XOR1M10,BYD,Yuan Plus,60.5,430
2026-06-21,06:00,1.81,302,B,Felipe Santos,10.6,0.85,fora_ponta,9.01,GW7K-HCA-20,7.0,2026-06-21T06:00,RJU9L73,Renault,Kwid E-Tech,26.8,185
2026-06-21,00:01,1.29,402,B,Henrique Rocha,12.16,0.85,fora_ponta,10.34,GW11K-HCA-20,11.0,2026-06-21T00:01,IOU5F47,JAC,e-JS1,30.2,300
2026-06-22,23:23,4.58,101,A,Ana Silva,27.13,0.85,fora_ponta,23.06,GW7K-HCA-20,7.0,2026-06-22T23:23,UDA4H28,BYD,Dolphin Mini,38.0,280
2026-06-22,19:10,2.85,102,A,Bruno Costa,49.87,1.27,ponta,63.33,GW22K-HCA-20,22.0,2026-06-22T19:10,NBA1G29,Chevrolet,Bolt EUV,65.0,400
2026-06-22,22:42,2.48,301,B,Elena Souza,40.25,0.85,fora_ponta,34.21,GW22K-HCA-20,22.0,2026-06-22T22:42,XOR1M10,BYD,Yuan Plus,60.5,430
2026-06-22,00:11,2.01,402,B,Henrique Rocha,19.99,0.85,fora_ponta,16.99,GW11K-HCA-20,11.0,2026-06-22T00:11,IOU5F47,JAC,e-JS1,30.2,300
2026-06-23,19:21,3.05,102,A,Bruno Costa,50.41,1.27,ponta,64.02,GW22K-HCA-20,22.0,2026-06-23T19:21,NBA1G29,Chevrolet,Bolt EUV,65.0,400
2026-06-23,19:28,1.56,202,A,Daniel Oliveira,12.8,1.27,ponta,16.26,GW11K-HCA-20,11.0,2026-06-23T19:28,WNK4E27,Nissan,Leaf,40.0,270
2026-06-23,02:00,1.66,301,B,Elena Souza,29.07,0.85,fora_ponta,24.71,GW22K-HCA-20,22.0,2026-06-23T02:00,LLT4Z05,BYD,Seal,82.5,520
2026-06-23,22:34,1.72,401,B,Gabriela Lima,16.66,0.85,fora_ponta,14.16,GW11K-HCA-20,11.0,2026-06-23T22:34,GWC0V29,Caoa Chery,iCar,31.0,250
2026-06-24,00:28,2.19,101,A,Ana Silva,13.6,0.85,fora_ponta,11.56,GW7K-HCA-20,7.0,2026-06-24T00:28,UDA4H28,BYD,Dolphin Mini,38.0,280
2026-06-24,18:21,1.51,102,A,Bruno Costa,26.05,1.27,ponta,33.08,GW22K-HCA-20,22.0,2026-06-24T18:21,EXD8C75,Tesla,Model 3 RWD,60.0,450
2026-06-24,22:57,3.49,102,A,Bruno Costa,59.45,0.85,fora_ponta,50.53,GW22K-HCA-20,22.0,2026-06-24T22:57,NBA1G29,Chevrolet,Bolt EUV,65.0,400
2026-06-24,01:56,3.04,301,B,Elena Souza,47.56,0.85,fora_ponta,40.43,GW22K-HCA-20,22.0,2026-06-24T01:56,LLT4Z05,BYD,Seal,82.5,520
2026-06-24,04:19,1.76,402,B,Henrique Rocha,13.73,0.85,fora_ponta,11.67,GW11K-HCA-20,11.0,2026-06-24T04:19,IOU5F47,JAC,e-JS1,30.2,300
2026-06-25,22:23,2.41,101,A,Ana Silva,12.11,0.85,fora_ponta,10.29,GW7K-HCA-20,7.0,2026-06-25T22:23,UDA4H28,BYD,Dolphin Mini,38.0,280
2026-06-25,19:06,1.4,102,A,Bruno Costa,22.66,1.27,ponta,28.78,GW22K-HCA-20,22.0,2026-06-25T19:06,NBA1G29,Chevrolet,Bolt EUV,65.0,400
2026-06-25,13:50,3.13,201,A,Carla Mendes,27.82,0.85,fora_ponta,23.65,GW11K-HCA-20,11.0,2026-06-25T13:50,UWR6H57,GWM,Ora 03 Skin,48.0,310
2026-06-25,10:41,4.18,201,A,Carla Mendes,34.08,0.85,fora_ponta,28.97,GW11K-HCA-20,11.0,2026-06-25T10:41,SIZ0Y20,Volvo,EX30,51.0,340
2026-06-25,00:29,1.49,301,B,Elena Souza,28.9,0.85,fora_ponta,24.56,GW22K-HCA-20,22.0,2026-06-25T00:29,XOR1M10,BYD,Yuan Plus,60.5,430
2026-06-25,20:42,1.79,401,B,Gabriela Lima,16.11,1.27,ponta,20.46,GW11K-HCA-20,11.0,2026-06-25T20:42,GWC0V29,Caoa Chery,iCar,31.0,250
2026-06-26,04:34,4.22,101,A,Ana Silva,26.79,0.85,fora_ponta,22.77,GW7K-HCA-20,7.0,2026-06-26T04:34,UDA4H28,BYD,Dolphin Mini,38.0,280
2026-06-26,18:25,3.0,102,A,Bruno Costa,56.65,1.27,ponta,71.95,GW22K-HCA-20,22.0,2026-06-26T18:25,NBA1G29,Chevrolet,Bolt EUV,65.0,400
2026-06-26,18:48,1.8,102,A,Bruno Costa,36.07,1.27,ponta,45.81,GW22K-HCA-20,22.0,2026-06-26T18:48,EXD8C75,Tesla,Model 3 RWD,60.0,450
2026-06-26,11:02,2.83,201,A,Carla Mendes,28.6,0.85,fora_ponta,24.31,GW11K-HCA-20,11.0,2026-06-26T11:02,UWR6H57,GWM,Ora 03 Skin,48.0,310
2026-06-26,12:52,3.78,201,A,Carla Mendes,36.69,0.85,fora_ponta,31.19,GW11K-HCA-20,11.0,2026-06-26T12:52,SIZ0Y20,Volvo,EX30,51.0,340
2026-06-26,17:24,2.77,202,A,Daniel Oliveira,25.01,1.02,intermediaria,25.51,GW11K-HCA-20,11.0,2026-06-26T17:24,WNK4E27,Nissan,Leaf,40.0,270
2026-06-26,02:39,2.86,301,B,Elena Souza,54.96,0.85,fora_ponta,46.72,GW22K-HCA-20,22.0,2026-06-26T02:39,LLT4Z05,BYD,Seal,82.5,520
2026-06-26,00:36,2.45,302,B,Felipe Santos,14.95,0.85,fora_ponta,12.71,GW7K-HCA-20,7.0,2026-06-26T00:36,RJU9L73,Renault,Kwid E-Tech,26.8,185
2026-06-27,22:30,1.42,102,A,Bruno Costa,23.69,0.85,fora_ponta,20.14,GW22K-HCA-20,22.0,2026-06-27T22:30,QTA8G91,BMW,iX1,66.5,430
2026-06-27,09:25,5.27,201,A,Carla Mendes,44.84,0.85,fora_ponta,38.11,GW11K-HCA-20,11.0,2026-06-27T09:25,SIZ0Y20,Volvo,EX30,51.0,340
2026-06-27,19:01,2.09,202,A,Daniel Oliveira,20.12,0.85,fora_ponta,17.1,GW11K-HCA-20,11.0,2026-06-27T19:01,WNK4E27,Nissan,Leaf,40.0,270
2026-06-27,22:08,2.17,301,B,Elena Souza,41.24,0.85,fora_ponta,35.05,GW22K-HCA-20,22.0,2026-06-27T22:08,LLT4Z05,BYD,Seal,82.5,520
2026-06-27,21:28,1.42,401,B,Gabriela Lima,13.77,0.85,fora_ponta,11.7,GW11K-HCA-20,11.0,2026-06-27T21:28,GWC0V29,Caoa Chery,iCar,31.0,250
2026-06-28,21:25,1.6,202,A,Daniel Oliveira,15.59,0.85,fora_ponta,13.25,GW11K-HCA-20,11.0,2026-06-28T21:25,WNK4E27,Nissan,Leaf,40.0,270
2026-06-28,23:15,1.54,302,B,Felipe Santos,7.69,0.85,fora_ponta,6.54,GW7K-HCA-20,7.0,2026-06-28T23:15,RJU9L73,Renault,Kwid E-Tech,26.8,185
2026-06-28,23:32,1.72,401,B,Gabriela Lima,17.09,0.85,fora_ponta,14.53,GW11K-HCA-20,11.0,2026-06-28T23:32,GWC0V29,Caoa Chery,iCar,31.0,250
2026-06-29,00:55,3.87,101,A,Ana Silva,22.24,0.85,fora_ponta,18.9,GW7K-HCA-20,7.0,2026-06-29T00:55,UDA4H28,BYD,Dolphin Mini,38.0,280
2026-06-29,18:18,1.46,102,A,Bruno Costa,22.81,1.27,ponta,28.97,GW22K-HCA-20,22.0,2026-06-29T18:18,NBA1G29,Chevrolet,Bolt EUV,65.0,400
2026-06-29,02:13,2.29,301,B,Elena Souza,39.78,0.85,fora_ponta,33.81,GW22K-HCA-20,22.0,2026-06-29T02:13,LLT4Z05,BYD,Seal,82.5,520
2026-06-29,06:58,1.68,302,B,Felipe Santos,8.66,0.85,fora_ponta,7.36,GW7K-HCA-20,7.0,2026-06-29T06:58,RJU9L73,Renault,Kwid E-Tech,26.8,185
2026-06-29,04:27,2.57,402,B,Henrique Rocha,25.1,0.85,fora_ponta,21.34,GW11K-HCA-20,11.0,2026-06-29T04:27,IOU5F47,JAC,e-JS1,30.2,300
2026-06-30,04:37,2.5,101,A,Ana Silva,14.24,0.85,fora_ponta,12.1,GW7K-HCA-20,7.0,2026-06-30T04:37,UDA4H28,BYD,Dolphin Mini,38.0,280
2026-06-30,22:41,2.67,102,A,Bruno Costa,44.84,0.85,fora_ponta,38.11,GW22K-HCA-20,22.0,2026-06-30T22:41,NBA1G29,Chevrolet,Bolt EUV,65.0,400
2026-06-30,23:16,2.14,301,B,Elena Souza,42.82,0.85,fora_ponta,36.4,GW22K-HCA-20,22.0,2026-06-30T23:16,XOR1M10,BYD,Yuan Plus,60.5,430
2026-06-30,20:51,2.62,401,B,Gabriela Lima,25.33,1.27,ponta,32.17,GW11K-HCA-20,11.0,2026-06-30T20:51,GWC0V29,Caoa Chery,iCar,31.0,250
2026-06-30,00:41,2.17,402,B,Henrique Rocha,18.24,0.85,fora_ponta,15.5,GW11K-HCA-20,11.0,2026-06-30T00:41,IOU5F47,JAC,e-JS1,30.2,300
2026-07-01,22:52,1.58,102,A,Bruno Costa,29.84,0.85,fora_ponta,25.36,GW22K-HCA-20,22.0,2026-07-01T22:52,QTA8G91,BMW,iX1,66.5,430
2026-07-01,14:32,3.3,201,A,Carla Mendes,26.73,0.85,fora_ponta,22.72,GW11K-HCA-20,11.0,2026-07-01T14:32,SIZ0Y20,Volvo,EX30,51.0,340
2026-07-01,22:47,1.49,301,B,Elena Souza,28.84,0.85,fora_ponta,24.51,GW22K-HCA-20,22.0,2026-07-01T22:47,XOR1M10,BYD,Yuan Plus,60.5,430
2026-07-01,20:14,1.72,401,B,Gabriela Lima,16.37,1.27,ponta,20.79,GW11K-HCA-20,11.0,2026-07-01T20:14,GWC0V29,Caoa Chery,iCar,31.0,250
2026-07-01,05:16,2.24,402,B,Henrique Rocha,19.77,0.85,fora_ponta,16.8,GW11K-HCA-20,11.0,2026-07-01T05:16,IOU5F47,JAC,e-JS1,30.2,300
2026-07-02,05:56,3.19,101,A,Ana Silva,16.24,0.85,fora_ponta,13.8,GW7K-HCA-20,7.0,2026-07-02T05:56,UDA4H28,BYD,Dolphin Mini,38.0,280
2026-07-02,18:55,3.43,102,A,Bruno Costa,55.06,1.27,ponta,69.93,GW22K-HCA-20,22.0,2026-07-02T18:55,NBA1G29,Chevrolet,Bolt EUV,65.0,400
2026-07-02,11:20,5.44,201,A,Carla Mendes,44.24,0.85,fora_ponta,37.6,GW11K-HCA-20,11.0,2026-07-02T11:20,SIZ0Y20,Volvo,EX30,51.0,340
2026-07-02,19:40,1.58,202,A,Daniel Oliveira,13.87,1.27,ponta,17.61,GW11K-HCA-20,11.0,2026-07-02T19:40,WNK4E27,Nissan,Leaf,40.0,270
2026-07-02,00:50,4.02,301,B,Elena Souza,63.62,0.85,fora_ponta,54.08,GW22K-HCA-20,22.0,2026-07-02T00:50,LLT4Z05,BYD,Seal,82.5,520
2026-07-02,00:02,2.0,402,B,Henrique Rocha,18.89,0.85,fora_ponta,16.06,GW11K-HCA-20,11.0,2026-07-02T00:02,IOU5F47,JAC,e-JS1,30.2,300
2026-07-03,19:01,2.68,102,A,Bruno Costa,49.31,1.27,ponta,62.62,GW22K-HCA-20,22.0,2026-07-03T19:01,QTA8G91,BMW,iX1,66.5,430
2026-07-03,13:08,2.31,201,A,Carla Mendes,20.63,0.85,fora_ponta,17.54,GW11K-HCA-20,11.0,2026-07-03T13:08,SIZ0Y20,Volvo,EX30,51.0,340
2026-07-03,19:18,2.54,202,A,Daniel Oliveira,22.8,1.27,ponta,28.96,GW11K-HCA-20,11.0,2026-07-03T19:18,WNK4E27,Nissan,Leaf,40.0,270
2026-07-03,23:57,2.65,301,B,Elena Souza,50.51,0.85,fora_ponta,42.93,GW22K-HCA-20,22.0,2026-07-03T23:57,LLT4Z05,BYD,Seal,82.5,520
2026-07-03,23:14,1.49,302,B,Felipe Santos,9.55,0.85,fora_ponta,8.12,GW7K-HCA-20,7.0,2026-07-03T23:14,RJU9L73,Renault,Kwid E-Tech,26.8,185
2026-07-03,20:23,2.37,401,B,Gabriela Lima,22.76,1.27,ponta,28.91,GW11K-HCA-20,11.0,2026-07-03T20:23,GWC0V29,Caoa Chery,iCar,31.0,250
2026-07-03,00:42,1.19,402,B,Henrique Rocha,11.54,0.85,fora_ponta,9.81,GW11K-HCA-20,11.0,2026-07-03T00:42,IOU5F47,JAC,e-JS1,30.2,300
2026-07-04,04:07,4.23,101,A,Ana Silva,23.84,0.85,fora_ponta,20.26,GW7K-HCA-20,7.0,2026-07-04T04:07,UDA4H28,BYD,Dolphin Mini,38.0,280
2026-07-04,18:19,2.46,102,A,Bruno Costa,39.14,0.85,fora_ponta,33.27,GW22K-HCA-20,22.0,2026-07-04T18:19,QTA8G91,BMW,iX1,66.5,430
2026-07-04,17:32,3.59,202,A,Daniel Oliveira,28.7,0.85,fora_ponta,24.39,GW11K-HCA-20,11.0,2026-07-04T17:32,WNK4E27,Nissan,Leaf,40.0,270
2026-07-04,01:12,3.31,301,B,Elena Souza,64.39,0.85,fora_ponta,54.73,GW22K-HCA-20,22.0,2026-07-04T01:12,LLT4Z05,BYD,Seal,82.5,520
2026-07-04,23:45,2.12,301,B,Elena Souza,34.23,0.85,fora_ponta,29.1,GW22K-HCA-20,22.0,2026-07-04T23:45,XOR1M10,BYD,Yuan Plus,60.5,430
2026-07-05,18:53,2.3,102,A,Bruno Costa,40.87,0.85,fora_ponta,34.74,GW22K-HCA-20,22.0,2026-07-05T18:53,EXD8C75,Tesla,Model 3 RWD,60.0,450
2026-07-05,22:04,3.15,102,A,Bruno Costa,50.11,0.85,fora_ponta,42.59,GW22K-HCA-20,22.0,2026-07-05T22:04,NBA1G29,Chevrolet,Bolt EUV,65.0,400
2026-07-05,13:29,1.97,201,A,Carla Mendes,19.04,0.85,fora_ponta,16.18,GW11K-HCA-20,11.0,2026-07-05T13:29,SIZ0Y20,Volvo,EX30,51.0,340
2026-07-05,00:54,1.3,402,B,Henrique Rocha,12.07,0.85,fora_ponta,10.26,GW11K-HCA-20,11.0,2026-07-05T00:54,IOU5F47,JAC,e-JS1,30.2,300
2026-07-06,23:23,5.72,101,A,Ana Silva,29.63,0.85,fora_ponta,25.19,GW7K-HCA-20,7.0,2026-07-06T23:23,UDA4H28,BYD,Dolphin Mini,38.0,280
2026-07-06,21:44,2.86,102,A,Bruno Costa,55.12,1.02,intermediaria,56.22,GW22K-HCA-20,22.0,2026-07-06T21:44,NBA1G29,Chevrolet,Bolt EUV,65.0,400
2026-07-06,22:06,2.58,301,B,Elena Souza,47.03,0.85,fora_ponta,39.98,GW22K-HCA-20,22.0,2026-07-06T22:06,LLT4Z05,BYD,Seal,82.5,520
2026-07-06,00:55,2.21,402,B,Henrique Rocha,21.52,0.85,fora_ponta,18.29,GW11K-HCA-20,11.0,2026-07-06T00:55,IOU5F47,JAC,e-JS1,30.2,300
2026-07-07,21:28,1.31,102,A,Bruno Costa,21.87,1.02,intermediaria,22.31,GW22K-HCA-20,22.0,2026-07-07T21:28,EXD8C75,Tesla,Model 3 RWD,60.0,450
2026-07-07,14:33,3.39,201,A,Carla Mendes,31.87,0.85,fora_ponta,27.09,GW11K-HCA-20,11.0,2026-07-07T14:33,UWR6H57,GWM,Ora 03 Skin,48.0,310
2026-07-07,20:22,2.97,202,A,Daniel Oliveira,27.48,1.27,ponta,34.9,GW11K-HCA-20,11.0,2026-07-07T20:22,WNK4E27,Nissan,Leaf,40.0,270
2026-07-07,21:41,4.04,301,B,Elena Souza,72.05,1.02,intermediaria,73.49,GW22K-HCA-20,22.0,2026-07-07T21:41,LLT4Z05,BYD,Seal,82.5,520
2026-07-07,22:15,1.91,401,B,Gabriela Lima,15.98,0.85,fora_ponta,13.58,GW11K-HCA-20,11.0,2026-07-07T22:15,GWC0V29,Caoa Chery,iCar,31.0,250
2026-07-07,06:52,1.56,402,B,Henrique Rocha,13.76,0.85,fora_ponta,11.7,GW11K-HCA-20,11.0,2026-07-07T06:52,IOU5F47,JAC,e-JS1,30.2,300
2026-07-08,05:20,2.58,101,A,Ana Silva,14.63,0.85,fora_ponta,12.44,GW7K-HCA-20,7.0,2026-07-08T05:20,UDA4H28,BYD,Dolphin Mini,38.0,280
2026-07-08,18:35,2.24,102,A,Bruno Costa,43.41,1.27,ponta,55.13,GW22K-HCA-20,22.0,2026-07-08T18:35,NBA1G29,Chevrolet,Bolt EUV,65.0,400
2026-07-08,22:35,1.65,102,A,Bruno Costa,30.71,0.85,fora_ponta,26.1,GW22K-HCA-20,22.0,2026-07-08T22:35,QTA8G91,BMW,iX1,66.5,430
2026-07-08,23:35,2.57,301,B,Elena Souza,46.96,0.85,fora_ponta,39.92,GW22K-HCA-20,22.0,2026-07-08T23:35,XOR1M10,BYD,Yuan Plus,60.5,430
2026-07-08,21:00,1.67,401,B,Gabriela Lima,16.18,1.02,intermediaria,16.5,GW11K-HCA-20,11.0,2026-07-08T21:00,GWC0V29,Caoa Chery,iCar,31.0,250
2026-07-09,22:57,3.05,101,A,Ana Silva,15.62,0.85,fora_ponta,13.28,GW7K-HCA-20,7.0,2026-07-09T22:57,UDA4H28,BYD,Dolphin Mini,38.0,280
2026-07-09,20:39,1.71,102,A,Bruno Costa,27.34,1.27,ponta,34.72,GW22K-HCA-20,22.0,2026-07-09T20:39,EXD8C75,Tesla,Model 3 RWD,60.0,450
2026-07-09,19:06,3.79,202,A,Daniel Oliveira,29.59,1.27,ponta,37.58,GW11K-HCA-20,11.0,2026-07-09T19:06,WNK4E27,Nissan,Leaf,40.0,270
2026-07-09,00:29,2.94,301,B,Elena Souza,58.82,0.85,fora_ponta,50.0,GW22K-HCA-20,22.0,2026-07-09T00:29,LLT4Z05,BYD,Seal,82.5,520
2026-07-09,05:53,2.07,302,B,Felipe Santos,13.06,0.85,fora_ponta,11.1,GW7K-HCA-20,7.0,2026-07-09T05:53,RJU9L73,Renault,Kwid E-Tech,26.8,185
2026-07-10,23:24,4.5,101,A,Ana Silva,26.27,0.85,fora_ponta,22.33,GW7K-HCA-20,7.0,2026-07-10T23:24,UDA4H28,BYD,Dolphin Mini,38.0,280
2026-07-10,22:58,2.96,102,A,Bruno Costa,49.11,0.85,fora_ponta,41.74,GW22K-HCA-20,22.0,2026-07-10T22:58,NBA1G29,Chevrolet,Bolt EUV,65.0,400
2026-07-10,16:51,2.5,201,A,Carla Mendes,21.75,0.85,fora_ponta,18.49,GW11K-HCA-20,11.0,2026-07-10T16:51,SIZ0Y20,Volvo,EX30,51.0,340
2026-07-10,02:47,2.87,301,B,Elena Souza,52.97,0.85,fora_ponta,45.02,GW22K-HCA-20,22.0,2026-07-10T02:47,XOR1M10,BYD,Yuan Plus,60.5,430
2026-07-10,04:58,2.17,302,B,Felipe Santos,13.91,0.85,fora_ponta,11.82,GW7K-HCA-20,7.0,2026-07-10T04:58,RJU9L73,Renault,Kwid E-Tech,26.8,185
2026-07-11,20:35,2.08,102,A,Bruno Costa,37.69,0.85,fora_ponta,32.04,GW22K-HCA-20,22.0,2026-07-11T20:35,EXD8C75,Tesla,Model 3 RWD,60.0,450
2026-07-11,20:51,1.62,202,A,Daniel Oliveira,12.87,0.85,fora_ponta,10.94,GW11K-HCA-20,11.0,2026-07-11T20:51,WNK4E27,Nissan,Leaf,40.0,270
2026-07-11,22:17,3.91,301,B,Elena Souza,63.32,0.85,fora_ponta,53.82,GW22K-HCA-20,22.0,2026-07-11T22:17,LLT4Z05,BYD,Seal,82.5,520
2026-07-11,02:16,1.59,301,B,Elena Souza,25.04,0.85,fora_ponta,21.28,GW22K-HCA-20,22.0,2026-07-11T02:16,XOR1M10,BYD,Yuan Plus,60.5,430
2026-07-12,22:55,1.7,102,A,Bruno Costa,31.52,0.85,fora_ponta,26.79,GW22K-HCA-20,22.0,2026-07-12T22:55,QTA8G91,BMW,iX1,66.5,430
2026-07-12,09:59,3.4,201,A,Carla Mendes,29.6,0.85,fora_ponta,25.16,GW11K-HCA-20,11.0,2026-07-12T09:59,SIZ0Y20,Volvo,EX30,51.0,340
2026-07-12,17:47,1.98,202,A,Daniel Oliveira,18.24,0.85,fora_ponta,15.5,GW11K-HCA-20,11.0,2026-07-12T17:47,WNK4E27,Nissan,Leaf,40.0,270
2026-07-13,01:18,3.4,101,A,Ana Silva,21.78,0.85,fora_ponta,18.51,GW7K-HCA-20,7.0,2026-07-13T01:18,UDA4H28,BYD,Dolphin Mini,38.0,280
2026-07-13,22:07,2.16,102,A,Bruno Costa,37.69,0.85,fora_ponta,32.04,GW22K-HCA-20,22.0,2026-07-13T22:07,QTA8G91,BMW,iX1,66.5,430
2026-07-13,17:21,2.32,202,A,Daniel Oliveira,23.08,1.02,intermediaria,23.54,GW11K-HCA-20,11.0,2026-07-13T17:21,WNK4E27,Nissan,Leaf,40.0,270
2026-07-13,02:39,4.03,301,B,Elena Souza,67.9,0.85,fora_ponta,57.72,GW22K-HCA-20,22.0,2026-07-13T02:39,LLT4Z05,BYD,Seal,82.5,520
2026-07-13,02:33,1.22,402,B,Henrique Rocha,10.9,0.85,fora_ponta,9.27,GW11K-HCA-20,11.0,2026-07-13T02:33,IOU5F47,JAC,e-JS1,30.2,300
2026-07-14,03:14,5.27,101,A,Ana Silva,31.18,0.85,fora_ponta,26.5,GW7K-HCA-20,7.0,2026-07-14T03:14,UDA4H28,BYD,Dolphin Mini,38.0,280
2026-07-14,22:30,3.16,102,A,Bruno Costa,61.18,0.85,fora_ponta,52.0,GW22K-HCA-20,22.0,2026-07-14T22:30,QTA8G91,BMW,iX1,66.5,430
2026-07-14,18:42,1.99,102,A,Bruno Costa,32.91,1.27,ponta,41.8,GW22K-HCA-20,22.0,2026-07-14T18:42,EXD8C75,Tesla,Model 3 RWD,60.0,450
2026-07-14,00:58,3.02,301,B,Elena Souza,48.16,0.85,fora_ponta,40.94,GW22K-HCA-20,22.0,2026-07-14T00:58,XOR1M10,BYD,Yuan Plus,60.5,430
2026-07-14,01:46,2.06,301,B,Elena Souza,40.81,0.85,fora_ponta,34.69,GW22K-HCA-20,22.0,2026-07-14T01:46,LLT4Z05,BYD,Seal,82.5,520
2026-07-15,03:32,2.75,101,A,Ana Silva,13.88,0.85,fora_ponta,11.8,GW7K-HCA-20,7.0,2026-07-15T03:32,UDA4H28,BYD,Dolphin Mini,38.0,280
2026-07-15,02:27,4.12,301,B,Elena Souza,67.62,0.85,fora_ponta,57.48,GW22K-HCA-20,22.0,2026-07-15T02:27,LLT4Z05,BYD,Seal,82.5,520
2026-07-15,02:52,2.8,301,B,Elena Souza,53.28,0.85,fora_ponta,45.29,GW22K-HCA-20,22.0,2026-07-15T02:52,XOR1M10,BYD,Yuan Plus,60.5,430
2026-07-15,23:05,1.56,302,B,Felipe Santos,8.08,0.85,fora_ponta,6.87,GW7K-HCA-20,7.0,2026-07-15T23:05,RJU9L73,Renault,Kwid E-Tech,26.8,185
2026-07-15,06:24,2.02,402,B,Henrique Rocha,17.55,0.85,fora_ponta,14.92,GW11K-HCA-20,11.0,2026-07-15T06:24,IOU5F47,JAC,e-JS1,30.2,300
2026-07-16,22:41,5.54,101,A,Ana Silva,27.67,0.85,fora_ponta,23.52,GW7K-HCA-20,7.0,2026-07-16T22:41,UDA4H28,BYD,Dolphin Mini,38.0,280
2026-07-16,20:59,2.3,102,A,Bruno Costa,38.67,1.27,ponta,49.11,GW22K-HCA-20,22.0,2026-07-16T20:59,EXD8C75,Tesla,Model 3 RWD,60.0,450
2026-07-16,22:05,1.71,102,A,Bruno Costa,33.94,0.85,fora_ponta,28.85,GW22K-HCA-20,22.0,2026-07-16T22:05,QTA8G91,BMW,iX1,66.5,430
2026-07-16,16:10,4.05,201,A,Carla Mendes,32.49,0.85,fora_ponta,27.62,GW11K-HCA-20,11.0,2026-07-16T16:10,UWR6H57,GWM,Ora 03 Skin,48.0,310
2026-07-16,23:43,3.49,301,B,Elena Souza,70.15,0.85,fora_ponta,59.63,GW22K-HCA-20,22.0,2026-07-16T23:43,LLT4Z05,BYD,Seal,82.5,520
2026-07-17,23:02,2.1,101,A,Ana Silva,12.22,0.85,fora_ponta,10.39,GW7K-HCA-20,7.0,2026-07-17T23:02,UDA4H28,BYD,Dolphin Mini,38.0,280
2026-07-17,19:47,2.71,102,A,Bruno Costa,51.34,1.27,ponta,65.2,GW22K-HCA-20,22.0,2026-07-17T19:47,NBA1G29,Chevrolet,Bolt EUV,65.0,400
2026-07-17,11:11,2.39,201,A,Carla Mendes,23.22,0.85,fora_ponta,19.74,GW11K-HCA-20,11.0,2026-07-17T11:11,UWR6H57,GWM,Ora 03 Skin,48.0,310
2026-07-17,21:29,3.44,202,A,Daniel Oliveira,27.11,1.02,intermediaria,27.65,GW11K-HCA-20,11.0,2026-07-17T21:29,WNK4E27,Nissan,Leaf,40.0,270
2026-07-17,02:37,2.99,301,B,Elena Souza,50.8,0.85,fora_ponta,43.18,GW22K-HCA-20,22.0,2026-07-17T02:37,LLT4Z05,BYD,Seal,82.5,520
2026-07-17,03:39,1.55,302,B,Felipe Santos,8.05,0.85,fora_ponta,6.84,GW7K-HCA-20,7.0,2026-07-17T03:39,RJU9L73,Renault,Kwid E-Tech,26.8,185
2026-07-17,05:51,1.74,402,B,Henrique Rocha,15.23,0.85,fora_ponta,12.95,GW11K-HCA-20,11.0,2026-07-17T05:51,IOU5F47,JAC,e-JS1,30.2,300
2026-07-18,04:17,5.93,101,A,Ana Silva,30.28,0.85,fora_ponta,25.74,GW7K-HCA-20,7.0,2026-07-18T04:17,UDA4H28,BYD,Dolphin Mini,38.0,280
2026-07-18,20:35,1.63,202,A,Daniel Oliveira,15.06,0.85,fora_ponta,12.8,GW11K-HCA-20,11.0,2026-07-18T20:35,WNK4E27,Nissan,Leaf,40.0,270
2026-07-18,01:12,2.03,301,B,Elena Souza,39.96,0.85,fora_ponta,33.97,GW22K-HCA-20,22.0,2026-07-18T01:12,LLT4Z05,BYD,Seal,82.5,520
2026-07-18,23:52,2.36,302,B,Felipe Santos,13.03,0.85,fora_ponta,11.08,GW7K-HCA-20,7.0,2026-07-18T23:52,RJU9L73,Renault,Kwid E-Tech,26.8,185
2026-07-19,19:23,1.91,102,A,Bruno Costa,37.64,0.85,fora_ponta,31.99,GW22K-HCA-20,22.0,2026-07-19T19:23,NBA1G29,Chevrolet,Bolt EUV,65.0,400
2026-07-19,00:23,2.77,301,B,Elena Souza,51.59,0.85,fora_ponta,43.85,GW22K-HCA-20,22.0,2026-07-19T00:23,LLT4Z05,BYD,Seal,82.5,520
2026-07-20,00:11,4.22,101,A,Ana Silva,24.38,0.85,fora_ponta,20.72,GW7K-HCA-20,7.0,2026-07-20T00:11,UDA4H28,BYD,Dolphin Mini,38.0,280
2026-07-20,21:22,1.27,102,A,Bruno Costa,24.3,1.02,intermediaria,24.79,GW22K-HCA-20,22.0,2026-07-20T21:22,QTA8G91,BMW,iX1,66.5,430
2026-07-20,18:16,2.17,102,A,Bruno Costa,33.94,1.27,ponta,43.1,GW22K-HCA-20,22.0,2026-07-20T18:16,EXD8C75,Tesla,Model 3 RWD,60.0,450
2026-07-20,15:30,4.76,201,A,Carla Mendes,46.85,0.85,fora_ponta,39.82,GW11K-HCA-20,11.0,2026-07-20T15:30,SIZ0Y20,Volvo,EX30,51.0,340
2026-07-20,21:40,3.22,202,A,Daniel Oliveira,31.3,1.02,intermediaria,31.93,GW11K-HCA-20,11.0,2026-07-20T21:40,WNK4E27,Nissan,Leaf,40.0,270
2026-07-20,00:41,2.5,301,B,Elena Souza,45.61,0.85,fora_ponta,38.77,GW22K-HCA-20,22.0,2026-07-20T00:41,LLT4Z05,BYD,Seal,82.5,520
2026-07-20,06:22,2.81,402,B,Henrique Rocha,23.96,0.85,fora_ponta,20.37,GW11K-HCA-20,11.0,2026-07-20T06:22,IOU5F47,JAC,e-JS1,30.2,300
2026-07-21,00:28,3.13,101,A,Ana Silva,15.71,0.85,fora_ponta,13.35,GW7K-HCA-20,7.0,2026-07-21T00:28,UDA4H28,BYD,Dolphin Mini,38.0,280
2026-07-21,19:23,2.19,102,A,Bruno Costa,42.47,1.27,ponta,53.94,GW22K-HCA-20,22.0,2026-07-21T19:23,EXD8C75,Tesla,Model 3 RWD,60.0,450
2026-07-21,21:51,2.21,102,A,Bruno Costa,35.24,1.02,intermediaria,35.94,GW22K-HCA-20,22.0,2026-07-21T21:51,NBA1G29,Chevrolet,Bolt EUV,65.0,400
2026-07-21,21:15,1.18,301,B,Elena Souza,21.51,1.02,intermediaria,21.94,GW22K-HCA-20,22.0,2026-07-21T21:15,XOR1M10,BYD,Yuan Plus,60.5,430
2026-07-21,01:03,1.42,302,B,Felipe Santos,8.99,0.85,fora_ponta,7.64,GW7K-HCA-20,7.0,2026-07-21T01:03,RJU9L73,Renault,Kwid E-Tech,26.8,185
2026-07-21,04:05,1.47,402,B,Henrique Rocha,13.52,0.85,fora_ponta,11.49,GW11K-HCA-20,11.0,2026-07-21T04:05,IOU5F47,JAC,e-JS1,30.2,300
2026-07-22,04:38,2.63,101,A,Ana Silva,15.22,0.85,fora_ponta,12.94,GW7K-HCA-20,7.0,2026-07-22T04:38,UDA4H28,BYD,Dolphin Mini,38.0,280
2026-07-22,20:10,3.05,102,A,Bruno Costa,52.06,1.27,ponta,66.12,GW22K-HCA-20,22.0,2026-07-22T20:10,QTA8G91,BMW,iX1,66.5,430
2026-07-22,15:24,2.67,201,A,Carla Mendes,20.7,0.85,fora_ponta,17.59,GW11K-HCA-20,11.0,2026-07-22T15:24,UWR6H57,GWM,Ora 03 Skin,48.0,310
2026-07-22,01:05,2.26,402,B,Henrique Rocha,18.15,0.85,fora_ponta,15.43,GW11K-HCA-20,11.0,2026-07-22T01:05,IOU5F47,JAC,e-JS1,30.2,300
2026-07-23,04:23,5.2,101,A,Ana Silva,31.08,0.85,fora_ponta,26.42,GW7K-HCA-20,7.0,2026-07-23T04:23,UDA4H28,BYD,Dolphin Mini,38.0,280
2026-07-23,21:22,2.4,102,A,Bruno Costa,45.57,1.02,intermediaria,46.48,GW22K-HCA-20,22.0,2026-07-23T21:22,NBA1G29,Chevrolet,Bolt EUV,65.0,400
2026-07-23,22:58,3.02,301,B,Elena Souza,50.66,0.85,fora_ponta,43.06,GW22K-HCA-20,22.0,2026-07-23T22:58,XOR1M10,BYD,Yuan Plus,60.5,430
2026-07-23,23:12,1.45,301,B,Elena Souza,27.53,0.85,fora_ponta,23.4,GW22K-HCA-20,22.0,2026-07-23T23:12,LLT4Z05,BYD,Seal,82.5,520
2026-07-23,05:41,1.53,302,B,Felipe Santos,9.37,0.85,fora_ponta,7.96,GW7K-HCA-20,7.0,2026-07-23T05:41,RJU9L73,Renault,Kwid E-Tech,26.8,185
2026-07-23,04:54,2.11,402,B,Henrique Rocha,19.09,0.85,fora_ponta,16.23,GW11K-HCA-20,11.0,2026-07-23T04:54,IOU5F47,JAC,e-JS1,30.2,300
2026-07-24,01:26,4.19,101,A,Ana Silva,24.1,0.85,fora_ponta,20.48,GW7K-HCA-20,7.0,2026-07-24T01:26,UDA4H28,BYD,Dolphin Mini,38.0,280
2026-07-24,20:19,2.36,102,A,Bruno Costa,45.16,1.27,ponta,57.35,GW22K-HCA-20,22.0,2026-07-24T20:19,NBA1G29,Chevrolet,Bolt EUV,65.0,400
2026-07-24,12:28,4.03,201,A,Carla Mendes,40.24,0.85,fora_ponta,34.2,GW11K-HCA-20,11.0,2026-07-24T12:28,UWR6H57,GWM,Ora 03 Skin,48.0,310
2026-07-24,12:32,3.59,201,A,Carla Mendes,30.58,0.85,fora_ponta,25.99,GW11K-HCA-20,11.0,2026-07-24T12:32,SIZ0Y20,Volvo,EX30,51.0,340
2026-07-24,00:40,1.74,301,B,Elena Souza,27.54,0.85,fora_ponta,23.41,GW22K-HCA-20,22.0,2026-07-24T00:40,LLT4Z05,BYD,Seal,82.5,520
2026-07-24,00:04,1.81,302,B,Felipe Santos,9.93,0.85,fora_ponta,8.44,GW7K-HCA-20,7.0,2026-07-24T00:04,RJU9L73,Renault,Kwid E-Tech,26.8,185
2026-07-25,22:03,3.09,102,A,Bruno Costa,59.8,0.85,fora_ponta,50.83,GW22K-HCA-20,22.0,2026-07-25T22:03,NBA1G29,Chevrolet,Bolt EUV,65.0,400
2026-07-25,22:02,2.69,301,B,Elena Souza,48.04,0.85,fora_ponta,40.83,GW22K-HCA-20,22.0,2026-07-25T22:02,XOR1M10,BYD,Yuan Plus,60.5,430
2026-07-26,20:49,1.89,102,A,Bruno Costa,35.22,0.85,fora_ponta,29.94,GW22K-HCA-20,22.0,2026-07-26T20:49,EXD8C75,Tesla,Model 3 RWD,60.0,450
2026-07-26,10:58,2.33,201,A,Carla Mendes,19.52,0.85,fora_ponta,16.59,GW11K-HCA-20,11.0,2026-07-26T10:58,UWR6H57,GWM,Ora 03 Skin,48.0,310
2026-07-26,14:52,2.91,201,A,Carla Mendes,26.68,0.85,fora_ponta,22.68,GW11K-HCA-20,11.0,2026-07-26T14:52,SIZ0Y20,Volvo,EX30,51.0,340
2026-07-26,04:21,2.73,402,B,Henrique Rocha,26.28,0.85,fora_ponta,22.34,GW11K-HCA-20,11.0,2026-07-26T04:21,IOU5F47,JAC,e-JS1,30.2,300
2026-07-27,20:44,2.37,102,A,Bruno Costa,40.83,1.27,ponta,51.85,GW22K-HCA-20,22.0,2026-07-27T20:44,QTA8G91,BMW,iX1,66.5,430
2026-07-27,16:43,3.57,201,A,Carla Mendes,32.59,0.85,fora_ponta,27.7,GW11K-HCA-20,11.0,2026-07-27T16:43,SIZ0Y20,Volvo,EX30,51.0,340
2026-07-27,02:44,2.28,301,B,Elena Souza,38.55,0.85,fora_ponta,32.77,GW22K-HCA-20,22.0,2026-07-27T02:44,LLT4Z05,BYD,Seal,82.5,520
2026-07-27,01:34,1.05,301,B,Elena Souza,20.39,0.85,fora_ponta,17.33,GW22K-HCA-20,22.0,2026-07-27T01:34,XOR1M10,BYD,Yuan Plus,60.5,430
2026-07-27,00:35,2.92,302,B,Felipe Santos,16.43,0.85,fora_ponta,13.97,GW7K-HCA-20,7.0,2026-07-27T00:35,RJU9L73,Renault,Kwid E-Tech,26.8,185
2026-07-28,05:47,2.73,101,A,Ana Silva,16.48,0.85,fora_ponta,14.01,GW7K-HCA-20,7.0,2026-07-28T05:47,UDA4H28,BYD,Dolphin Mini,38.0,280
2026-07-28,19:53,2.68,102,A,Bruno Costa,43.34,1.27,ponta,55.04,GW22K-HCA-20,22.0,2026-07-28T19:53,EXD8C75,Tesla,Model 3 RWD,60.0,450
2026-07-28,18:58,1.27,102,A,Bruno Costa,25.43,1.27,ponta,32.3,GW22K-HCA-20,22.0,2026-07-28T18:58,NBA1G29,Chevrolet,Bolt EUV,65.0,400
2026-07-28,16:23,3.99,201,A,Carla Mendes,35.52,0.85,fora_ponta,30.19,GW11K-HCA-20,11.0,2026-07-28T16:23,UWR6H57,GWM,Ora 03 Skin,48.0,310
2026-07-28,16:11,4.73,201,A,Carla Mendes,46.92,0.85,fora_ponta,39.88,GW11K-HCA-20,11.0,2026-07-28T16:11,SIZ0Y20,Volvo,EX30,51.0,340
2026-07-28,01:51,2.41,301,B,Elena Souza,48.01,0.85,fora_ponta,40.81,GW22K-HCA-20,22.0,2026-07-28T01:51,LLT4Z05,BYD,Seal,82.5,520
2026-07-28,06:07,2.52,302,B,Felipe Santos,14.16,0.85,fora_ponta,12.04,GW7K-HCA-20,7.0,2026-07-28T06:07,RJU9L73,Renault,Kwid E-Tech,26.8,185
2026-07-28,05:23,2.46,402,B,Henrique Rocha,20.47,0.85,fora_ponta,17.4,GW11K-HCA-20,11.0,2026-07-28T05:23,IOU5F47,JAC,e-JS1,30.2,300
2026-07-29,03:23,2.91,101,A,Ana Silva,16.14,0.85,fora_ponta,13.72,GW7K-HCA-20,7.0,2026-07-29T03:23,UDA4H28,BYD,Dolphin Mini,38.0,280
2026-07-29,21:17,2.22,102,A,Bruno Costa,40.29,1.02,intermediaria,41.1,GW22K-HCA-20,22.0,2026-07-29T21:17,NBA1G29,Chevrolet,Bolt EUV,65.0,400
2026-07-29,01:27,4.23,301,B,Elena Souza,69.2,0.85,fora_ponta,58.82,GW22K-HCA-20,22.0,2026-07-29T01:27,LLT4Z05,BYD,Seal,82.5,520
2026-07-29,07:08,2.78,402,B,Henrique Rocha,27.16,0.85,fora_ponta,23.09,GW11K-HCA-20,11.0,2026-07-29T07:08,IOU5F47,JAC,e-JS1,30.2,300
2026-07-30,02:16,4.22,101,A,Ana Silva,24.36,0.85,fora_ponta,20.71,GW7K-HCA-20,7.0,2026-07-30T02:16,UDA4H28,BYD,Dolphin Mini,38.0,280
2026-07-30,19:52,1.54,102,A,Bruno Costa,29.99,1.27,ponta,38.09,GW22K-HCA-20,22.0,2026-07-30T19:52,EXD8C75,Tesla,Model 3 RWD,60.0,450
2026-07-30,14:23,3.61,201,A,Carla Mendes,35.89,0.85,fora_ponta,30.51,GW11K-HCA-20,11.0,2026-07-30T14:23,SIZ0Y20,Volvo,EX30,51.0,340
2026-07-30,01:36,3.29,301,B,Elena Souza,59.15,0.85,fora_ponta,50.28,GW22K-HCA-20,22.0,2026-07-30T01:36,LLT4Z05,BYD,Seal,82.5,520
2026-07-30,23:20,2.49,301,B,Elena Souza,44.21,0.85,fora_ponta,37.58,GW22K-HCA-20,22.0,2026-07-30T23:20,XOR1M10,BYD,Yuan Plus,60.5,430
2026-07-30,02:40,2.81,402,B,Henrique Rocha,23.89,0.85,fora_ponta,20.31,GW11K-HCA-20,11.0,2026-07-30T02:40,IOU5F47,JAC,e-JS1,30.2,300
2026-07-31,23:10,3.64,101,A,Ana Silva,19.62,0.85,fora_ponta,16.68,GW7K-HCA-20,7.0,2026-07-31T23:10,UDA4H28,BYD,Dolphin Mini,38.0,280
2026-07-31,21:17,3.08,102,A,Bruno Costa,59.15,1.02,intermediaria,60.33,GW22K-HCA-20,22.0,2026-07-31T21:17,QTA8G91,BMW,iX1,66.5,430
2026-07-31,22:54,1.51,301,B,Elena Souza,28.52,0.85,fora_ponta,24.24,GW22K-HCA-20,22.0,2026-07-31T22:54,LLT4Z05,BYD,Seal,82.5,520
2026-07-31,06:06,1.15,402,B,Henrique Rocha,11.46,0.85,fora_ponta,9.74,GW11K-HCA-20,11.0,2026-07-31T06:06,IOU5F47,JAC,e-JS1,30.2,300
2026-08-01,18:06,2.08,102,A,Bruno Costa,33.63,0.85,fora_ponta,28.59,GW22K-HCA-20,22.0,2026-08-01T18:06,QTA8G91,BMW,iX1,66.5,430
2026-08-01,00:40,1.37,301,B,Elena Souza,24.64,0.85,fora_ponta,20.94,GW22K-HCA-20,22.0,2026-08-01T00:40,XOR1M10,BYD,Yuan Plus,60.5,430
2026-08-01,04:55,1.87,302,B,Felipe Santos,12.0,0.85,fora_ponta,10.2,GW7K-HCA-20,7.0,2026-08-01T04:55,RJU9L73,Renault,Kwid E-Tech,26.8,185
2026-08-01,07:40,2.33,402,B,Henrique Rocha,22.88,0.85,fora_ponta,19.45,GW11K-HCA-20,11.0,2026-08-01T07:40,IOU5F47,JAC,e-JS1,30.2,300
2026-08-02,21:34,1.99,102,A,Bruno Costa,31.49,0.85,fora_ponta,26.77,GW22K-HCA-20,22.0,2026-08-02T21:34,NBA1G29,Chevrolet,Bolt EUV,65.0,400
2026-08-02,13:00,1.75,201,A,Carla Mendes,16.94,0.85,fora_ponta,14.4,GW11K-HCA-20,11.0,2026-08-02T13:00,UWR6H57,GWM,Ora 03 Skin,48.0,310
2026-08-02,02:59,2.7,301,B,Elena Souza,51.52,0.85,fora_ponta,43.79,GW22K-HCA-20,22.0,2026-08-02T02:59,LLT4Z05,BYD,Seal,82.5,520
2026-08-03,01:26,5.63,101,A,Ana Silva,31.35,0.85,fora_ponta,26.65,GW7K-HCA-20,7.0,2026-08-03T01:26,UDA4H28,BYD,Dolphin Mini,38.0,280
2026-08-03,21:53,2.31,102,A,Bruno Costa,38.44,1.02,intermediaria,39.21,GW22K-HCA-20,22.0,2026-08-03T21:53,QTA8G91,BMW,iX1,66.5,430
2026-08-03,13:41,4.34,201,A,Carla Mendes,41.91,0.85,fora_ponta,35.62,GW11K-HCA-20,11.0,2026-08-03T13:41,SIZ0Y20,Volvo,EX30,51.0,340
2026-08-03,21:40,2.07,301,B,Elena Souza,36.49,1.02,intermediaria,37.22,GW22K-HCA-20,22.0,2026-08-03T21:40,XOR1M10,BYD,Yuan Plus,60.5,430
2026-08-03,22:20,1.82,301,B,Elena Souza,28.39,0.85,fora_ponta,24.13,GW22K-HCA-20,22.0,2026-08-03T22:20,LLT4Z05,BYD,Seal,82.5,520
2026-08-03,21:45,3.87,401,B,Gabriela Lima,29.87,1.02,intermediaria,30.47,GW11K-HCA-20,11.0,2026-08-03T21:45,YJC3D48,Peugeot,e-208,51.0,360
2026-08-03,05:26,1.58,402,B,Henrique Rocha,15.25,0.85,fora_ponta,12.96,GW11K-HCA-20,11.0,2026-08-03T05:26,IOU5F47,JAC,e-JS1,30.2,300
2026-08-04,18:53,3.26,102,A,Bruno Costa,52.52,1.27,ponta,66.7,GW22K-HCA-20,22.0,2026-08-04T18:53,NBA1G29,Chevrolet,Bolt EUV,65.0,400
2026-08-04,11:12,5.64,201,A,Carla Mendes,46.87,0.85,fora_ponta,39.84,GW11K-HCA-20,11.0,2026-08-04T11:12,SIZ0Y20,Volvo,EX30,51.0,340
2026-08-04,00:49,4.54,301,B,Elena Souza,75.27,0.85,fora_ponta,63.98,GW22K-HCA-20,22.0,2026-08-04T00:49,LLT4Z05,BYD,Seal,82.5,520
2026-08-04,21:30,2.83,401,B,Gabriela Lima,28.41,1.02,intermediaria,28.98,GW11K-HCA-20,11.0,2026-08-04T21:30,YJC3D48,Peugeot,e-208,51.0,360
2026-08-05,02:30,5.01,101,A,Ana Silva,26.07,0.85,fora_ponta,22.16,GW7K-HCA-20,7.0,2026-08-05T02:30,UDA4H28,BYD,Dolphin Mini,38.0,280
2026-08-05,18:15,2.6,102,A,Bruno Costa,44.17,1.27,ponta,56.1,GW22K-HCA-20,22.0,2026-08-05T18:15,EXD8C75,Tesla,Model 3 RWD,60.0,450
2026-08-05,15:50,2.43,201,A,Carla Mendes,24.36,0.85,fora_ponta,20.71,GW11K-HCA-20,11.0,2026-08-05T15:50,UWR6H57,GWM,Ora 03 Skin,48.0,310
2026-08-05,23:49,1.97,301,B,Elena Souza,31.87,0.85,fora_ponta,27.09,GW22K-HCA-20,22.0,2026-08-05T23:49,LLT4Z05,BYD,Seal,82.5,520
2026-08-05,23:22,2.28,302,B,Felipe Santos,13.64,0.85,fora_ponta,11.59,GW7K-HCA-20,7.0,2026-08-05T23:22,RJU9L73,Renault,Kwid E-Tech,26.8,185
2026-08-05,07:46,1.41,402,B,Henrique Rocha,13.18,0.85,fora_ponta,11.2,GW11K-HCA-20,11.0,2026-08-05T07:46,IOU5F47,JAC,e-JS1,30.2,300
2026-08-06,05:45,4.05,101,A,Ana Silva,21.7,0.85,fora_ponta,18.45,GW7K-HCA-20,7.0,2026-08-06T05:45,UDA4H28,BYD,Dolphin Mini,38.0,280
2026-08-06,22:22,1.85,102,A,Bruno Costa,32.75,0.85,fora_ponta,27.84,GW22K-HCA-20,22.0,2026-08-06T22:22,EXD8C75,Tesla,Model 3 RWD,60.0,450
2026-08-06,18:33,1.71,102,A,Bruno Costa,28.7,1.27,ponta,36.45,GW22K-HCA-20,22.0,2026-08-06T18:33,NBA1G29,Chevrolet,Bolt EUV,65.0,400
2026-08-06,15:46,2.92,201,A,Carla Mendes,22.64,0.85,fora_ponta,19.24,GW11K-HCA-20,11.0,2026-08-06T15:46,UWR6H57,GWM,Ora 03 Skin,48.0,310
2026-08-06,02:34,4.15,301,B,Elena Souza,67.7,0.85,fora_ponta,57.55,GW22K-HCA-20,22.0,2026-08-06T02:34,LLT4Z05,BYD,Seal,82.5,520
2026-08-06,05:07,1.24,402,B,Henrique Rocha,11.5,0.85,fora_ponta,9.78,GW11K-HCA-20,11.0,2026-08-06T05:07,IOU5F47,JAC,e-JS1,30.2,300
2026-08-07,22:12,2.79,101,A,Ana Silva,14.52,0.85,fora_ponta,12.34,GW7K-HCA-20,7.0,2026-08-07T22:12,UDA4H28,BYD,Dolphin Mini,38.0,280
2026-08-07,21:33,2.61,102,A,Bruno Costa,47.57,1.02,intermediaria,48.52,GW22K-HCA-20,22.0,2026-08-07T21:33,NBA1G29,Chevrolet,Bolt EUV,65.0,400
2026-08-07,09:59,4.76,201,A,Carla Mendes,44.16,0.85,fora_ponta,37.54,GW11K-HCA-20,11.0,2026-08-07T09:59,UWR6H57,GWM,Ora 03 Skin,48.0,310
2026-08-07,23:35,3.25,301,B,Elena Souza,64.03,0.85,fora_ponta,54.43,GW22K-HCA-20,22.0,2026-08-07T23:35,LLT4Z05,BYD,Seal,82.5,520
2026-08-07,01:53,1.52,402,B,Henrique Rocha,15.14,0.85,fora_ponta,12.87,GW11K-HCA-20,11.0,2026-08-07T01:53,IOU5F47,JAC,e-JS1,30.2,300
2026-08-08,21:12,1.67,102,A,Bruno Costa,30.98,0.85,fora_ponta,26.33,GW22K-HCA-20,22.0,2026-08-08T21:12,QTA8G91,BMW,iX1,66.5,430
2026-08-09,18:10,3.01,102,A,Bruno Costa,54.43,0.85,fora_ponta,46.27,GW22K-HCA-20,22.0,2026-08-09T18:10,NBA1G29,Chevrolet,Bolt EUV,65.0,400
2026-08-09,19:57,2.06,202,A,Daniel Oliveira,20.78,0.85,fora_ponta,17.66,GW11K-HCA-20,11.0,2026-08-09T19:57,YKD1M12,Fiat,500e,42.0,300
2026-08-09,02:20,2.32,301,B,Elena Souza,42.14,0.85,fora_ponta,35.82,GW22K-HCA-20,22.0,2026-08-09T02:20,XOR1M10,BYD,Yuan Plus,60.5,430
2026-08-10,04:00,4.37,101,A,Ana Silva,28.02,0.85,fora_ponta,23.82,GW7K-HCA-20,7.0,2026-08-10T04:00,UDA4H28,BYD,Dolphin Mini,38.0,280
2026-08-10,18:19,3.64,102,A,Bruno Costa,59.8,1.27,ponta,75.95,GW22K-HCA-20,22.0,2026-08-10T18:19,NBA1G29,Chevrolet,Bolt EUV,65.0,400
2026-08-10,11:06,2.26,201,A,Carla Mendes,19.36,0.85,fora_ponta,16.46,GW11K-HCA-20,11.0,2026-08-10T11:06,SIZ0Y20,Volvo,EX30,51.0,340
2026-08-10,18:16,4.11,202,A,Daniel Oliveira,32.56,1.27,ponta,41.35,GW11K-HCA-20,11.0,2026-08-10T18:16,YKD1M12,Fiat,500e,42.0,300
2026-08-10,02:20,4.1,301,B,Elena Souza,66.58,0.85,fora_ponta,56.59,GW22K-HCA-20,22.0,2026-08-10T02:20,LLT4Z05,BYD,Seal,82.5,520
2026-08-10,00:46,2.78,402,B,Henrique Rocha,24.01,0.85,fora_ponta,20.41,GW11K-HCA-20,11.0,2026-08-10T00:46,IOU5F47,JAC,e-JS1,30.2,300
2026-08-11,03:56,5.42,101,A,Ana Silva,30.01,0.85,fora_ponta,25.51,GW7K-HCA-20,7.0,2026-08-11T03:56,UDA4H28,BYD,Dolphin Mini,38.0,280
2026-08-11,22:59,1.11,102,A,Bruno Costa,21.27,0.85,fora_ponta,18.08,GW22K-HCA-20,22.0,2026-08-11T22:59,EXD8C75,Tesla,Model 3 RWD,60.0,450
2026-08-11,14:34,4.04,201,A,Carla Mendes,34.33,0.85,fora_ponta,29.18,GW11K-HCA-20,11.0,2026-08-11T14:34,UWR6H57,GWM,Ora 03 Skin,48.0,310
2026-08-11,00:48,2.34,301,B,Elena Souza,41.71,0.85,fora_ponta,35.45,GW22K-HCA-20,22.0,2026-08-11T00:48,XOR1M10,BYD,Yuan Plus,60.5,430
2026-08-11,01:08,1.89,302,B,Felipe Santos,10.64,0.85,fora_ponta,9.04,GW7K-HCA-20,7.0,2026-08-11T01:08,RJU9L73,Renault,Kwid E-Tech,26.8,185
2026-08-11,06:49,2.31,402,B,Henrique Rocha,22.08,0.85,fora_ponta,18.77,GW11K-HCA-20,11.0,2026-08-11T06:49,IOU5F47,JAC,e-JS1,30.2,300
2026-08-12,01:35,4.25,101,A,Ana Silva,25.63,0.85,fora_ponta,21.79,GW7K-HCA-20,7.0,2026-08-12T01:35,UDA4H28,BYD,Dolphin Mini,38.0,280
2026-08-12,20:43,3.78,102,A,Bruno Costa,59.8,1.27,ponta,75.95,GW22K-HCA-20,22.0,2026-08-12T20:43,NBA1G29,Chevrolet,Bolt EUV,65.0,400
2026-08-12,21:23,2.21,102,A,Bruno Costa,37.5,1.02,intermediaria,38.25,GW22K-HCA-20,22.0,2026-08-12T21:23,QTA8G91,BMW,iX1,66.5,430
2026-08-12,21:52,4.2,202,A,Daniel Oliveira,36.83,1.02,intermediaria,37.57,GW11K-HCA-20,11.0,2026-08-12T21:52,YKD1M12,Fiat,500e,42.0,300
2026-08-12,22:43,2.41,301,B,Elena Souza,46.01,0.85,fora_ponta,39.11,GW22K-HCA-20,22.0,2026-08-12T22:43,LLT4Z05,BYD,Seal,82.5,520
2026-08-12,21:47,1.11,301,B,Elena Souza,22.2,1.02,intermediaria,22.64,GW22K-HCA-20,22.0,2026-08-12T21:47,XOR1M10,BYD,Yuan Plus,60.5,430
2026-08-13,02:28,4.15,101,A,Ana Silva,22.48,0.85,fora_ponta,19.11,GW7K-HCA-20,7.0,2026-08-13T02:28,UDA4H28,BYD,Dolphin Mini,38.0,280
2026-08-13,22:48,1.91,102,A,Bruno Costa,33.83,0.85,fora_ponta,28.76,GW22K-HCA-20,22.0,2026-08-13T22:48,QTA8G91,BMW,iX1,66.5,430
2026-08-13,18:24,2.29,102,A,Bruno Costa,42.61,1.27,ponta,54.11,GW22K-HCA-20,22.0,2026-08-13T18:24,EXD8C75,Tesla,Model 3 RWD,60.0,450
2026-08-13,12:50,4.89,201,A,Carla Mendes,40.83,0.85,fora_ponta,34.71,GW11K-HCA-20,11.0,2026-08-13T12:50,SIZ0Y20,Volvo,EX30,51.0,340
2026-08-13,09:04,3.47,201,A,Carla Mendes,29.01,0.85,fora_ponta,24.66,GW11K-HCA-20,11.0,2026-08-13T09:04,UWR6H57,GWM,Ora 03 Skin,48.0,310
2026-08-13,23:55,4.12,301,B,Elena Souza,71.16,0.85,fora_ponta,60.49,GW22K-HCA-20,22.0,2026-08-13T23:55,LLT4Z05,BYD,Seal,82.5,520
2026-08-13,23:55,4.4,401,B,Gabriela Lima,34.8,0.85,fora_ponta,29.58,GW11K-HCA-20,11.0,2026-08-13T23:55,YJC3D48,Peugeot,e-208,51.0,360
2026-08-13,00:15,3.09,402,B,Henrique Rocha,26.04,0.85,fora_ponta,22.13,GW11K-HCA-20,11.0,2026-08-13T00:15,IOU5F47,JAC,e-JS1,30.2,300
2026-08-14,03:43,3.39,101,A,Ana Silva,19.89,0.85,fora_ponta,16.91,GW7K-HCA-20,7.0,2026-08-14T03:43,UDA4H28,BYD,Dolphin Mini,38.0,280
2026-08-14,20:51,1.55,102,A,Bruno Costa,25.72,1.27,ponta,32.66,GW22K-HCA-20,22.0,2026-08-14T20:51,QTA8G91,BMW,iX1,66.5,430
2026-08-14,13:14,2.21,201,A,Carla Mendes,21.79,0.85,fora_ponta,18.52,GW11K-HCA-20,11.0,2026-08-14T13:14,UWR6H57,GWM,Ora 03 Skin,48.0,310
2026-08-14,00:15,3.2,301,B,Elena Souza,55.88,0.85,fora_ponta,47.5,GW22K-HCA-20,22.0,2026-08-14T00:15,LLT4Z05,BYD,Seal,82.5,520
2026-08-14,03:55,1.31,402,B,Henrique Rocha,12.27,0.85,fora_ponta,10.43,GW11K-HCA-20,11.0,2026-08-14T03:55,IOU5F47,JAC,e-JS1,30.2,300
2026-08-15,11:20,2.14,201,A,Carla Mendes,19.24,0.85,fora_ponta,16.35,GW11K-HCA-20,11.0,2026-08-15T11:20,UWR6H57,GWM,Ora 03 Skin,48.0,310
2026-08-15,17:48,2.08,202,A,Daniel Oliveira,20.89,0.85,fora_ponta,17.76,GW11K-HCA-20,11.0,2026-08-15T17:48,YKD1M12,Fiat,500e,42.0,300
2026-08-16,11:01,4.42,201,A,Carla Mendes,40.57,0.85,fora_ponta,34.48,GW11K-HCA-20,11.0,2026-08-16T11:01,UWR6H57,GWM,Ora 03 Skin,48.0,310
2026-08-16,12:38,2.76,201,A,Carla Mendes,25.82,0.85,fora_ponta,21.95,GW11K-HCA-20,11.0,2026-08-16T12:38,SIZ0Y20,Volvo,EX30,51.0,340
2026-08-16,18:32,3.79,202,A,Daniel Oliveira,33.44,0.85,fora_ponta,28.42,GW11K-HCA-20,11.0,2026-08-16T18:32,YKD1M12,Fiat,500e,42.0,300
2026-08-16,21:14,1.87,401,B,Gabriela Lima,17.84,0.85,fora_ponta,15.16,GW11K-HCA-20,11.0,2026-08-16T21:14,YJC3D48,Peugeot,e-208,51.0,360
2026-08-16,03:47,2.64,402,B,Henrique Rocha,21.66,0.85,fora_ponta,18.41,GW11K-HCA-20,11.0,2026-08-16T03:47,IOU5F47,JAC,e-JS1,30.2,300
2026-08-17,05:44,3.45,101,A,Ana Silva,19.32,0.85,fora_ponta,16.42,GW7K-HCA-20,7.0,2026-08-17T05:44,UDA4H28,BYD,Dolphin Mini,38.0,280
2026-08-17,22:47,2.74,102,A,Bruno Costa,51.78,0.85,fora_ponta,44.01,GW22K-HCA-20,22.0,2026-08-17T22:47,EXD8C75,Tesla,Model 3 RWD,60.0,450
2026-08-17,10:28,3.18,201,A,Carla Mendes,31.23,0.85,fora_ponta,26.55,GW11K-HCA-20,11.0,2026-08-17T10:28,UWR6H57,GWM,Ora 03 Skin,48.0,310
2026-08-17,01:24,2.88,301,B,Elena Souza,53.18,0.85,fora_ponta,45.2,GW22K-HCA-20,22.0,2026-08-17T01:24,LLT4Z05,BYD,Seal,82.5,520
2026-08-17,03:49,2.75,302,B,Felipe Santos,15.42,0.85,fora_ponta,13.11,GW7K-HCA-20,7.0,2026-08-17T03:49,RJU9L73,Renault,Kwid E-Tech,26.8,185
2026-08-17,21:29,4.76,401,B,Gabriela Lima,41.88,1.02,intermediaria,42.72,GW11K-HCA-20,11.0,2026-08-17T21:29,YJC3D48,Peugeot,e-208,51.0,360
2026-08-18,04:26,3.91,101,A,Ana Silva,19.29,0.85,fora_ponta,16.4,GW7K-HCA-20,7.0,2026-08-18T04:26,UDA4H28,BYD,Dolphin Mini,38.0,280
2026-08-18,21:05,1.62,102,A,Bruno Costa,30.33,1.02,intermediaria,30.94,GW22K-HCA-20,22.0,2026-08-18T21:05,EXD8C75,Tesla,Model 3 RWD,60.0,450
2026-08-18,02:28,3.73,301,B,Elena Souza,59.04,0.85,fora_ponta,50.18,GW22K-HCA-20,22.0,2026-08-18T02:28,LLT4Z05,BYD,Seal,82.5,520
2026-08-18,02:50,3.03,301,B,Elena Souza,55.66,0.85,fora_ponta,47.31,GW22K-HCA-20,22.0,2026-08-18T02:50,XOR1M10,BYD,Yuan Plus,60.5,430
2026-08-18,01:58,1.7,302,B,Felipe Santos,10.63,0.85,fora_ponta,9.04,GW7K-HCA-20,7.0,2026-08-18T01:58,RJU9L73,Renault,Kwid E-Tech,26.8,185
2026-08-18,06:19,1.6,402,B,Henrique Rocha,15.31,0.85,fora_ponta,13.01,GW11K-HCA-20,11.0,2026-08-18T06:19,IOU5F47,JAC,e-JS1,30.2,300
2026-08-19,00:12,2.03,101,A,Ana Silva,12.31,0.85,fora_ponta,10.46,GW7K-HCA-20,7.0,2026-08-19T00:12,UDA4H28,BYD,Dolphin Mini,38.0,280
2026-08-19,22:51,1.19,102,A,Bruno Costa,23.5,0.85,fora_ponta,19.97,GW22K-HCA-20,22.0,2026-08-19T22:51,QTA8G91,BMW,iX1,66.5,430
2026-08-19,16:26,3.58,201,A,Carla Mendes,32.76,0.85,fora_ponta,27.85,GW11K-HCA-20,11.0,2026-08-19T16:26,SIZ0Y20,Volvo,EX30,51.0,340
2026-08-19,21:40,2.74,202,A,Daniel Oliveira,26.59,1.02,intermediaria,27.12,GW11K-HCA-20,11.0,2026-08-19T21:40,YKD1M12,Fiat,500e,42.0,300
2026-08-19,21:09,2.75,301,B,Elena Souza,51.29,1.02,intermediaria,52.32,GW22K-HCA-20,22.0,2026-08-19T21:09,XOR1M10,BYD,Yuan Plus,60.5,430
2026-08-19,23:58,2.01,301,B,Elena Souza,32.04,0.85,fora_ponta,27.23,GW22K-HCA-20,22.0,2026-08-19T23:58,LLT4Z05,BYD,Seal,82.5,520
2026-08-19,23:47,3.45,401,B,Gabriela Lima,34.35,0.85,fora_ponta,29.2,GW11K-HCA-20,11.0,2026-08-19T23:47,YJC3D48,Peugeot,e-208,51.0,360
2026-08-19,06:52,1.27,402,B,Henrique Rocha,11.05,0.85,fora_ponta,9.39,GW11K-HCA-20,11.0,2026-08-19T06:52,IOU5F47,JAC,e-JS1,30.2,300
2026-08-20,23:44,5.74,101,A,Ana Silva,31.01,0.85,fora_ponta,26.36,GW7K-HCA-20,7.0,2026-08-20T23:44,UDA4H28,BYD,Dolphin Mini,38.0,280
2026-08-20,22:03,1.33,102,A,Bruno Costa,25.1,0.85,fora_ponta,21.34,GW22K-HCA-20,22.0,2026-08-20T22:03,EXD8C75,Tesla,Model 3 RWD,60.0,450
2026-08-20,21:46,2.61,102,A,Bruno Costa,51.9,1.02,intermediaria,52.94,GW22K-HCA-20,22.0,2026-08-20T21:46,QTA8G91,BMW,iX1,66.5,430
2026-08-20,19:33,2.93,202,A,Daniel Oliveira,27.02,1.27,ponta,34.32,GW11K-HCA-20,11.0,2026-08-20T19:33,YKD1M12,Fiat,500e,42.0,300
2026-08-20,23:51,2.43,401,B,Gabriela Lima,22.33,0.85,fora_ponta,18.98,GW11K-HCA-20,11.0,2026-08-20T23:51,YJC3D48,Peugeot,e-208,51.0,360
2026-08-20,01:01,1.88,402,B,Henrique Rocha,18.06,0.85,fora_ponta,15.35,GW11K-HCA-20,11.0,2026-08-20T01:01,IOU5F47,JAC,e-JS1,30.2,300
2026-08-21,04:02,3.39,101,A,Ana Silva,19.54,0.85,fora_ponta,16.61,GW7K-HCA-20,7.0,2026-08-21T04:02,UDA4H28,BYD,Dolphin Mini,38.0,280
2026-08-21,20:16,3.0,102,A,Bruno Costa,50.68,1.27,ponta,64.36,GW22K-HCA-20,22.0,2026-08-21T20:16,EXD8C75,Tesla,Model 3 RWD,60.0,450
2026-08-21,18:07,3.04,102,A,Bruno Costa,51.83,1.27,ponta,65.82,GW22K-HCA-20,22.0,2026-08-21T18:07,QTA8G91,BMW,iX1,66.5,430
2026-08-21,23:59,2.26,301,B,Elena Souza,44.77,0.85,fora_ponta,38.05,GW22K-HCA-20,22.0,2026-08-21T23:59,XOR1M10,BYD,Yuan Plus,60.5,430
2026-08-21,02:08,2.8,301,B,Elena Souza,51.59,0.85,fora_ponta,43.85,GW22K-HCA-20,22.0,2026-08-21T02:08,LLT4Z05,BYD,Seal,82.5,520
2026-08-21,20:53,3.6,401,B,Gabriela Lima,32.64,1.27,ponta,41.45,GW11K-HCA-20,11.0,2026-08-21T20:53,YJC3D48,Peugeot,e-208,51.0,360
2026-08-21,03:36,2.28,402,B,Henrique Rocha,21.95,0.85,fora_ponta,18.66,GW11K-HCA-20,11.0,2026-08-21T03:36,IOU5F47,JAC,e-JS1,30.2,300
2026-08-22,18:21,3.32,102,A,Bruno Costa,61.18,0.85,fora_ponta,52.0,GW22K-HCA-20,22.0,2026-08-22T18:21,QTA8G91,BMW,iX1,66.5,430
2026-08-22,19:45,3.58,202,A,Daniel Oliveira,33.76,0.85,fora_ponta,28.7,GW11K-HCA-20,11.0,2026-08-22T19:45,YKD1M12,Fiat,500e,42.0,300
2026-08-22,23:28,4.08,301,B,Elena Souza,68.86,0.85,fora_ponta,58.53,GW22K-HCA-20,22.0,2026-08-22T23:28,LLT4Z05,BYD,Seal,82.5,520
2026-08-22,22:07,2.18,301,B,Elena Souza,33.95,0.85,fora_ponta,28.86,GW22K-HCA-20,22.0,2026-08-22T22:07,XOR1M10,BYD,Yuan Plus,60.5,430
2026-08-22,21:12,3.07,401,B,Gabriela Lima,27.19,0.85,fora_ponta,23.11,GW11K-HCA-20,11.0,2026-08-22T21:12,YJC3D48,Peugeot,e-208,51.0,360
2026-08-23,22:43,3.37,102,A,Bruno Costa,55.2,0.85,fora_ponta,46.92,GW22K-HCA-20,22.0,2026-08-23T22:43,EXD8C75,Tesla,Model 3 RWD,60.0,450
2026-08-23,09:19,4.72,201,A,Carla Mendes,44.16,0.85,fora_ponta,37.54,GW11K-HCA-20,11.0,2026-08-23T09:19,UWR6H57,GWM,Ora 03 Skin,48.0,310
2026-08-23,17:06,2.77,202,A,Daniel Oliveira,25.73,0.85,fora_ponta,21.87,GW11K-HCA-20,11.0,2026-08-23T17:06,YKD1M12,Fiat,500e,42.0,300
2026-08-23,02:57,1.71,301,B,Elena Souza,28.0,0.85,fora_ponta,23.8,GW22K-HCA-20,22.0,2026-08-23T02:57,XOR1M10,BYD,Yuan Plus,60.5,430
2026-08-24,02:07,2.15,101,A,Ana Silva,12.59,0.85,fora_ponta,10.7,GW7K-HCA-20,7.0,2026-08-24T02:07,UDA4H28,BYD,Dolphin Mini,38.0,280
2026-08-24,22:20,1.74,102,A,Bruno Costa,34.66,0.85,fora_ponta,29.46,GW22K-HCA-20,22.0,2026-08-24T22:20,QTA8G91,BMW,iX1,66.5,430
2026-08-24,22:15,1.63,102,A,Bruno Costa,27.52,0.85,fora_ponta,23.39,GW22K-HCA-20,22.0,2026-08-24T22:15,EXD8C75,Tesla,Model 3 RWD,60.0,450
2026-08-24,21:24,1.74,301,B,Elena Souza,30.46,1.02,intermediaria,31.07,GW22K-HCA-20,22.0,2026-08-24T21:24,LLT4Z05,BYD,Seal,82.5,520
2026-08-24,02:38,2.86,301,B,Elena Souza,52.81,0.85,fora_ponta,44.89,GW22K-HCA-20,22.0,2026-08-24T02:38,XOR1M10,BYD,Yuan Plus,60.5,430
2026-08-24,21:45,4.13,401,B,Gabriela Lima,39.86,1.02,intermediaria,40.66,GW11K-HCA-20,11.0,2026-08-24T21:45,YJC3D48,Peugeot,e-208,51.0,360
2026-08-24,02:05,2.44,402,B,Henrique Rocha,24.23,0.85,fora_ponta,20.6,GW11K-HCA-20,11.0,2026-08-24T02:05,IOU5F47,JAC,e-JS1,30.2,300
2026-08-25,05:14,6.44,101,A,Ana Silva,32.99,0.85,fora_ponta,28.04,GW7K-HCA-20,7.0,2026-08-25T05:14,UDA4H28,BYD,Dolphin Mini,38.0,280
2026-08-25,21:11,2.82,102,A,Bruno Costa,52.58,1.02,intermediaria,53.63,GW22K-HCA-20,22.0,2026-08-25T21:11,QTA8G91,BMW,iX1,66.5,430
2026-08-25,21:31,1.26,102,A,Bruno Costa,22.23,1.02,intermediaria,22.67,GW22K-HCA-20,22.0,2026-08-25T21:31,EXD8C75,Tesla,Model 3 RWD,60.0,450
2026-08-25,13:49,3.09,201,A,Carla Mendes,28.13,0.85,fora_ponta,23.91,GW11K-HCA-20,11.0,2026-08-25T13:49,UWR6H57,GWM,Ora 03 Skin,48.0,310
2026-08-25,23:35,3.12,301,B,Elena Souza,60.05,0.85,fora_ponta,51.04,GW22K-HCA-20,22.0,2026-08-25T23:35,LLT4Z05,BYD,Seal,82.5,520
2026-08-25,21:30,3.35,401,B,Gabriela Lima,28.55,1.02,intermediaria,29.12,GW11K-HCA-20,11.0,2026-08-25T21:30,YJC3D48,Peugeot,e-208,51.0,360
2026-08-26,03:34,5.31,101,A,Ana Silva,27.45,0.85,fora_ponta,23.33,GW7K-HCA-20,7.0,2026-08-26T03:34,UDA4H28,BYD,Dolphin Mini,38.0,280
2026-08-26,18:37,2.85,102,A,Bruno Costa,48.3,1.27,ponta,61.34,GW22K-HCA-20,22.0,2026-08-26T18:37,QTA8G91,BMW,iX1,66.5,430
2026-08-26,15:04,4.08,201,A,Carla Mendes,38.14,0.85,fora_ponta,32.42,GW11K-HCA-20,11.0,2026-08-26T15:04,SIZ0Y20,Volvo,EX30,51.0,340
2026-08-26,21:13,3.47,301,B,Elena Souza,68.41,1.02,intermediaria,69.78,GW22K-HCA-20,22.0,2026-08-26T21:13,LLT4Z05,BYD,Seal,82.5,520
2026-08-26,07:34,1.64,402,B,Henrique Rocha,15.04,0.85,fora_ponta,12.78,GW11K-HCA-20,11.0,2026-08-26T07:34,IOU5F47,JAC,e-JS1,30.2,300
2026-08-27,02:36,4.99,101,A,Ana Silva,29.66,0.85,fora_ponta,25.21,GW7K-HCA-20,7.0,2026-08-27T02:36,UDA4H28,BYD,Dolphin Mini,38.0,280
2026-08-27,18:37,1.18,102,A,Bruno Costa,23.76,1.27,ponta,30.18,GW22K-HCA-20,22.0,2026-08-27T18:37,QTA8G91,BMW,iX1,66.5,430
2026-08-27,09:23,4.67,201,A,Carla Mendes,46.92,0.85,fora_ponta,39.88,GW11K-HCA-20,11.0,2026-08-27T09:23,SIZ0Y20,Volvo,EX30,51.0,340
2026-08-27,14:07,4.5,201,A,Carla Mendes,44.09,0.85,fora_ponta,37.48,GW11K-HCA-20,11.0,2026-08-27T14:07,UWR6H57,GWM,Ora 03 Skin,48.0,310
2026-08-27,19:45,2.61,202,A,Daniel Oliveira,22.47,1.27,ponta,28.54,GW11K-HCA-20,11.0,2026-08-27T19:45,YKD1M12,Fiat,500e,42.0,300
2026-08-27,22:12,2.09,301,B,Elena Souza,40.66,0.85,fora_ponta,34.56,GW22K-HCA-20,22.0,2026-08-27T22:12,XOR1M10,BYD,Yuan Plus,60.5,430
2026-08-27,21:00,2.47,401,B,Gabriela Lima,19.13,1.02,intermediaria,19.51,GW11K-HCA-20,11.0,2026-08-27T21:00,YJC3D48,Peugeot,e-208,51.0,360
2026-08-28,23:08,4.75,101,A,Ana Silva,26.33,0.85,fora_ponta,22.38,GW7K-HCA-20,7.0,2026-08-28T23:08,UDA4H28,BYD,Dolphin Mini,38.0,280
2026-08-28,22:11,2.43,102,A,Bruno Costa,42.45,0.85,fora_ponta,36.08,GW22K-HCA-20,22.0,2026-08-28T22:11,QTA8G91,BMW,iX1,66.5,430
2026-08-28,01:31,4.23,301,B,Elena Souza,69.97,0.85,fora_ponta,59.47,GW22K-HCA-20,22.0,2026-08-28T01:31,LLT4Z05,BYD,Seal,82.5,520
2026-08-28,20:02,3.63,401,B,Gabriela Lima,34.18,1.27,ponta,43.41,GW11K-HCA-20,11.0,2026-08-28T20:02,YJC3D48,Peugeot,e-208,51.0,360
2026-08-28,02:46,2.26,402,B,Henrique Rocha,22.82,0.85,fora_ponta,19.4,GW11K-HCA-20,11.0,2026-08-28T02:46,IOU5F47,JAC,e-JS1,30.2,300
2026-08-29,18:30,3.05,202,A,Daniel Oliveira,28.39,0.85,fora_ponta,24.13,GW11K-HCA-20,11.0,2026-08-29T18:30,YKD1M12,Fiat,500e,42.0,300
2026-08-30,21:46,2.49,202,A,Daniel Oliveira,21.26,0.85,fora_ponta,18.07,GW11K-HCA-20,11.0,2026-08-30T21:46,YKD1M12,Fiat,500e,42.0,300
2026-08-30,22:03,3.96,401,B,Gabriela Lima,36.07,0.85,fora_ponta,30.66,GW11K-HCA-20,11.0,2026-08-30T22:03,YJC3D48,Peugeot,e-208,51.0,360
2026-08-31,02:31,2.48,101,A,Ana Silva,14.09,0.85,fora_ponta,11.98,GW7K-HCA-20,7.0,2026-08-31T02:31,UDA4H28,BYD,Dolphin Mini,38.0,280
2026-08-31,22:17,1.9,102,A,Bruno Costa,31.62,0.85,fora_ponta,26.88,GW22K-HCA-20,22.0,2026-08-31T22:17,EXD8C75,Tesla,Model 3 RWD,60.0,450
2026-08-31,22:11,3.22,102,A,Bruno Costa,61.18,0.85,fora_ponta,52.0,GW22K-HCA-20,22.0,2026-08-31T22:11,QTA8G91,BMW,iX1,66.5,430
2026-08-31,00:11,3.46,301,B,Elena Souza,67.73,0.85,fora_ponta,57.57,GW22K-HCA-20,22.0,2026-08-31T00:11,LLT4Z05,BYD,Seal,82.5,520
2026-08-31,23:48,4.91,401,B,Gabriela Lima,46.92,0.85,fora_ponta,39.88,GW11K-HCA-20,11.0,2026-08-31T23:48,YJC3D48,Peugeot,e-208,51.0,360
2026-08-31,03:36,2.68,402,B,Henrique Rocha,22.9,0.85,fora_ponta,19.46,GW11K-HCA-20,11.0,2026-08-31T03:36,IOU5F47,JAC,e-JS1,30.2,300
2026-09-01,22:10,3.62,101,A,Ana Silva,20.42,0.85,fora_ponta,17.36,GW7K-HCA-20,7.0,2026-09-01T22:10,UDA4H28,BYD,Dolphin Mini,38.0,280
2026-09-01,21:43,2.46,102,A,Bruno Costa,43.59,1.02,intermediaria,44.46,GW22K-HCA-20,22.0,2026-09-01T21:43,EXD8C75,Tesla,Model 3 RWD,60.0,450
2026-09-01,13:59,4.46,201,A,Carla Mendes,38.47,0.85,fora_ponta,32.7,GW11K-HCA-20,11.0,2026-09-01T13:59,UWR6H57,GWM,Ora 03 Skin,48.0,310
2026-09-01,17:58,2.77,202,A,Daniel Oliveira,23.67,1.02,intermediaria,24.14,GW11K-HCA-20,11.0,2026-09-01T17:58,YKD1M12,Fiat,500e,42.0,300
2026-09-01,23:17,1.73,301,B,Elena Souza,27.49,0.85,fora_ponta,23.37,GW22K-HCA-20,22.0,2026-09-01T23:17,XOR1M10,BYD,Yuan Plus,60.5,430
2026-09-01,21:33,2.64,401,B,Gabriela Lima,24.77,1.02,intermediaria,25.27,GW11K-HCA-20,11.0,2026-09-01T21:33,YJC3D48,Peugeot,e-208,51.0,360
2026-09-01,01:00,1.74,402,B,Henrique Rocha,15.63,0.85,fora_ponta,13.29,GW11K-HCA-20,11.0,2026-09-01T01:00,IOU5F47,JAC,e-JS1,30.2,300
2026-09-02,02:12,2.02,101,A,Ana Silva,11.85,0.85,fora_ponta,10.07,GW7K-HCA-20,7.0,2026-09-02T02:12,UDA4H28,BYD,Dolphin Mini,38.0,280
2026-09-02,22:40,1.17,102,A,Bruno Costa,23.5,0.85,fora_ponta,19.97,GW22K-HCA-20,22.0,2026-09-02T22:40,EXD8C75,Tesla,Model 3 RWD,60.0,450
2026-09-02,11:57,2.48,201,A,Carla Mendes,20.22,0.85,fora_ponta,17.19,GW11K-HCA-20,11.0,2026-09-02T11:57,SIZ0Y20,Volvo,EX30,51.0,340
2026-09-02,20:59,3.53,202,A,Daniel Oliveira,33.74,1.27,ponta,42.85,GW11K-HCA-20,11.0,2026-09-02T20:59,YKD1M12,Fiat,500e,42.0,300
2026-09-02,23:10,2.66,301,B,Elena Souza,44.59,0.85,fora_ponta,37.9,GW22K-HCA-20,22.0,2026-09-02T23:10,XOR1M10,BYD,Yuan Plus,60.5,430
2026-09-02,03:52,1.62,302,B,Felipe Santos,9.04,0.85,fora_ponta,7.68,GW7K-HCA-20,7.0,2026-09-02T03:52,RJU9L73,Renault,Kwid E-Tech,26.8,185
2026-09-02,21:41,3.61,401,B,Gabriela Lima,29.05,1.02,intermediaria,29.63,GW11K-HCA-20,11.0,2026-09-02T21:41,YJC3D48,Peugeot,e-208,51.0,360
2026-09-03,02:06,2.37,101,A,Ana Silva,11.87,0.85,fora_ponta,10.09,GW7K-HCA-20,7.0,2026-09-03T02:06,UDA4H28,BYD,Dolphin Mini,38.0,280
2026-09-03,21:09,2.72,102,A,Bruno Costa,41.84,1.02,intermediaria,42.68,GW22K-HCA-20,22.0,2026-09-03T21:09,EXD8C75,Tesla,Model 3 RWD,60.0,450
2026-09-03,14:57,3.51,201,A,Carla Mendes,27.02,0.85,fora_ponta,22.97,GW11K-HCA-20,11.0,2026-09-03T14:57,UWR6H57,GWM,Ora 03 Skin,48.0,310
2026-09-03,02:49,2.9,301,B,Elena Souza,45.66,0.85,fora_ponta,38.81,GW22K-HCA-20,22.0,2026-09-03T02:49,XOR1M10,BYD,Yuan Plus,60.5,430
2026-09-03,00:36,1.78,302,B,Felipe Santos,11.43,0.85,fora_ponta,9.72,GW7K-HCA-20,7.0,2026-09-03T00:36,RJU9L73,Renault,Kwid E-Tech,26.8,185
2026-09-03,20:23,3.02,401,B,Gabriela Lima,30.24,1.27,ponta,38.4,GW11K-HCA-20,11.0,2026-09-03T20:23,YJC3D48,Peugeot,e-208,51.0,360
2026-09-03,03:11,4.58,402,B,Henrique Rocha,46.01,0.85,fora_ponta,39.11,GW11K-HCA-20,11.0,2026-09-03T03:11,LGV4W87,Hyundai,Ioniq 5,77.4,480
2026-09-04,23:40,4.41,101,A,Ana Silva,24.92,0.85,fora_ponta,21.18,GW7K-HCA-20,7.0,2026-09-04T23:40,UDA4H28,BYD,Dolphin Mini,38.0,280
2026-09-04,19:02,1.38,102,A,Bruno Costa,26.0,1.27,ponta,33.02,GW22K-HCA-20,22.0,2026-09-04T19:02,EXD8C75,Tesla,Model 3 RWD,60.0,450
2026-09-04,00:34,2.63,301,B,Elena Souza,50.77,0.85,fora_ponta,43.15,GW22K-HCA-20,22.0,2026-09-04T00:34,XOR1M10,BYD,Yuan Plus,60.5,430
2026-09-04,20:25,1.94,401,B,Gabriela Lima,18.74,1.27,ponta,23.8,GW11K-HCA-20,11.0,2026-09-04T20:25,YJC3D48,Peugeot,e-208,51.0,360
2026-09-04,03:59,1.07,402,B,Henrique Rocha,10.18,0.85,fora_ponta,8.65,GW11K-HCA-20,11.0,2026-09-04T03:59,IOU5F47,JAC,e-JS1,30.2,300
2026-09-05,19:44,2.7,102,A,Bruno Costa,41.77,0.85,fora_ponta,35.5,GW22K-HCA-20,22.0,2026-09-05T19:44,EXD8C75,Tesla,Model 3 RWD,60.0,450
2026-09-05,00:07,1.81,302,B,Felipe Santos,11.1,0.85,fora_ponta,9.43,GW7K-HCA-20,7.0,2026-09-05T00:07,RJU9L73,Renault,Kwid E-Tech,26.8,185
2026-09-05,22:51,4.07,401,B,Gabriela Lima,38.6,0.85,fora_ponta,32.81,GW11K-HCA-20,11.0,2026-09-05T22:51,YJC3D48,Peugeot,e-208,51.0,360
2026-09-05,05:53,2.99,402,B,Henrique Rocha,24.58,0.85,fora_ponta,20.89,GW11K-HCA-20,11.0,2026-09-05T05:53,IOU5F47,JAC,e-JS1,30.2,300
2026-09-05,02:21,3.08,402,B,Henrique Rocha,25.75,0.85,fora_ponta,21.89,GW11K-HCA-20,11.0,2026-09-05T02:21,LGV4W87,Hyundai,Ioniq 5,77.4,480
2026-09-06,21:15,3.29,102,A,Bruno Costa,51.39,0.85,fora_ponta,43.68,GW22K-HCA-20,22.0,2026-09-06T21:15,EXD8C75,Tesla,Model 3 RWD,60.0,450
2026-09-06,11:01,5.52,201,A,Carla Mendes,43.57,0.85,fora_ponta,37.03,GW11K-HCA-20,11.0,2026-09-06T11:01,SIZ0Y20,Volvo,EX30,51.0,340
2026-09-06,20:44,3.1,202,A,Daniel Oliveira,29.69,0.85,fora_ponta,25.24,GW11K-HCA-20,11.0,2026-09-06T20:44,YKD1M12,Fiat,500e,42.0,300
2026-09-07,00:45,3.33,101,A,Ana Silva,21.17,0.85,fora_ponta,17.99,GW7K-HCA-20,7.0,2026-09-07T00:45,UDA4H28,BYD,Dolphin Mini,38.0,280
2026-09-07,21:00,2.63,102,A,Bruno Costa,42.88,1.02,intermediaria,43.74,GW22K-HCA-20,22.0,2026-09-07T21:00,QTA8G91,BMW,iX1,66.5,430
2026-09-07,00:49,3.29,301,B,Elena Souza,53.96,0.85,fora_ponta,45.87,GW22K-HCA-20,22.0,2026-09-07T00:49,LLT4Z05,BYD,Seal,82.5,520
2026-09-07,06:31,1.39,302,B,Felipe Santos,8.26,0.85,fora_ponta,7.02,GW7K-HCA-20,7.0,2026-09-07T06:31,RJU9L73,Renault,Kwid E-Tech,26.8,185
2026-09-07,21:27,2.44,401,B,Gabriela Lima,22.46,1.02,intermediaria,22.91,GW11K-HCA-20,11.0,2026-09-07T21:27,YJC3D48,Peugeot,e-208,51.0,360
2026-09-08,00:10,4.76,101,A,Ana Silva,26.88,0.85,fora_ponta,22.85,GW7K-HCA-20,7.0,2026-09-08T00:10,UDA4H28,BYD,Dolphin Mini,38.0,280
2026-09-08,22:37,2.08,102,A,Bruno Costa,34.02,0.85,fora_ponta,28.92,GW22K-HCA-20,22.0,2026-09-08T22:37,QTA8G91,BMW,iX1,66.5,430
2026-09-08,18:06,1.99,202,A,Daniel Oliveira,17.32,1.27,ponta,22.0,GW11K-HCA-20,11.0,2026-09-08T18:06,YKD1M12,Fiat,500e,42.0,300
2026-09-08,00:37,2.41,301,B,Elena Souza,47.53,0.85,fora_ponta,40.4,GW22K-HCA-20,22.0,2026-09-08T00:37,LLT4Z05,BYD,Seal,82.5,520
2026-09-08,01:24,1.78,302,B,Felipe Santos,10.0,0.85,fora_ponta,8.5,GW7K-HCA-20,7.0,2026-09-08T01:24,RJU9L73,Renault,Kwid E-Tech,26.8,185
2026-09-08,21:21,2.03,401,B,Gabriela Lima,19.03,1.02,intermediaria,19.41,GW11K-HCA-20,11.0,2026-09-08T21:21,YJC3D48,Peugeot,e-208,51.0,360
2026-09-08,07:26,3.54,402,B,Henrique Rocha,30.24,0.85,fora_ponta,25.7,GW11K-HCA-20,11.0,2026-09-08T07:26,LGV4W87,Hyundai,Ioniq 5,77.4,480
2026-09-08,02:50,2.18,402,B,Henrique Rocha,21.86,0.85,fora_ponta,18.58,GW11K-HCA-20,11.0,2026-09-08T02:50,IOU5F47,JAC,e-JS1,30.2,300
2026-09-09,18:26,2.77,102,A,Bruno Costa,49.13,1.27,ponta,62.4,GW22K-HCA-20,22.0,2026-09-09T18:26,EXD8C75,Tesla,Model 3 RWD,60.0,450
2026-09-09,02:55,1.59,301,B,Elena Souza,26.94,0.85,fora_ponta,22.9,GW22K-HCA-20,22.0,2026-09-09T02:55,XOR1M10,BYD,Yuan Plus,60.5,430
2026-09-09,06:02,1.1,402,B,Henrique Rocha,9.69,0.85,fora_ponta,8.24,GW11K-HCA-20,11.0,2026-09-09T06:02,IOU5F47,JAC,e-JS1,30.2,300
2026-09-09,06:33,4.09,402,B,Henrique Rocha,39.49,0.85,fora_ponta,33.57,GW11K-HCA-20,11.0,2026-09-09T06:33,LGV4W87,Hyundai,Ioniq 5,77.4,480
2026-09-10,01:05,4.55,101,A,Ana Silva,22.36,0.85,fora_ponta,19.01,GW7K-HCA-20,7.0,2026-09-10T01:05,UDA4H28,BYD,Dolphin Mini,38.0,280
2026-09-10,20:18,1.37,102,A,Bruno Costa,27.73,1.27,ponta,35.22,GW22K-HCA-20,22.0,2026-09-10T20:18,EXD8C75,Tesla,Model 3 RWD,60.0,450
2026-09-10,16:54,3.55,201,A,Carla Mendes,32.33,0.85,fora_ponta,27.48,GW11K-HCA-20,11.0,2026-09-10T16:54,UWR6H57,GWM,Ora 03 Skin,48.0,310
2026-09-10,22:50,2.59,301,B,Elena Souza,47.83,0.85,fora_ponta,40.66,GW22K-HCA-20,22.0,2026-09-10T22:50,XOR1M10,BYD,Yuan Plus,60.5,430
2026-09-10,02:04,2.3,301,B,Elena Souza,43.05,0.85,fora_ponta,36.59,GW22K-HCA-20,22.0,2026-09-10T02:04,LLT4Z05,BYD,Seal,82.5,520
2026-09-10,20:39,4.21,401,B,Gabriela Lima,39.94,1.27,ponta,50.72,GW11K-HCA-20,11.0,2026-09-10T20:39,YJC3D48,Peugeot,e-208,51.0,360
2026-09-10,00:07,4.42,402,B,Henrique Rocha,39.04,0.85,fora_ponta,33.18,GW11K-HCA-20,11.0,2026-09-10T00:07,LGV4W87,Hyundai,Ioniq 5,77.4,480
2026-09-11,01:08,5.85,101,A,Ana Silva,30.82,0.85,fora_ponta,26.2,GW7K-HCA-20,7.0,2026-09-11T01:08,UDA4H28,BYD,Dolphin Mini,38.0,280
2026-09-11,19:20,1.9,102,A,Bruno Costa,31.7,1.27,ponta,40.26,GW22K-HCA-20,22.0,2026-09-11T19:20,EXD8C75,Tesla,Model 3 RWD,60.0,450
2026-09-11,20:31,2.38,202,A,Daniel Oliveira,23.07,1.27,ponta,29.3,GW11K-HCA-20,11.0,2026-09-11T20:31,YKD1M12,Fiat,500e,42.0,300
2026-09-11,00:39,1.66,301,B,Elena Souza,31.03,0.85,fora_ponta,26.38,GW22K-HCA-20,22.0,2026-09-11T00:39,XOR1M10,BYD,Yuan Plus,60.5,430
2026-09-12,23:25,5.46,101,A,Ana Silva,29.17,0.85,fora_ponta,24.79,GW7K-HCA-20,7.0,2026-09-12T23:25,UDA4H28,BYD,Dolphin Mini,38.0,280
2026-09-12,16:09,4.59,201,A,Carla Mendes,41.12,0.85,fora_ponta,34.95,GW11K-HCA-20,11.0,2026-09-12T16:09,UWR6H57,GWM,Ora 03 Skin,48.0,310
2026-09-12,20:22,2.25,202,A,Daniel Oliveira,21.31,0.85,fora_ponta,18.11,GW11K-HCA-20,11.0,2026-09-12T20:22,YKD1M12,Fiat,500e,42.0,300
2026-09-12,22:53,3.71,301,B,Elena Souza,68.76,0.85,fora_ponta,58.45,GW22K-HCA-20,22.0,2026-09-12T22:53,LLT4Z05,BYD,Seal,82.5,520
2026-09-12,01:21,2.12,301,B,Elena Souza,40.67,0.85,fora_ponta,34.57,GW22K-HCA-20,22.0,2026-09-12T01:21,XOR1M10,BYD,Yuan Plus,60.5,430
2026-09-13,19:50,1.78,102,A,Bruno Costa,31.62,0.85,fora_ponta,26.88,GW22K-HCA-20,22.0,2026-09-13T19:50,QTA8G91,BMW,iX1,66.5,430
2026-09-13,19:29,3.58,202,A,Daniel Oliveira,32.97,0.85,fora_ponta,28.02,GW11K-HCA-20,11.0,2026-09-13T19:29,YKD1M12,Fiat,500e,42.0,300
2026-09-13,22:53,2.93,301,B,Elena Souza,57.88,0.85,fora_ponta,49.2,GW22K-HCA-20,22.0,2026-09-13T22:53,LLT4Z05,BYD,Seal,82.5,520
2026-09-13,21:28,2.8,401,B,Gabriela Lima,22.78,0.85,fora_ponta,19.36,GW11K-HCA-20,11.0,2026-09-13T21:28,YJC3D48,Peugeot,e-208,51.0,360
2026-09-14,00:23,3.15,101,A,Ana Silva,20.19,0.85,fora_ponta,17.16,GW7K-HCA-20,7.0,2026-09-14T00:23,UDA4H28,BYD,Dolphin Mini,38.0,280
2026-09-14,21:59,2.29,102,A,Bruno Costa,36.89,1.02,intermediaria,37.63,GW22K-HCA-20,22.0,2026-09-14T21:59,EXD8C75,Tesla,Model 3 RWD,60.0,450
2026-09-14,20:09,1.15,102,A,Bruno Costa,21.78,1.27,ponta,27.66,GW22K-HCA-20,22.0,2026-09-14T20:09,QTA8G91,BMW,iX1,66.5,430
2026-09-14,19:48,3.69,202,A,Daniel Oliveira,33.51,1.27,ponta,42.56,GW11K-HCA-20,11.0,2026-09-14T19:48,YKD1M12,Fiat,500e,42.0,300
2026-09-14,23:44,1.27,301,B,Elena Souza,22.52,0.85,fora_ponta,19.14,GW22K-HCA-20,22.0,2026-09-14T23:44,XOR1M10,BYD,Yuan Plus,60.5,430
2026-09-14,07:22,1.35,402,B,Henrique Rocha,10.56,0.85,fora_ponta,8.98,GW11K-HCA-20,11.0,2026-09-14T07:22,IOU5F47,JAC,e-JS1,30.2,300
2026-09-14,03:50,6.5,402,B,Henrique Rocha,62.01,0.85,fora_ponta,52.71,GW11K-HCA-20,11.0,2026-09-14T03:50,LGV4W87,Hyundai,Ioniq 5,77.4,480
2026-09-15,23:32,3.38,101,A,Ana Silva,19.11,0.85,fora_ponta,16.24,GW7K-HCA-20,7.0,2026-09-15T23:32,UDA4H28,BYD,Dolphin Mini,38.0,280
2026-09-15,20:25,1.26,102,A,Bruno Costa,24.67,1.27,ponta,31.33,GW22K-HCA-20,22.0,2026-09-15T20:25,EXD8C75,Tesla,Model 3 RWD,60.0,450
2026-09-15,14:22,3.02,201,A,Carla Mendes,26.51,0.85,fora_ponta,22.53,GW11K-HCA-20,11.0,2026-09-15T14:22,SIZ0Y20,Volvo,EX30,51.0,340
2026-09-15,00:18,1.28,301,B,Elena Souza,24.25,0.85,fora_ponta,20.61,GW22K-HCA-20,22.0,2026-09-15T00:18,XOR1M10,BYD,Yuan Plus,60.5,430
2026-09-15,02:13,1.38,402,B,Henrique Rocha,13.97,0.85,fora_ponta,11.87,GW11K-HCA-20,11.0,2026-09-15T02:13,IOU5F47,JAC,e-JS1,30.2,300
2026-09-16,23:00,3.08,101,A,Ana Silva,19.42,0.85,fora_ponta,16.51,GW7K-HCA-20,7.0,2026-09-16T23:00,UDA4H28,BYD,Dolphin Mini,38.0,280
2026-09-16,19:11,2.89,102,A,Bruno Costa,48.56,1.27,ponta,61.67,GW22K-HCA-20,22.0,2026-09-16T19:11,EXD8C75,Tesla,Model 3 RWD,60.0,450
2026-09-16,13:31,3.88,201,A,Carla Mendes,34.21,0.85,fora_ponta,29.08,GW11K-HCA-20,11.0,2026-09-16T13:31,SIZ0Y20,Volvo,EX30,51.0,340
2026-09-16,19:40,3.43,202,A,Daniel Oliveira,30.34,1.27,ponta,38.53,GW11K-HCA-20,11.0,2026-09-16T19:40,YKD1M12,Fiat,500e,42.0,300
2026-09-16,22:31,2.66,301,B,Elena Souza,49.18,0.85,fora_ponta,41.8,GW22K-HCA-20,22.0,2026-09-16T22:31,XOR1M10,BYD,Yuan Plus,60.5,430
2026-09-16,07:36,4.97,402,B,Henrique Rocha,41.33,0.85,fora_ponta,35.13,GW11K-HCA-20,11.0,2026-09-16T07:36,LGV4W87,Hyundai,Ioniq 5,77.4,480
2026-09-17,03:32,5.26,101,A,Ana Silva,25.91,0.85,fora_ponta,22.02,GW7K-HCA-20,7.0,2026-09-17T03:32,UDA4H28,BYD,Dolphin Mini,38.0,280
2026-09-17,20:29,3.13,102,A,Bruno Costa,50.21,1.27,ponta,63.77,GW22K-HCA-20,22.0,2026-09-17T20:29,EXD8C75,Tesla,Model 3 RWD,60.0,450
2026-09-17,14:03,2.89,201,A,Carla Mendes,26.0,0.85,fora_ponta,22.1,GW11K-HCA-20,11.0,2026-09-17T14:03,SIZ0Y20,Volvo,EX30,51.0,340
2026-09-17,21:38,3.33,301,B,Elena Souza,60.05,1.02,intermediaria,61.25,GW22K-HCA-20,22.0,2026-09-17T21:38,LLT4Z05,BYD,Seal,82.5,520
2026-09-17,01:34,4.88,402,B,Henrique Rocha,47.33,0.85,fora_ponta,40.23,GW11K-HCA-20,11.0,2026-09-17T01:34,LGV4W87,Hyundai,Ioniq 5,77.4,480
2026-09-18,05:26,2.86,101,A,Ana Silva,18.04,0.85,fora_ponta,15.33,GW7K-HCA-20,7.0,2026-09-18T05:26,UDA4H28,BYD,Dolphin Mini,38.0,280
2026-09-18,19:50,2.77,102,A,Bruno Costa,50.9,1.27,ponta,64.64,GW22K-HCA-20,22.0,2026-09-18T19:50,EXD8C75,Tesla,Model 3 RWD,60.0,450
2026-09-18,21:29,3.58,102,A,Bruno Costa,57.15,1.02,intermediaria,58.29,GW22K-HCA-20,22.0,2026-09-18T21:29,QTA8G91,BMW,iX1,66.5,430
2026-09-18,13:44,2.92,201,A,Carla Mendes,28.26,0.85,fora_ponta,24.02,GW11K-HCA-20,11.0,2026-09-18T13:44,SIZ0Y20,Volvo,EX30,51.0,340
2026-09-18,11:45,2.62,201,A,Carla Mendes,24.93,0.85,fora_ponta,21.19,GW11K-HCA-20,11.0,2026-09-18T11:45,UWR6H57,GWM,Ora 03 Skin,48.0,310
2026-09-18,18:19,1.86,202,A,Daniel Oliveira,14.92,1.27,ponta,18.95,GW11K-HCA-20,11.0,2026-09-18T18:19,YKD1M12,Fiat,500e,42.0,300
2026-09-18,21:01,3.2,301,B,Elena Souza,61.09,1.02,intermediaria,62.31,GW22K-HCA-20,22.0,2026-09-18T21:01,LLT4Z05,BYD,Seal,82.5,520
2026-09-18,23:07,5.24,401,B,Gabriela Lima,40.87,0.85,fora_ponta,34.74,GW11K-HCA-20,11.0,2026-09-18T23:07,YJC3D48,Peugeot,e-208,51.0,360
2026-09-18,01:58,2.06,402,B,Henrique Rocha,18.83,0.85,fora_ponta,16.01,GW11K-HCA-20,11.0,2026-09-18T01:58,IOU5F47,JAC,e-JS1,30.2,300
2026-09-18,02:42,4.78,402,B,Henrique Rocha,37.86,0.85,fora_ponta,32.18,GW11K-HCA-20,11.0,2026-09-18T02:42,LGV4W87,Hyundai,Ioniq 5,77.4,480
2026-09-19,21:36,1.41,202,A,Daniel Oliveira,13.68,0.85,fora_ponta,11.63,GW11K-HCA-20,11.0,2026-09-19T21:36,YKD1M12,Fiat,500e,42.0,300
2026-09-20,23:59,2.73,101,A,Ana Silva,15.52,0.85,fora_ponta,13.19,GW7K-HCA-20,7.0,2026-09-20T23:59,UDA4H28,BYD,Dolphin Mini,38.0,280
2026-09-20,10:11,4.25,201,A,Carla Mendes,42.8,0.85,fora_ponta,36.38,GW11K-HCA-20,11.0,2026-09-20T10:11,SIZ0Y20,Volvo,EX30,51.0,340
2026-09-20,17:48,4.21,202,A,Daniel Oliveira,33.64,0.85,fora_ponta,28.59,GW11K-HCA-20,11.0,2026-09-20T17:48,YKD1M12,Fiat,500e,42.0,300
2026-09-20,02:18,2.41,301,B,Elena Souza,37.54,0.85,fora_ponta,31.91,GW22K-HCA-20,22.0,2026-09-20T02:18,XOR1M10,BYD,Yuan Plus,60.5,430
2026-09-20,00:07,2.46,301,B,Elena Souza,43.3,0.85,fora_ponta,36.8,GW22K-HCA-20,22.0,2026-09-20T00:07,LLT4Z05,BYD,Seal,82.5,520
2026-09-21,01:54,2.04,101,A,Ana Silva,12.63,0.85,fora_ponta,10.74,GW7K-HCA-20,7.0,2026-09-21T01:54,UDA4H28,BYD,Dolphin Mini,38.0,280
2026-09-21,18:43,2.32,102,A,Bruno Costa,36.83,1.27,ponta,46.77,GW22K-HCA-20,22.0,2026-09-21T18:43,EXD8C75,Tesla,Model 3 RWD,60.0,450
2026-09-21,10:09,2.94,201,A,Carla Mendes,27.6,0.85,fora_ponta,23.46,GW11K-HCA-20,11.0,2026-09-21T10:09,UWR6H57,GWM,Ora 03 Skin,48.0,310
2026-09-21,21:23,4.13,301,B,Elena Souza,70.4,1.02,intermediaria,71.81,GW22K-HCA-20,22.0,2026-09-21T21:23,LLT4Z05,BYD,Seal,82.5,520
2026-09-21,04:48,5.81,402,B,Henrique Rocha,52.95,0.85,fora_ponta,45.01,GW11K-HCA-20,11.0,2026-09-21T04:48,LGV4W87,Hyundai,Ioniq 5,77.4,480
2026-09-22,03:30,3.87,101,A,Ana Silva,24.62,0.85,fora_ponta,20.93,GW7K-HCA-20,7.0,2026-09-22T03:30,UDA4H28,BYD,Dolphin Mini,38.0,280
2026-09-22,10:07,2.8,201,A,Carla Mendes,24.93,0.85,fora_ponta,21.19,GW11K-HCA-20,11.0,2026-09-22T10:07,SIZ0Y20,Volvo,EX30,51.0,340
2026-09-22,09:06,3.87,201,A,Carla Mendes,37.56,0.85,fora_ponta,31.93,GW11K-HCA-20,11.0,2026-09-22T09:06,UWR6H57,GWM,Ora 03 Skin,48.0,310
2026-09-22,22:19,2.51,301,B,Elena Souza,39.77,0.85,fora_ponta,33.8,GW22K-HCA-20,22.0,2026-09-22T22:19,XOR1M10,BYD,Yuan Plus,60.5,430
2026-09-22,02:48,2.79,301,B,Elena Souza,49.55,0.85,fora_ponta,42.12,GW22K-HCA-20,22.0,2026-09-22T02:48,LLT4Z05,BYD,Seal,82.5,520
2026-09-22,22:51,4.39,401,B,Gabriela Lima,39.59,0.85,fora_ponta,33.65,GW11K-HCA-20,11.0,2026-09-22T22:51,YJC3D48,Peugeot,e-208,51.0,360
2026-09-23,04:28,3.2,101,A,Ana Silva,17.55,0.85,fora_ponta,14.92,GW7K-HCA-20,7.0,2026-09-23T04:28,UDA4H28,BYD,Dolphin Mini,38.0,280
2026-09-23,19:31,2.28,102,A,Bruno Costa,38.52,1.27,ponta,48.92,GW22K-HCA-20,22.0,2026-09-23T19:31,QTA8G91,BMW,iX1,66.5,430
2026-09-23,21:48,1.26,102,A,Bruno Costa,23.48,1.02,intermediaria,23.95,GW22K-HCA-20,22.0,2026-09-23T21:48,EXD8C75,Tesla,Model 3 RWD,60.0,450
2026-09-23,01:03,2.45,301,B,Elena Souza,43.68,0.85,fora_ponta,37.13,GW22K-HCA-20,22.0,2026-09-23T01:03,LLT4Z05,BYD,Seal,82.5,520
2026-09-23,00:01,5.98,402,B,Henrique Rocha,47.87,0.85,fora_ponta,40.69,GW11K-HCA-20,11.0,2026-09-23T00:01,LGV4W87,Hyundai,Ioniq 5,77.4,480
2026-09-24,03:24,2.43,101,A,Ana Silva,13.2,0.85,fora_ponta,11.22,GW7K-HCA-20,7.0,2026-09-24T03:24,UDA4H28,BYD,Dolphin Mini,38.0,280
2026-09-24,19:15,2.32,102,A,Bruno Costa,42.42,1.27,ponta,53.87,GW22K-HCA-20,22.0,2026-09-24T19:15,EXD8C75,Tesla,Model 3 RWD,60.0,450
2026-09-24,18:01,3.07,202,A,Daniel Oliveira,23.94,1.27,ponta,30.4,GW11K-HCA-20,11.0,2026-09-24T18:01,YKD1M12,Fiat,500e,42.0,300
2026-09-24,23:01,2.32,301,B,Elena Souza,42.31,0.85,fora_ponta,35.96,GW22K-HCA-20,22.0,2026-09-24T23:01,XOR1M10,BYD,Yuan Plus,60.5,430
2026-09-24,23:06,4.26,401,B,Gabriela Lima,34.92,0.85,fora_ponta,29.68,GW11K-HCA-20,11.0,2026-09-24T23:06,YJC3D48,Peugeot,e-208,51.0,360
2026-09-24,02:39,3.56,402,B,Henrique Rocha,35.78,0.85,fora_ponta,30.41,GW11K-HCA-20,11.0,2026-09-24T02:39,LGV4W87,Hyundai,Ioniq 5,77.4,480
2026-09-25,01:18,3.09,101,A,Ana Silva,16.57,0.85,fora_ponta,14.08,GW7K-HCA-20,7.0,2026-09-25T01:18,UDA4H28,BYD,Dolphin Mini,38.0,280
2026-09-25,22:06,2.42,102,A,Bruno Costa,40.48,0.85,fora_ponta,34.41,GW22K-HCA-20,22.0,2026-09-25T22:06,EXD8C75,Tesla,Model 3 RWD,60.0,450
2026-09-25,02:52,2.05,301,B,Elena Souza,39.61,0.85,fora_ponta,33.67,GW22K-HCA-20,22.0,2026-09-25T02:52,LLT4Z05,BYD,Seal,82.5,520
2026-09-25,22:39,3.22,401,B,Gabriela Lima,30.03,0.85,fora_ponta,25.53,GW11K-HCA-20,11.0,2026-09-25T22:39,YJC3D48,Peugeot,e-208,51.0,360
2026-09-25,07:13,2.05,402,B,Henrique Rocha,19.84,0.85,fora_ponta,16.86,GW11K-HCA-20,11.0,2026-09-25T07:13,IOU5F47,JAC,e-JS1,30.2,300
2026-09-26,22:46,2.58,102,A,Bruno Costa,46.26,0.85,fora_ponta,39.32,GW22K-HCA-20,22.0,2026-09-26T22:46,QTA8G91,BMW,iX1,66.5,430
2026-09-26,13:54,3.41,201,A,Carla Mendes,28.92,0.85,fora_ponta,24.58,GW11K-HCA-20,11.0,2026-09-26T13:54,UWR6H57,GWM,Ora 03 Skin,48.0,310
2026-09-26,12:54,3.1,201,A,Carla Mendes,30.02,0.85,fora_ponta,25.52,GW11K-HCA-20,11.0,2026-09-26T12:54,SIZ0Y20,Volvo,EX30,51.0,340
2026-09-26,20:15,1.8,202,A,Daniel Oliveira,14.69,0.85,fora_ponta,12.49,GW11K-HCA-20,11.0,2026-09-26T20:15,YKD1M12,Fiat,500e,42.0,300
2026-09-26,00:35,3.0,301,B,Elena Souza,52.32,0.85,fora_ponta,44.47,GW22K-HCA-20,22.0,2026-09-26T00:35,XOR1M10,BYD,Yuan Plus,60.5,430
2026-09-26,22:50,4.1,401,B,Gabriela Lima,38.1,0.85,fora_ponta,32.38,GW11K-HCA-20,11.0,2026-09-26T22:50,YJC3D48,Peugeot,e-208,51.0,360
2026-09-26,00:03,6.5,402,B,Henrique Rocha,59.14,0.85,fora_ponta,50.27,GW11K-HCA-20,11.0,2026-09-26T00:03,LGV4W87,Hyundai,Ioniq 5,77.4,480
2026-09-27,20:53,3.48,202,A,Daniel Oliveira,28.01,0.85,fora_ponta,23.81,GW11K-HCA-20,11.0,2026-09-27T20:53,YKD1M12,Fiat,500e,42.0,300
2026-09-27,01:42,3.2,301,B,Elena Souza,63.91,0.85,fora_ponta,54.32,GW22K-HCA-20,22.0,2026-09-27T01:42,LLT4Z05,BYD,Seal,82.5,520
2026-09-27,20:49,4.5,401,B,Gabriela Lima,38.2,0.85,fora_ponta,32.47,GW11K-HCA-20,11.0,2026-09-27T20:49,YJC3D48,Peugeot,e-208,51.0,360
2026-09-28,04:13,2.74,101,A,Ana Silva,14.16,0.85,fora_ponta,12.04,GW7K-HCA-20,7.0,2026-09-28T04:13,UDA4H28,BYD,Dolphin Mini,38.0,280
2026-09-28,16:34,2.72,201,A,Carla Mendes,27.21,0.85,fora_ponta,23.13,GW11K-HCA-20,11.0,2026-09-28T16:34,UWR6H57,GWM,Ora 03 Skin,48.0,310
2026-09-28,19:56,3.64,202,A,Daniel Oliveira,29.32,1.27,ponta,37.24,GW11K-HCA-20,11.0,2026-09-28T19:56,YKD1M12,Fiat,500e,42.0,300
2026-09-28,21:41,2.81,301,B,Elena Souza,51.55,1.02,intermediaria,52.58,GW22K-HCA-20,22.0,2026-09-28T21:41,XOR1M10,BYD,Yuan Plus,60.5,430
2026-09-29,02:35,3.23,101,A,Ana Silva,19.0,0.85,fora_ponta,16.15,GW7K-HCA-20,7.0,2026-09-29T02:35,UDA4H28,BYD,Dolphin Mini,38.0,280
2026-09-29,22:55,1.6,102,A,Bruno Costa,28.08,0.85,fora_ponta,23.87,GW22K-HCA-20,22.0,2026-09-29T22:55,EXD8C75,Tesla,Model 3 RWD,60.0,450
2026-09-29,13:05,4.86,201,A,Carla Mendes,46.32,0.85,fora_ponta,39.37,GW11K-HCA-20,11.0,2026-09-29T13:05,SIZ0Y20,Volvo,EX30,51.0,340
2026-09-29,20:40,1.98,202,A,Daniel Oliveira,19.14,1.27,ponta,24.31,GW11K-HCA-20,11.0,2026-09-29T20:40,YKD1M12,Fiat,500e,42.0,300
2026-09-29,21:52,2.55,301,B,Elena Souza,45.25,1.02,intermediaria,46.16,GW22K-HCA-20,22.0,2026-09-29T21:52,XOR1M10,BYD,Yuan Plus,60.5,430
2026-09-29,02:44,1.7,402,B,Henrique Rocha,13.36,0.85,fora_ponta,11.36,GW11K-HCA-20,11.0,2026-09-29T02:44,IOU5F47,JAC,e-JS1,30.2,300
2026-09-30,05:44,2.37,101,A,Ana Silva,11.81,0.85,fora_ponta,10.04,GW7K-HCA-20,7.0,2026-09-30T05:44,UDA4H28,BYD,Dolphin Mini,38.0,280
2026-09-30,18:25,1.59,102,A,Bruno Costa,26.82,1.27,ponta,34.06,GW22K-HCA-20,22.0,2026-09-30T18:25,EXD8C75,Tesla,Model 3 RWD,60.0,450
2026-09-30,21:43,2.12,202,A,Daniel Oliveira,21.17,1.02,intermediaria,21.59,GW11K-HCA-20,11.0,2026-09-30T21:43,YKD1M12,Fiat,500e,42.0,300
2026-09-30,23:11,2.96,301,B,Elena Souza,57.5,0.85,fora_ponta,48.88,GW22K-HCA-20,22.0,2026-09-30T23:11,LLT4Z05,BYD,Seal,82.5,520
2026-09-30,23:56,2.7,401,B,Gabriela Lima,26.24,0.85,fora_ponta,22.3,GW11K-HCA-20,11.0,2026-09-30T23:56,YJC3D48,Peugeot,e-208,51.0,360
2026-09-30,03:58,1.2,402,B,Henrique Rocha,10.57,0.85,fora_ponta,8.98,GW11K-HCA-20,11.0,2026-09-30T03:58,IOU5F47,JAC,e-JS1,30.2,300
2026-09-30,02:03,4.59,402,B,Henrique Rocha,40.1,0.85,fora_ponta,34.09,GW11K-HCA-20,11.0,2026-09-30T02:03,LGV4W87,Hyundai,Ioniq 5,77.4,480
2026-10-01,00:36,2.27,101,A,Ana Silva,13.63,0.85,fora_ponta,11.59,GW7K-HCA-20,7.0,2026-10-01T00:36,UDA4H28,BYD,Dolphin Mini,38.0,280
2026-10-01,21:07,1.87,102,A,Bruno Costa,30.7,1.02,intermediaria,31.31,GW22K-HCA-20,22.0,2026-10-01T21:07,QTA8G91,BMW,iX1,66.5,430
2026-10-01,22:27,2.62,301,B,Elena Souza,47.9,0.85,fora_ponta,40.71,GW22K-HCA-20,22.0,2026-10-01T22:27,XOR1M10,BYD,Yuan Plus,60.5,430
2026-10-01,21:26,4.88,401,B,Gabriela Lima,37.88,1.02,intermediaria,38.64,GW11K-HCA-20,11.0,2026-10-01T21:26,YJC3D48,Peugeot,e-208,51.0,360
2026-10-02,03:37,4.47,101,A,Ana Silva,25.04,0.85,fora_ponta,21.28,GW7K-HCA-20,7.0,2026-10-02T03:37,UDA4H28,BYD,Dolphin Mini,38.0,280
2026-10-02,21:43,1.75,102,A,Bruno Costa,30.25,1.02,intermediaria,30.86,GW22K-HCA-20,22.0,2026-10-02T21:43,QTA8G91,BMW,iX1,66.5,430
2026-10-02,22:16,1.24,102,A,Bruno Costa,22.37,0.85,fora_ponta,19.01,GW22K-HCA-20,22.0,2026-10-02T22:16,EXD8C75,Tesla,Model 3 RWD,60.0,450
2026-10-02,14:38,4.64,201,A,Carla Mendes,46.55,0.85,fora_ponta,39.57,GW11K-HCA-20,11.0,2026-10-02T14:38,SIZ0Y20,Volvo,EX30,51.0,340
2026-10-02,01:39,1.58,301,B,Elena Souza,31.84,0.85,fora_ponta,27.06,GW22K-HCA-20,22.0,2026-10-02T01:39,XOR1M10,BYD,Yuan Plus,60.5,430
2026-10-02,22:57,2.84,301,B,Elena Souza,51.66,0.85,fora_ponta,43.91,GW22K-HCA-20,22.0,2026-10-02T22:57,LLT4Z05,BYD,Seal,82.5,520
2026-10-02,21:05,2.74,401,B,Gabriela Lima,24.58,1.02,intermediaria,25.07,GW11K-HCA-20,11.0,2026-10-02T21:05,YJC3D48,Peugeot,e-208,51.0,360
2026-10-02,02:31,2.4,402,B,Henrique Rocha,23.33,0.85,fora_ponta,19.83,GW11K-HCA-20,11.0,2026-10-02T02:31,IOU5F47,JAC,e-JS1,30.2,300
2026-10-02,06:18,6.5,402,B,Henrique Rocha,61.09,0.85,fora_ponta,51.93,GW11K-HCA-20,11.0,2026-10-02T06:18,LGV4W87,Hyundai,Ioniq 5,77.4,480
2026-10-03,18:35,3.32,202,A,Daniel Oliveira,30.85,0.85,fora_ponta,26.22,GW11K-HCA-20,11.0,2026-10-03T18:35,YKD1M12,Fiat,500e,42.0,300
2026-10-03,23:16,2.3,401,B,Gabriela Lima,20.29,0.85,fora_ponta,17.25,GW11K-HCA-20,11.0,2026-10-03T23:16,YJC3D48,Peugeot,e-208,51.0,360
2026-10-03,00:28,4.07,402,B,Henrique Rocha,38.29,0.85,fora_ponta,32.55,GW11K-HCA-20,11.0,2026-10-03T00:28,LGV4W87,Hyundai,Ioniq 5,77.4,480
2026-10-04,18:22,1.18,102,A,Bruno Costa,23.14,0.85,fora_ponta,19.67,GW22K-HCA-20,22.0,2026-10-04T18:22,EXD8C75,Tesla,Model 3 RWD,60.0,450
2026-10-04,12:37,6.09,201,A,Carla Mendes,46.92,0.85,fora_ponta,39.88,GW11K-HCA-20,11.0,2026-10-04T12:37,SIZ0Y20,Volvo,EX30,51.0,340
2026-10-04,15:58,1.95,201,A,Carla Mendes,18.65,0.85,fora_ponta,15.85,GW11K-HCA-20,11.0,2026-10-04T15:58,UWR6H57,GWM,Ora 03 Skin,48.0,310
2026-10-04,19:43,4.21,202,A,Daniel Oliveira,33.66,0.85,fora_ponta,28.61,GW11K-HCA-20,11.0,2026-10-04T19:43,YKD1M12,Fiat,500e,42.0,300
2026-10-04,23:09,1.54,301,B,Elena Souza,27.21,0.85,fora_ponta,23.13,GW22K-HCA-20,22.0,2026-10-04T23:09,LLT4Z05,BYD,Seal,82.5,520
