data,unidade,bloco,proprietario,kwh,n_sessoes,custo,kwh_ponta,kwh_intermediaria,kwh_fora_ponta,n_veiculos,placas
2026-04-01,101,A,Ana Silva,19.42,1,16.51,0.0,0.0,19.42,1,UDA4H28
2026-04-01,102,A,Bruno Costa,39.85,1,50.61,39.85,0.0,0.0,2,EXD8C75|NBA1G29
2026-04-01,201,A,Carla Mendes,0.0,0,0.0,0.0,0.0,0.0,1,UWR6H57
2026-04-01,202,A,Daniel Oliveira,0.0,0,0.0,0.0,0.0,0.0,1,WNK4E27
2026-04-01,301,B,Elena Souza,43.69,1,37.14,0.0,0.0,43.69,1,LLT4Z05
2026-04-01,302,B,Felipe Santos,0.0,0,0.0,0.0,0.0,0.0,1,RJU9L73
2026-04-01,401,B,Gabriela Lima,17.72,1,15.06,0.0,0.0,17.72,1,GWC0V29
2026-04-01,402,B,Henrique Rocha,0.0,0,0.0,0.0,0.0,0.0,1,IOU5F47
2026-04-02,101,A,Ana Silva,22.57,1,19.18,0.0,0.0,22.57,1,UDA4H28
2026-04-02,102,A,Bruno Costa,78.82,2,85.23,43.39,0.0,35.43,2,EXD8C75|NBA1G29
2026-04-02,201,A,Carla Mendes,0.0,0,0.0,0.0,0.0,0.0,1,UWR6H57
2026-04-02,202,A,Daniel Oliveira,30.28,1,38.46,30.28,0.0,0.0,1,WNK4E27
2026-04-02,301,B,Elena Souza,27.51,1,23.38,0.0,0.0,27.51,1,LLT4Z05
2026-04-02,302,B,Felipe Santos,0.0,0,0.0,0.0,0.0,0.0,1,RJU9L73
2026-04-02,401,B,Gabriela Lima,23.47,1,23.94,0.0,23.47,0.0,1,GWC0V29
2026-04-02,402,B,Henrique Rocha,0.0,0,0.0,0.0,0.0,0.0,1,IOU5F47
2026-04-03,101,A,Ana Silva,29.38,1,24.97,0.0,0.0,29.38,1,UDA4H28
2026-04-03,102,A,Bruno Costa,65.15,2,82.74,65.15,0.0,0.0,2,EXD8C75|NBA1G29
2026-04-03,201,A,Carla Mendes,26.45,1,22.48,0.0,0.0,26.45,1,UWR6H57
2026-04-03,202,A,Daniel Oliveira,21.56,1,27.38,21.56,0.0,0.0,1,WNK4E27
2026-04-03,301,B,Elena Souza,23.43,1,19.92,0.0,0.0,23.43,1,LLT4Z05
2026-04-03,302,B,Felipe Santos,11.25,1,9.56,0.0,0.0,11.25,1,RJU9L73
2026-04-03,401,B,Gabriela Lima,16.03,1,16.35,0.0,16.03,0.0,1,GWC0V29
2026-04-03,402,B,Henrique Rocha,15.52,1,13.19,0.0,0.0,15.52,1,IOU5F47
2026-04-04,101,A,Ana Silva,0.0,0,0.0,0.0,0.0,0.0,1,UDA4H28
2026-04-04,102,A,Bruno Costa,0.0,0,0.0,0.0,0.0,0.0,2,EXD8C75|NBA1G29
2026-04-04,201,A,Carla Mendes,18.1,1,15.39,0.0,0.0,18.1,1,UWR6H57
2026-04-04,202,A,Daniel Oliveira,29.68,1,25.23,0.0,0.0,29.68,1,WNK4E27
2026-04-04,301,B,Elena Souza,0.0,0,0.0,0.0,0.0,0.0,1,LLT4Z05
2026-04-04,302,B,Felipe Santos,0.0,0,0.0,0.0,0.0,0.0,1,RJU9L73
2026-04-04,401,B,Gabriela Lima,20.39,1,17.33,0.0,0.0,20.39,1,GWC0V29
2026-04-04,402,B,Henrique Rocha,14.2,1,12.07,0.0,0.0,14.2,1,IOU5F47
2026-04-05,101,A,Ana Silva,0.0,0,0.0,0.0,0.0,0.0,1,UDA4H28
2026-04-05,102,A,Bruno Costa,0.0,0,0.0,0.0,0.0,0.0,2,EXD8C75|NBA1G29
2026-04-05,201,A,Carla Mendes,0.0,0,0.0,0.0,0.0,0.0,1,UWR6H57
2026-04-05,202,A,Daniel Oliveira,17.15,1,14.58,0.0,0.0,17.15,1,WNK4E27
2026-04-05,301,B,Elena Souza,0.0,0,0.0,0.0,0.0,0.0,1,LLT4Z05
2026-04-05,302,B,Felipe Santos,0.0,0,0.0,0.0,0.0,0.0,1,RJU9L73
2026-04-05,401,B,Gabriela Lima,0.0,0,0.0,0.0,0.0,0.0,1,GWC0V29
2026-04-05,402,B,Henrique Rocha,9.68,1,8.23,0.0,0.0,9.68,1,IOU5F47
2026-04-06,101,A,Ana Silva,28.58,1,24.29,0.0,0.0,28.58,1,UDA4H28
2026-04-06,102,A,Bruno Costa,76.16,2,88.1,41.68,34.48,0.0,2,EXD8C75|NBA1G29
2026-04-06,201,A,Carla Mendes,35.95,1,30.56,0.0,0.0,35.95,1,UWR6H57
2026-04-06,202,A,Daniel Oliveira,15.48,1,15.79,0.0,15.48,0.0,1,WNK4E27
2026-04-06,301,B,Elena Souza,0.0,0,0.0,0.0,0.0,0.0,1,LLT4Z05
2026-04-06,302,B,Felipe Santos,0.0,0,0.0,0.0,0.0,0.0,1,RJU9L73
2026-04-06,401,B,Gabriela Lima,0.0,0,0.0,0.0,0.0,0.0,1,GWC0V29
2026-04-06,402,B,Henrique Rocha,20.84,1,17.71,0.0,0.0,20.84,1,IOU5F47
2026-04-07,101,A,Ana Silva,27.6,1,23.46,0.0,0.0,27.6,1,UDA4H28
2026-04-07,102,A,Bruno Costa,85.63,2,108.75,85.63,0.0,0.0,2,EXD8C75|NBA1G29
2026-04-07,201,A,Carla Mendes,0.0,0,0.0,0.0,0.0,0.0,1,UWR6H57
2026-04-07,202,A,Daniel Oliveira,0.0,0,0.0,0.0,0.0,0.0,1,WNK4E27
2026-04-07,301,B,Elena Souza,29.88,1,25.4,0.0,0.0,29.88,1,LLT4Z05
2026-04-07,302,B,Felipe Santos,0.0,0,0.0,0.0,0.0,0.0,1,RJU9L73
2026-04-07,401,B,Gabriela Lima,14.45,1,18.35,14.45,0.0,0.0,1,GWC0V29
2026-04-07,402,B,Henrique Rocha,13.89,1,11.81,0.0,0.0,13.89,1,IOU5F47
2026-04-08,101,A,Ana Silva,28.37,1,24.11,0.0,0.0,28.37,1,UDA4H28
2026-04-08,102,A,Bruno Costa,0.0,0,0.0,0.0,0.0,0.0,2,EXD8C75|NBA1G29
2026-04-08,201,A,Carla Mendes,0.0,0,0.0,0.0,0.0,0.0,1,UWR6H57
2026-04-08,202,A,Daniel Oliveira,0.0,0,0.0,0.0,0.0,0.0,1,WNK4E27
2026-04-08,301,B,Elena Souza,50.96,1,43.32,0.0,0.0,50.96,1,LLT4Z05
2026-04-08,302,B,Felipe Santos,7.04,1,5.98,0.0,0.0,7.04,1,RJU9L73
2026-04-08,401,B,Gabriela Lima,21.09,1,17.93,0.0,0.0,21.09,1,GWC0V29
2026-04-08,402,B,Henrique Rocha,9.53,1,8.1,0.0,0.0,9.53,1,IOU5F47
2026-04-09,101,A,Ana Silva,27.37,1,23.26,0.0,0.0,27.37,1,UDA4H28
2026-04-09,102,A,Bruno Costa,30.07,1,38.19,30.07,0.0,0.0,2,EXD8C75|NBA1G29
2026-04-09,201,A,Carla Mendes,27.54,1,23.41,0.0,0.0,27.54,1,UWR6H57
2026-04-09,202,A,Daniel Oliveira,0.0,0,0.0,0.0,0.0,0.0,1,WNK4E27
2026-04-09,301,B,Elena Souza,26.12,1,22.2,0.0,0.0,26.12,1,LLT4Z05
2026-04-09,302,B,Felipe Santos,0.0,0,0.0,0.0,0.0,0.0,1,RJU9L73
2026-04-09,401,B,Gabriela Lima,15.07,1,12.81,0.0,0.0,15.07,1,GWC0V29
2026-04-09,402,B,Henrique Rocha,19.82,1,16.85,0.0,0.0,19.82,1,IOU5F47
2026-04-10,101,A,Ana Silva,14.68,1,12.48,0.0,0.0,14.68,1,UDA4H28
2026-04-10,102,A,Bruno Costa,25.36,1,25.87,0.0,25.36,0.0,2,EXD8C75|NBA1G29
2026-04-10,201,A,Carla Mendes,0.0,0,0.0,0.0,0.0,0.0,1,UWR6H57
2026-04-10,202,A,Daniel Oliveira,0.0,0,0.0,0.0,0.0,0.0,1,WNK4E27
2026-04-10,301,B,Elena Souza,62.73,1,63.98,0.0,62.73,0.0,1,LLT4Z05
2026-04-10,302,B,Felipe Santos,0.0,0,0.0,0.0,0.0,0.0,1,RJU9L73
2026-04-10,401,B,Gabriela Lima,0.0,0,0.0,0.0,0.0,0.0,1,GWC0V29
2026-04-10,402,B,Henrique Rocha,14.77,1,12.55,0.0,0.0,14.77,1,IOU5F47
2026-04-11,101,A,Ana Silva,13.49,1,11.47,0.0,0.0,13.49,1,UDA4H28
2026-04-11,102,A,Bruno Costa,0.0,0,0.0,0.0,0.0,0.0,2,EXD8C75|NBA1G29
2026-04-11,201,A,Carla Mendes,0.0,0,0.0,0.0,0.0,0.0,1,UWR6H57
2026-04-11,202,A,Daniel Oliveira,0.0,0,0.0,0.0,0.0,0.0,1,WNK4E27
2026-04-11,301,B,Elena Souza,0.0,0,0.0,0.0,0.0,0.0,1,LLT4Z05
2026-04-11,302,B,Felipe Santos,0.0,0,0.0,0.0,0.0,0.0,1,RJU9L73
2026-04-11,401,B,Gabriela Lima,0.0,0,0.0,0.0,0.0,0.0,1,GWC0V29
2026-04-11,402,B,Henrique Rocha,0.0,0,0.0,0.0,0.0,0.0,1,IOU5F47
2026-04-12,101,A,Ana Silva,0.0,0,0.0,0.0,0.0,0.0,1,UDA4H28
2026-04-12,102,A,Bruno Costa,41.28,1,35.09,0.0,0.0,41.28,2,EXD8C75|NBA1G29
2026-04-12,201,A,Carla Mendes,0.0,0,0.0,0.0,0.0,0.0,1,UWR6H57
2026-04-12,202,A,Daniel Oliveira,25.65,1,21.8,0.0,0.0,25.65,1,WNK4E27
2026-04-12,301,B,Elena Souza,0.0,0,0.0,0.0,0.0,0.0,1,LLT4Z05
2026-04-12,302,B,Felipe Santos,0.0,0,0.0,0.0,0.0,0.0,1,RJU9L73
2026-04-12,401,B,Gabriela Lima,0.0,0,0.0,0.0,0.0,0.0,1,GWC0V29
2026-04-12,402,B,Henrique Rocha,0.0,0,0.0,0.0,0.0,0.0,1,IOU5F47
2026-04-13,101,A,Ana Silva,25.51,1,21.68,0.0,0.0,25.51,1,UDA4H28
2026-04-13,102,A,Bruno Costa,29.45,1,37.4,29.45,0.0,0.0,2,EXD8C75|NBA1G29
2026-04-13,201,A,Carla Mendes,18.84,1,16.01,0.0,0.0,18.84,1,UWR6H57
2026-04-13,202,A,Daniel Oliveira,19.65,1,24.96,19.65,0.0,0.0,1,WNK4E27
2026-04-13,301,B,Elena Souza,62.47,1,53.1,0.0,0.0,62.47,1,LLT4Z05
2026-04-13,302,B,Felipe Santos,0.0,0,0.0,0.0,0.0,0.0,1,RJU9L73
2026-04-13,401,B,Gabriela Lima,0.0,0,0.0,0.0,0.0,0.0,1,GWC0V29
2026-04-13,402,B,Henrique Rocha,0.0,0,0.0,0.0,0.0,0.0,1,IOU5F47
2026-04-14,101,A,Ana Silva,15.89,1,13.51,0.0,0.0,15.89,1,UDA4H28
2026-04-14,102,A,Bruno Costa,33.81,1,42.94,33.81,0.0,0.0,2,EXD8C75|NBA1G29
2026-04-14,201,A,Carla Mendes,0.0,0,0.0,0.0,0.0,0.0,1,UWR6H57
2026-04-14,202,A,Daniel Oliveira,19.83,1,20.23,0.0,19.83,0.0,1,WNK4E27
2026-04-14,301,B,Elena Souza,36.89,1,31.36,0.0,0.0,36.89,1,LLT4Z05
2026-04-14,302,B,Felipe Santos,0.0,0,0.0,0.0,0.0,0.0,1,RJU9L73
2026-04-14,401,B,Gabriela Lima,0.0,0,0.0,0.0,0.0,0.0,1,GWC0V29
2026-04-14,402,B,Henrique Rocha,0.0,0,0.0,0.0,0.0,0.0,1,IOU5F47
2026-04-15,101,A,Ana Silva,14.97,1,12.72,0.0,0.0,14.97,1,UDA4H28
2026-04-15,102,A,Bruno Costa,0.0,0,0.0,0.0,0.0,0.0,2,EXD8C75|NBA1G29
2026-04-15,201,A,Carla Mendes,14.16,1,12.04,0.0,0.0,14.16,1,UWR6H57
2026-04-15,202,A,Daniel Oliveira,16.37,1,20.79,16.37,0.0,0.0,1,WNK4E27
2026-04-15,301,B,Elena Souza,27.81,1,23.64,0.0,0.0,27.81,1,LLT4Z05
2026-04-15,302,B,Felipe Santos,0.0,0,0.0,0.0,0.0,0.0,1,RJU9L73
2026-04-15,401,B,Gabriela Lima,0.0,0,0.0,0.0,0.0,0.0,1,GWC0V29
2026-04-15,402,B,Henrique Rocha,0.0,0,0.0,0.0,0.0,0.0,1,IOU5F47
2026-04-16,101,A,Ana Silva,24.0,1,20.4,0.0,0.0,24.0,1,UDA4H28
2026-04-16,102,A,Bruno Costa,30.08,1,38.2,30.08,0.0,0.0,2,EXD8C75|NBA1G29
2026-04-16,201,A,Carla Mendes,24.27,1,20.63,0.0,0.0,24.27,1,UWR6H57
2026-04-16,202,A,Daniel Oliveira,0.0,0,0.0,0.0,0.0,0.0,1,WNK4E27
2026-04-16,301,B,Elena Souza,63.53,1,54.0,0.0,0.0,63.53,1,LLT4Z05
2026-04-16,302,B,Felipe Santos,0.0,0,0.0,0.0,0.0,0.0,1,RJU9L73
2026-04-16,401,B,Gabriela Lima,22.06,1,18.75,0.0,0.0,22.06,1,GWC0V29
2026-04-16,402,B,Henrique Rocha,17.79,1,15.12,0.0,0.0,17.79,1,IOU5F47
2026-04-17,101,A,Ana Silva,17.47,1,14.85,0.0,0.0,17.47,1,UDA4H28
2026-04-17,102,A,Bruno Costa,35.53,1,30.2,0.0,0.0,35.53,2,EXD8C75|NBA1G29
2026-04-17,201,A,Carla Mendes,31.1,1,26.44,0.0,0.0,31.1,1,UWR6H57
2026-04-17,202,A,Daniel Oliveira,24.56,1,31.19,24.56,0.0,0.0,1,WNK4E27
2026-04-17,301,B,Elena Souza,42.25,1,35.91,0.0,0.0,42.25,1,LLT4Z05
2026-04-17,302,B,Felipe Santos,11.44,1,9.72,0.0,0.0,11.44,1,RJU9L73
2026-04-17,401,B,Gabriela Lima,17.97,1,15.27,0.0,0.0,17.97,1,GWC0V29
2026-04-17,402,B,Henrique Rocha,14.0,1,11.9,0.0,0.0,14.0,1,IOU5F47
2026-04-18,101,A,Ana Silva,0.0,0,0.0,0.0,0.0,0.0,1,UDA4H28
2026-04-18,102,A,Bruno Costa,57.24,2,48.65,0.0,0.0,57.24,2,EXD8C75|NBA1G29
2026-04-18,201,A,Carla Mendes,0.0,0,0.0,0.0,0.0,0.0,1,UWR6H57
2026-04-18,202,A,Daniel Oliveira,27.74,1,23.58,0.0,0.0,27.74,1,WNK4E27
2026-04-18,301,B,Elena Souza,57.18,1,48.6,0.0,0.0,57.18,1,LLT4Z05
2026-04-18,302,B,Felipe Santos,11.32,1,9.62,0.0,0.0,11.32,1,RJU9L73
2026-04-18,401,B,Gabriela Lima,0.0,0,0.0,0.0,0.0,0.0,1,GWC0V29
2026-04-18,402,B,Henrique Rocha,0.0,0,0.0,0.0,0.0,0.0,1,IOU5F47
2026-04-19,101,A,Ana Silva,0.0,0,0.0,0.0,0.0,0.0,1,UDA4H28
2026-04-19,102,A,Bruno Costa,23.53,1,20.0,0.0,0.0,23.53,2,EXD8C75|NBA1G29
2026-04-19,201,A,Carla Mendes,23.74,1,20.18,0.0,0.0,23.74,1,UWR6H57
2026-04-19,202,A,Daniel Oliveira,28.5,1,24.22,0.0,0.0,28.5,1,WNK4E27
2026-04-19,301,B,Elena Souza,46.09,1,39.18,0.0,0.0,46.09,1,LLT4Z05
2026-04-19,302,B,Felipe Santos,0.0,0,0.0,0.0,0.0,0.0,1,RJU9L73
2026-04-19,401,B,Gabriela Lima,0.0,0,0.0,0.0,0.0,0.0,1,GWC0V29
2026-04-19,402,B,Henrique Rocha,10.41,1,8.85,0.0,0.0,10.41,1,IOU5F47
2026-04-20,101,A,Ana Silva,22.14,1,18.82,0.0,0.0,22.14,1,UDA4H28
2026-04-20,102,A,Bruno Costa,46.5,1,59.05,46.5,0.0,0.0,2,EXD8C75|NBA1G29
2026-04-20,201,A,Carla Mendes,0.0,0,0.0,0.0,0.0,0.0,1,UWR6H57
2026-04-20,202,A,Daniel Oliveira,0.0,0,0.0,0.0,0.0,0.0,1,WNK4E27
2026-04-20,301,B,Elena Souza,0.0,0,0.0,0.0,0.0,0.0,1,LLT4Z05
2026-04-20,302,B,Felipe Santos,0.0,0,0.0,0.0,0.0,0.0,1,RJU9L73
2026-04-20,401,B,Gabriela Lima,18.97,1,16.12,0.0,0.0,18.97,1,GWC0V29
2026-04-20,402,B,Henrique Rocha,13.82,1,11.75,0.0,0.0,13.82,1,IOU5F47
2026-04-21,101,A,Ana Silva,20.18,1,17.15,0.0,0.0,20.18,1,UDA4H28
2026-04-21,102,A,Bruno Costa,26.74,1,27.27,0.0,26.74,0.0,2,EXD8C75|NBA1G29
2026-04-21,201,A,Carla Mendes,0.0,0,0.0,0.0,0.0,0.0,1,UWR6H57
2026-04-21,202,A,Daniel Oliveira,0.0,0,0.0,0.0,0.0,0.0,1,WNK4E27
2026-04-21,301,B,Elena Souza,31.24,1,26.55,0.0,0.0,31.24,1,LLT4Z05
2026-04-21,302,B,Felipe Santos,0.0,0,0.0,0.0,0.0,0.0,1,RJU9L73
2026-04-21,401,B,Gabriela Lima,0.0,0,0.0,0.0,0.0,0.0,1,GWC0V29
2026-04-21,402,B,Henrique Rocha,0.0,0,0.0,0.0,0.0,0.0,1,IOU5F47
2026-04-22,101,A,Ana Silva,24.07,1,20.46,0.0,0.0,24.07,1,UDA4H28
2026-04-22,102,A,Bruno Costa,0.0,0,0.0,0.0,0.0,0.0,2,EXD8C75|NBA1G29
2026-04-22,201,A,Carla Mendes,0.0,0,0.0,0.0,0.0,0.0,1,UWR6H57
2026-04-22,202,A,Daniel Oliveira,13.12,1,13.38,0.0,13.12,0.0,1,WNK4E27
2026-04-22,301,B,Elena Souza,0.0,0,0.0,0.0,0.0,0.0,1,LLT4Z05
2026-04-22,302,B,Felipe Santos,0.0,0,0.0,0.0,0.0,0.0,1,RJU9L73
2026-04-22,401,B,Gabriela Lima,19.84,1,16.86,0.0,0.0,19.84,1,GWC0V29
2026-04-22,402,B,Henrique Rocha,11.44,1,9.72,0.0,0.0,11.44,1,IOU5F47
2026-04-23,101,A,Ana Silva,25.83,1,21.96,0.0,0.0,25.83,1,UDA4H28
2026-04-23,102,A,Bruno Costa,26.31,1,33.41,26.31,0.0,0.0,2,EXD8C75|NBA1G29
2026-04-23,201,A,Carla Mendes,0.0,0,0.0,0.0,0.0,0.0,1,UWR6H57
2026-04-23,202,A,Daniel Oliveira,0.0,0,0.0,0.0,0.0,0.0,1,WNK4E27
2026-04-23,301,B,Elena Souza,55.34,1,47.04,0.0,0.0,55.34,1,LLT4Z05
2026-04-23,302,B,Felipe Santos,0.0,0,0.0,0.0,0.0,0.0,1,RJU9L73
2026-04-23,401,B,Gabriela Lima,0.0,0,0.0,0.0,0.0,0.0,1,GWC0V29
2026-04-23,402,B,Henrique Rocha,0.0,0,0.0,0.0,0.0,0.0,1,IOU5F47
2026-04-24,101,A,Ana Silva,24.97,1,21.22,0.0,0.0,24.97,1,UDA4H28
2026-04-24,102,A,Bruno Costa,21.05,1,21.47,0.0,21.05,0.0,2,EXD8C75|NBA1G29
2026-04-24,201,A,Carla Mendes,36.25,1,30.81,0.0,0.0,36.25,1,UWR6H57
2026-04-24,202,A,Daniel Oliveira,26.96,1,27.5,0.0,26.96,0.0,1,WNK4E27
2026-04-24,301,B,Elena Souza,51.67,1,43.92,0.0,0.0,51.67,1,LLT4Z05
2026-04-24,302,B,Felipe Santos,0.0,0,0.0,0.0,0.0,0.0,1,RJU9L73
2026-04-24,401,B,Gabriela Lima,0.0,0,0.0,0.0,0.0,0.0,1,GWC0V29
2026-04-24,402,B,Henrique Rocha,0.0,0,0.0,0.0,0.0,0.0,1,IOU5F47
2026-04-25,101,A,Ana Silva,0.0,0,0.0,0.0,0.0,0.0,1,UDA4H28
2026-04-25,102,A,Bruno Costa,40.11,1,34.09,0.0,0.0,40.11,2,EXD8C75|NBA1G29
2026-04-25,201,A,Carla Mendes,30.95,1,26.31,0.0,0.0,30.95,1,UWR6H57
2026-04-25,202,A,Daniel Oliveira,19.92,1,16.93,0.0,0.0,19.92,1,WNK4E27
2026-04-25,301,B,Elena Souza,26.77,1,22.75,0.0,0.0,26.77,1,LLT4Z05
2026-04-25,302,B,Felipe Santos,0.0,0,0.0,0.0,0.0,0.0,1,RJU9L73
2026-04-25,401,B,Gabriela Lima,18.81,1,15.99,0.0,0.0,18.81,1,GWC0V29
2026-04-25,402,B,Henrique Rocha,0.0,0,0.0,0.0,0.0,0.0,1,IOU5F47
2026-04-26,101,A,Ana Silva,0.0,0,0.0,0.0,0.0,0.0,1,UDA4H28
2026-04-26,102,A,Bruno Costa,73.22,2,62.23,0.0,0.0,73.22,2,EXD8C75|NBA1G29
2026-04-26,201,A,Carla Mendes,23.26,1,19.77,0.0,0.0,23.26,1,UWR6H57
2026-04-26,202,A,Daniel Oliveira,11.42,1,9.71,0.0,0.0,11.42,1,WNK4E27
2026-04-26,301,B,Elena Souza,0.0,0,0.0,0.0,0.0,0.0,1,LLT4Z05
2026-04-26,302,B,Felipe Santos,0.0,0,0.0,0.0,0.0,0.0,1,RJU9L73
2026-04-26,401,B,Gabriela Lima,0.0,0,0.0,0.0,0.0,0.0,1,GWC0V29
2026-04-26,402,B,Henrique Rocha,0.0,0,0.0,0.0,0.0,0.0,1,IOU5F47
2026-04-27,101,A,Ana Silva,22.93,1,19.49,0.0,0.0,22.93,1,UDA4H28
2026-04-27,102,A,Bruno Costa,36.52,1,46.38,36.52,0.0,0.0,2,EXD8C75|NBA1G29
2026-04-27,201,A,Carla Mendes,0.0,0,0.0,0.0,0.0,0.0,1,UWR6H57
2026-04-27,202,A,Daniel Oliveira,17.2,1,17.54,0.0,17.2,0.0,1,WNK4E27
2026-04-27,301,B,Elena Souza,61.8,1,52.53,0.0,0.0,61.8,1,LLT4Z05
2026-04-27,302,B,Felipe Santos,14.4,1,12.24,0.0,0.0,14.4,1,RJU9L73
2026-04-27,401,B,Gabriela Lima,21.45,1,18.23,0.0,0.0,21.45,1,GWC0V29
2026-04-27,402,B,Henrique Rocha,0.0,0,0.0,0.0,0.0,0.0,1,IOU5F47
2026-04-28,101,A,Ana Silva,25.09,1,21.33,0.0,0.0,25.09,1,UDA4H28
2026-04-28,102,A,Bruno Costa,26.47,1,33.62,26.47,0.0,0.0,2,EXD8C75|NBA1G29
2026-04-28,201,A,Carla Mendes,0.0,0,0.0,0.0,0.0,0.0,1,UWR6H57
2026-04-28,202,A,Daniel Oliveira,0.0,0,0.0,0.0,0.0,0.0,1,WNK4E27
2026-04-28,301,B,Elena Souza,0.0,0,0.0,0.0,0.0,0.0,1,LLT4Z05
2026-04-28,302,B,Felipe Santos,10.31,1,8.76,0.0,0.0,10.31,1,RJU9L73
2026-04-28,401,B,Gabriela Lima,0.0,0,0.0,0.0,0.0,0.0,1,GWC0V29
2026-04-28,402,B,Henrique Rocha,16.77,1,14.25,0.0,0.0,16.77,1,IOU5F47
2026-04-29,101,A,Ana Silva,18.69,1,15.89,0.0,0.0,18.69,1,UDA4H28
2026-04-29,102,A,Bruno Costa,31.06,1,39.45,31.06,0.0,0.0,2,EXD8C75|NBA1G29
2026-04-29,201,A,Carla Mendes,0.0,0,0.0,0.0,0.0,0.0,1,UWR6H57
2026-04-29,202,A,Daniel Oliveira,0.0,0,0.0,0.0,0.0,0.0,1,WNK4E27
2026-04-29,301,B,Elena Souza,35.1,1,35.8,0.0,35.1,0.0,1,LLT4Z05
2026-04-29,302,B,Felipe Santos,0.0,0,0.0,0.0,0.0,0.0,1,RJU9L73
2026-04-29,401,B,Gabriela Lima,0.0,0,0.0,0.0,0.0,0.0,1,GWC0V29
2026-04-29,402,B,Henrique Rocha,13.65,1,11.6,0.0,0.0,13.65,1,IOU5F47
2026-04-30,101,A,Ana Silva,27.42,1,23.31,0.0,0.0,27.42,1,UDA4H28
2026-04-30,102,A,Bruno Costa,47.62,1,60.48,47.62,0.0,0.0,2,EXD8C75|NBA1G29
2026-04-30,201,A,Carla Mendes,14.27,1,12.13,0.0,0.0,14.27,1,UWR6H57
2026-04-30,202,A,Daniel Oliveira,13.82,1,17.55,13.82,0.0,0.0,1,WNK4E27
2026-04-30,301,B,Elena Souza,48.48,1,41.21,0.0,0.0,48.48,1,LLT4Z05
2026-04-30,302,B,Felipe Santos,15.23,1,12.95,0.0,0.0,15.23,1,RJU9L73
2026-04-30,401,B,Gabriela Lima,23.14,1,19.67,0.0,0.0,23.14,1,GWC0V29
2026-04-30,402,B,Henrique Rocha,18.11,1,15.39,0.0,0.0,18.11,1,IOU5F47
2026-05-01,101,A,Ana Silva,22.36,1,19.01,0.0,0.0,22.36,1,UDA4H28
2026-05-01,102,A,Bruno Costa,44.7,1,45.59,0.0,44.7,0.0,2,EXD8C75|NBA1G29
2026-05-01,201,A,Carla Mendes,0.0,0,0.0,0.0,0.0,0.0,1,UWR6H57
2026-05-01,202,A,Daniel Oliveira,0.0,0,0.0,0.0,0.0,0.0,1,WNK4E27
2026-05-01,301,B,Elena Souza,39.29,1,33.4,0.0,0.0,39.29,1,LLT4Z05
2026-05-01,302,B,Felipe Santos,0.0,0,0.0,0.0,0.0,0.0,1,RJU9L73
2026-05-01,401,B,Gabriela Lima,20.55,1,17.47,0.0,0.0,20.55,1,GWC0V29
2026-05-01,402,B,Henrique Rocha,13.97,1,11.87,0.0,0.0,13.97,1,IOU5F47
2026-05-02,101,A,Ana Silva,0.0,0,0.0,0.0,0.0,0.0,1,UDA4H28
2026-05-02,102,A,Bruno Costa,0.0,0,0.0,0.0,0.0,0.0,2,EXD8C75|NBA1G29
2026-05-02,201,A,Carla Mendes,0.0,0,0.0,0.0,0.0,0.0,1,UWR6H57
2026-05-02,202,A,Daniel Oliveira,0.0,0,0.0,0.0,0.0,0.0,1,WNK4E27
2026-05-02,301,B,Elena Souza,0.0,0,0.0,0.0,0.0,0.0,1,LLT4Z05
2026-05-02,302,B,Felipe Santos,0.0,0,0.0,0.0,0.0,0.0,1,RJU9L73
2026-05-02,401,B,Gabriela Lima,0.0,0,0.0,0.0,0.0,0.0,1,GWC0V29
2026-05-02,402,B,Henrique Rocha,21.5,1,18.27,0.0,0.0,21.5,1,IOU5F47
2026-05-03,101,A,Ana Silva,0.0,0,0.0,0.0,0.0,0.0,1,UDA4H28
2026-05-03,102,A,Bruno Costa,37.67,1,32.02,0.0,0.0,37.67,2,EXD8C75|NBA1G29
2026-05-03,201,A,Carla Mendes,14.1,1,11.98,0.0,0.0,14.1,1,UWR6H57
2026-05-03,202,A,Daniel Oliveira,26.3,1,22.36,0.0,0.0,26.3,1,WNK4E27
2026-05-03,301,B,Elena Souza,37.23,1,31.65,0.0,0.0,37.23,1,LLT4Z05
2026-05-03,302,B,Felipe Santos,0.0,0,0.0,0.0,0.0,0.0,1,RJU9L73
2026-05-03,401,B,Gabriela Lima,0.0,0,0.0,0.0,0.0,0.0,1,GWC0V29
2026-05-03,402,B,Henrique Rocha,15.36,1,13.06,0.0,0.0,15.36,1,IOU5F47
2026-05-04,101,A,Ana Silva,19.01,1,16.16,0.0,0.0,19.01,1,UDA4H28
2026-05-04,102,A,Bruno Costa,32.04,1,40.69,32.04,0.0,0.0,2,EXD8C75|NBA1G29
2026-05-04,201,A,Carla Mendes,20.34,1,17.29,0.0,0.0,20.34,1,UWR6H57
2026-05-04,202,A,Daniel Oliveira,22.01,1,27.95,22.01,0.0,0.0,1,WNK4E27
2026-05-04,301,B,Elena Souza,59.9,1,61.1,0.0,59.9,0.0,1,LLT4Z05
2026-05-04,302,B,Felipe Santos,10.28,1,8.74,0.0,0.0,10.28,1,RJU9L73
2026-05-04,401,B,Gabriela Lima,23.78,1,24.26,0.0,23.78,0.0,1,GWC0V29
2026-05-04,402,B,Henrique Rocha,15.25,1,12.96,0.0,0.0,15.25,1,IOU5F47
2026-05-05,101,A,Ana Silva,25.72,1,21.86,0.0,0.0,25.72,1,UDA4H28
2026-05-05,102,A,Bruno Costa,39.89,1,50.66,39.89,0.0,0.0,2,EXD8C75|NBA1G29
2026-05-05,201,A,Carla Mendes,0.0,0,0.0,0.0,0.0,0.0,1,UWR6H57
2026-05-05,202,A,Daniel Oliveira,14.36,1,18.24,14.36,0.0,0.0,1,WNK4E27
2026-05-05,301,B,Elena Souza,47.37,1,40.26,0.0,0.0,47.37,1,LLT4Z05
2026-05-05,302,B,Felipe Santos,0.0,0,0.0,0.0,0.0,0.0,1,RJU9L73
2026-05-05,401,B,Gabriela Lima,0.0,0,0.0,0.0,0.0,0.0,1,GWC0V29
2026-05-05,402,B,Henrique Rocha,15.32,1,13.02,0.0,0.0,15.32,1,IOU5F47
2026-05-06,101,A,Ana Silva,12.19,1,10.36,0.0,0.0,12.19,1,UDA4H28
2026-05-06,102,A,Bruno Costa,47.86,1,60.78,47.86,0.0,0.0,2,EXD8C75|NBA1G29
2026-05-06,201,A,Carla Mendes,0.0,0,0.0,0.0,0.0,0.0,1,UWR6H57
2026-05-06,202,A,Daniel Oliveira,0.0,0,0.0,0.0,0.0,0.0,1,WNK4E27
2026-05-06,301,B,Elena Souza,57.78,1,49.11,0.0,0.0,57.78,1,LLT4Z05
2026-05-06,302,B,Felipe Santos,0.0,0,0.0,0.0,0.0,0.0,1,RJU9L73
2026-05-06,401,B,Gabriela Lima,21.65,1,18.4,0.0,0.0,21.65,1,GWC0V29
2026-05-06,402,B,Henrique Rocha,0.0,0,0.0,0.0,0.0,0.0,1,IOU5F47
2026-05-07,101,A,Ana Silva,19.18,1,16.3,0.0,0.0,19.18,1,UDA4H28
2026-05-07,102,A,Bruno Costa,60.2,2,76.46,60.2,0.0,0.0,2,EXD8C75|NBA1G29
2026-05-07,201,A,Carla Mendes,28.59,1,24.3,0.0,0.0,28.59,1,UWR6H57
2026-05-07,202,A,Daniel Oliveira,25.57,1,32.47,25.57,0.0,0.0,1,WNK4E27
2026-05-07,301,B,Elena Souza,53.3,1,45.3,0.0,0.0,53.3,1,LLT4Z05
2026-05-07,302,B,Felipe Santos,0.0,0,0.0,0.0,0.0,0.0,1,RJU9L73
2026-05-07,401,B,Gabriela Lima,0.0,0,0.0,0.0,0.0,0.0,1,GWC0V29
2026-05-07,402,B,Henrique Rocha,13.32,1,11.32,0.0,0.0,13.32,1,IOU5F47
2026-05-08,101,A,Ana Silva,13.75,1,11.69,0.0,0.0,13.75,1,UDA4H28
2026-05-08,102,A,Bruno Costa,41.21,1,52.34,41.21,0.0,0.0,2,EXD8C75|NBA1G29
2026-05-08,201,A,Carla Mendes,24.32,1,20.67,0.0,0.0,24.32,1,UWR6H57
2026-05-08,202,A,Daniel Oliveira,22.05,1,28.0,22.05,0.0,0.0,1,WNK4E27
2026-05-08,301,B,Elena Souza,63.65,1,54.1,0.0,0.0,63.65,1,LLT4Z05
2026-05-08,302,B,Felipe Santos,0.0,0,0.0,0.0,0.0,0.0,1,RJU9L73
2026-05-08,401,B,Gabriela Lima,12.01,1,12.25,0.0,12.01,0.0,1,GWC0V29
2026-05-08,402,B,Henrique Rocha,0.0,0,0.0,0.0,0.0,0.0,1,IOU5F47
2026-05-09,101,A,Ana Silva,27.04,1,22.98,0.0,0.0,27.04,1,UDA4H28
2026-05-09,102,A,Bruno Costa,36.17,1,30.74,0.0,0.0,36.17,2,EXD8C75|NBA1G29
2026-05-09,201,A,Carla Mendes,14.71,1,12.5,0.0,0.0,14.71,1,UWR6H57
2026-05-09,202,A,Daniel Oliveira,11.86,1,10.08,0.0,0.0,11.86,1,WNK4E27
2026-05-09,301,B,Elena Souza,0.0,0,0.0,0.0,0.0,0.0,1,LLT4Z05
2026-05-09,302,B,Felipe Santos,0.0,0,0.0,0.0,0.0,0.0,1,RJU9L73
2026-05-09,401,B,Gabriela Lima,0.0,0,0.0,0.0,0.0,0.0,1,GWC0V29
2026-05-09,402,B,Henrique Rocha,19.42,1,16.51,0.0,0.0,19.42,1,IOU5F47
2026-05-10,101,A,Ana Silva,13.65,1,11.6,0.0,0.0,13.65,1,UDA4H28
2026-05-10,102,A,Bruno Costa,23.0,1,19.55,0.0,0.0,23.0,2,EXD8C75|NBA1G29
2026-05-10,201,A,Carla Mendes,0.0,0,0.0,0.0,0.0,0.0,1,UWR6H57
2026-05-10,202,A,Daniel Oliveira,11.63,1,9.89,0.0,0.0,11.63,1,WNK4E27
2026-05-10,301,B,Elena Souza,55.61,2,47.26,0.0,0.0,55.61,2,LLT4Z05|XOR1M10
2026-05-10,302,B,Felipe Santos,10.86,1,9.23,0.0,0.0,10.86,1,RJU9L73
2026-05-10,401,B,Gabriela Lima,0.0,0,0.0,0.0,0.0,0.0,1,GWC0V29
2026-05-10,402,B,Henrique Rocha,19.85,1,16.87,0.0,0.0,19.85,1,IOU5F47
2026-05-11,101,A,Ana Silva,17.56,1,14.93,0.0,0.0,17.56,1,UDA4H28
2026-05-11,102,A,Bruno Costa,25.06,1,25.56,0.0,25.06,0.0,2,EXD8C75|NBA1G29
2026-05-11,201,A,Carla Mendes,0.0,0,0.0,0.0,0.0,0.0,1,UWR6H57
2026-05-11,202,A,Daniel Oliveira,0.0,0,0.0,0.0,0.0,0.0,1,WNK4E27
2026-05-11,301,B,Elena Souza,103.94,2,99.09,0.0,63.19,40.75,2,LLT4Z05|XOR1M10
2026-05-11,302,B,Felipe Santos,0.0,0,0.0,0.0,0.0,0.0,1,RJU9L73
2026-05-11,401,B,Gabriela Lima,0.0,0,0.0,0.0,0.0,0.0,1,GWC0V29
2026-05-11,402,B,Henrique Rocha,0.0,0,0.0,0.0,0.0,0.0,1,IOU5F47
2026-05-12,101,A,Ana Silva,18.48,1,15.71,0.0,0.0,18.48,1,UDA4H28
2026-05-12,102,A,Bruno Costa,0.0,0,0.0,0.0,0.0,0.0,2,EXD8C75|NBA1G29
2026-05-12,201,A,Carla Mendes,34.15,1,29.03,0.0,0.0,34.15,1,UWR6H57
2026-05-12,202,A,Daniel Oliveira,14.94,1,15.24,0.0,14.94,0.0,1,WNK4E27
2026-05-12,301,B,Elena Souza,36.1,1,30.68,0.0,0.0,36.1,2,LLT4Z05|XOR1M10
2026-05-12,302,B,Felipe Santos,0.0,0,0.0,0.0,0.0,0.0,1,RJU9L73
2026-05-12,401,B,Gabriela Lima,19.0,1,16.15,0.0,0.0,19.0,1,GWC0V29
2026-05-12,402,B,Henrique Rocha,20.91,1,17.77,0.0,0.0,20.91,1,IOU5F47
2026-05-13,101,A,Ana Silva,0.0,0,0.0,0.0,0.0,0.0,1,UDA4H28
2026-05-13,102,A,Bruno Costa,21.21,1,26.94,21.21,0.0,0.0,2,EXD8C75|NBA1G29
2026-05-13,201,A,Carla Mendes,25.44,1,21.62,0.0,0.0,25.44,1,UWR6H57
2026-05-13,202,A,Daniel Oliveira,0.0,0,0.0,0.0,0.0,0.0,1,WNK4E27
2026-05-13,301,B,Elena Souza,69.19,2,64.18,0.0,31.61,37.58,2,LLT4Z05|XOR1M10
2026-05-13,302,B,Felipe Santos,0.0,0,0.0,0.0,0.0,0.0,1,RJU9L73
2026-05-13,401,B,Gabriela Lima,13.4,1,13.67,0.0,13.4,0.0,1,GWC0V29
2026-05-13,402,B,Henrique Rocha,22.42,1,19.06,0.0,0.0,22.42,1,IOU5F47
2026-05-14,101,A,Ana Silva,12.04,1,10.23,0.0,0.0,12.04,1,UDA4H28
2026-05-14,102,A,Bruno Costa,24.51,1,31.13,24.51,0.0,0.0,2,EXD8C75|NBA1G29
2026-05-14,201,A,Carla Mendes,0.0,0,0.0,0.0,0.0,0.0,1,UWR6H57
2026-05-14,202,A,Daniel Oliveira,18.75,1,19.12,0.0,18.75,0.0,1,WNK4E27
2026-05-14,301,B,Elena Souza,40.62,1,41.43,0.0,40.62,0.0,2,LLT4Z05|XOR1M10
2026-05-14,302,B,Felipe Santos,0.0,0,0.0,0.0,0.0,0.0,1,RJU9L73
2026-05-14,401,B,Gabriela Lima,19.07,1,19.45,0.0,19.07,0.0,1,GWC0V29
2026-05-14,402,B,Henrique Rocha,16.35,1,13.9,0.0,0.0,16.35,1,IOU5F47
2026-05-15,101,A,Ana Silva,17.01,1,14.46,0.0,0.0,17.01,1,UDA4H28
2026-05-15,102,A,Bruno Costa,25.63,1,32.55,25.63,0.0,0.0,2,EXD8C75|NBA1G29
2026-05-15,201,A,Carla Mendes,37.91,1,32.22,0.0,0.0,37.91,1,UWR6H57
2026-05-15,202,A,Daniel Oliveira,0.0,0,0.0,0.0,0.0,0.0,1,WNK4E27
2026-05-15,301,B,Elena Souza,25.68,1,26.19,0.0,25.68,0.0,2,LLT4Z05|XOR1M10
2026-05-15,302,B,Felipe Santos,0.0,0,0.0,0.0,0.0,0.0,1,RJU9L73
2026-05-15,401,B,Gabriela Lima,0.0,0,0.0,0.0,0.0,0.0,1,GWC0V29
2026-05-15,402,B,Henrique Rocha,0.0,0,0.0,0.0,0.0,0.0,1,IOU5F47
2026-05-16,101,A,Ana Silva,0.0,0,0.0,0.0,0.0,0.0,1,UDA4H28
2026-05-16,102,A,Bruno Costa,27.3,1,23.2,0.0,0.0,27.3,2,EXD8C75|NBA1G29
2026-05-16,201,A,Carla Mendes,24.66,1,20.96,0.0,0.0,24.66,1,UWR6H57
2026-05-16,202,A,Daniel Oliveira,13.95,1,11.86,0.0,0.0,13.95,1,WNK4E27
2026-05-16,301,B,Elena Souza,0.0,0,0.0,0.0,0.0,0.0,2,LLT4Z05|XOR1M10
2026-05-16,302,B,Felipe Santos,0.0,0,0.0,0.0,0.0,0.0,1,RJU9L73
2026-05-16,401,B,Gabriela Lima,0.0,0,0.0,0.0,0.0,0.0,1,GWC0V29
2026-05-16,402,B,Henrique Rocha,23.17,1,19.69,0.0,0.0,23.17,1,IOU5F47
2026-05-17,101,A,Ana Silva,0.0,0,0.0,0.0,0.0,0.0,1,UDA4H28
2026-05-17,102,A,Bruno Costa,0.0,0,0.0,0.0,0.0,0.0,2,EXD8C75|NBA1G29
2026-05-17,201,A,Carla Mendes,0.0,0,0.0,0.0,0.0,0.0,1,UWR6H57
2026-05-17,202,A,Daniel Oliveira,0.0,0,0.0,0.0,0.0,0.0,1,WNK4E27
2026-05-17,301,B,Elena Souza,0.0,0,0.0,0.0,0.0,0.0,2,LLT4Z05|XOR1M10
2026-05-17,302,B,Felipe Santos,0.0,0,0.0,0.0,0.0,0.0,1,RJU9L73
2026-05-17,401,B,Gabriela Lima,13.8,1,11.73,0.0,0.0,13.8,1,GWC0V29
2026-05-17,402,B,Henrique Rocha,0.0,0,0.0,0.0,0.0,0.0,1,IOU5F47
2026-05-18,101,A,Ana Silva,11.78,1,10.01,0.0,0.0,11.78,1,UDA4H28
2026-05-18,102,A,Bruno Costa,19.31,1,24.52,19.31,0.0,0.0,2,EXD8C75|NBA1G29
2026-05-18,201,A,Carla Mendes,15.33,1,13.03,0.0,0.0,15.33,1,UWR6H57
2026-05-18,202,A,Daniel Oliveira,0.0,0,0.0,0.0,0.0,0.0,1,WNK4E27
2026-05-18,301,B,Elena Souza,41.28,1,35.09,0.0,0.0,41.28,2,LLT4Z05|XOR1M10
2026-05-18,302,B,Felipe Santos,0.0,0,0.0,0.0,0.0,0.0,1,RJU9L73
2026-05-18,401,B,Gabriela Lima,0.0,0,0.0,0.0,0.0,0.0,1,GWC0V29
2026-05-18,402,B,Henrique Rocha,23.83,1,20.26,0.0,0.0,23.83,1,IOU5F47
2026-05-19,101,A,Ana Silva,11.56,1,9.83,0.0,0.0,11.56,1,UDA4H28
2026-05-19,102,A,Bruno Costa,33.76,1,28.7,0.0,0.0,33.76,2,EXD8C75|NBA1G29
2026-05-19,201,A,Carla Mendes,0.0,0,0.0,0.0,0.0,0.0,1,UWR6H57
2026-05-19,202,A,Daniel Oliveira,21.57,1,22.0,0.0,21.57,0.0,1,WNK4E27
2026-05-19,301,B,Elena Souza,27.79,1,28.35,0.0,27.79,0.0,2,LLT4Z05|XOR1M10
2026-05-19,302,B,Felipe Santos,0.0,0,0.0,0.0,0.0,0.0,1,RJU9L73
2026-05-19,401,B,Gabriela Lima,24.28,1,20.64,0.0,0.0,24.28,1,GWC0V29
2026-05-19,402,B,Henrique Rocha,0.0,0,0.0,0.0,0.0,0.0,1,IOU5F47
2026-05-20,101,A,Ana Silva,22.95,1,19.51,0.0,0.0,22.95,1,UDA4H28
2026-05-20,102,A,Bruno Costa,80.71,2,94.18,47.39,33.32,0.0,2,EXD8C75|NBA1G29
2026-05-20,201,A,Carla Mendes,17.72,1,15.06,0.0,0.0,17.72,1,UWR6H57
2026-05-20,202,A,Daniel Oliveira,20.61,1,26.17,20.61,0.0,0.0,1,WNK4E27
2026-05-20,301,B,Elena Souza,23.48,1,19.96,0.0,0.0,23.48,2,LLT4Z05|XOR1M10
2026-05-20,302,B,Felipe Santos,0.0,0,0.0,0.0,0.0,0.0,1,RJU9L73
2026-05-20,401,B,Gabriela Lima,12.21,1,10.38,0.0,0.0,12.21,1,GWC0V29
2026-05-20,402,B,Henrique Rocha,17.48,1,14.86,0.0,0.0,17.48,1,IOU5F47
2026-05-21,101,A,Ana Silva,0.0,0,0.0,0.0,0.0,0.0,1,UDA4H28
2026-05-21,102,A,Bruno Costa,26.66,1,33.86,26.66,0.0,0.0,2,EXD8C75|NBA1G29
2026-05-21,201,A,Carla Mendes,19.37,1,16.46,0.0,0.0,19.37,1,UWR6H57
2026-05-21,202,A,Daniel Oliveira,0.0,0,0.0,0.0,0.0,0.0,1,WNK4E27
2026-05-21,301,B,Elena Souza,82.76,2,75.51,0.0,30.39,52.37,2,LLT4Z05|XOR1M10
2026-05-21,302,B,Felipe Santos,12.47,1,10.6,0.0,0.0,12.47,1,RJU9L73
2026-05-21,401,B,Gabriela Lima,19.19,1,16.31,0.0,0.0,19.19,1,GWC0V29
2026-05-21,402,B,Henrique Rocha,22.25,1,18.91,0.0,0.0,22.25,1,IOU5F47
2026-05-22,101,A,Ana Silva,0.0,0,0.0,0.0,0.0,0.0,1,UDA4H28
2026-05-22,102,A,Bruno Costa,0.0,0,0.0,0.0,0.0,0.0,2,EXD8C75|NBA1G29
2026-05-22,201,A,Carla Mendes,21.84,1,18.56,0.0,0.0,21.84,1,UWR6H57
2026-05-22,202,A,Daniel Oliveira,0.0,0,0.0,0.0,0.0,0.0,1,WNK4E27
2026-05-22,301,B,Elena Souza,33.25,1,28.26,0.0,0.0,33.25,2,LLT4Z05|XOR1M10
2026-05-22,302,B,Felipe Santos,0.0,0,0.0,0.0,0.0,0.0,1,RJU9L73
2026-05-22,401,B,Gabriela Lima,20.65,1,21.06,0.0,20.65,0.0,1,GWC0V29
2026-05-22,402,B,Henrique Rocha,15.24,1,12.95,0.0,0.0,15.24,1,IOU5F47
2026-05-23,101,A,Ana Silva,0.0,0,0.0,0.0,0.0,0.0,1,UDA4H28
2026-05-23,102,A,Bruno Costa,27.58,1,23.44,0.0,0.0,27.58,2,EXD8C75|NBA1G29
2026-05-23,201,A,Carla Mendes,32.68,1,27.78,0.0,0.0,32.68,1,UWR6H57
2026-05-23,202,A,Daniel Oliveira,17.53,1,14.9,0.0,0.0,17.53,1,WNK4E27
2026-05-23,301,B,Elena Souza,37.48,1,31.86,0.0,0.0,37.48,2,LLT4Z05|XOR1M10
2026-05-23,302,B,Felipe Santos,0.0,0,0.0,0.0,0.0,0.0,1,RJU9L73
2026-05-23,401,B,Gabriela Lima,20.84,1,17.71,0.0,0.0,20.84,1,GWC0V29
2026-05-23,402,B,Henrique Rocha,12.47,1,10.6,0.0,0.0,12.47,1,IOU5F47
2026-05-24,101,A,Ana Silva,0.0,0,0.0,0.0,0.0,0.0,1,UDA4H28
2026-05-24,102,A,Bruno Costa,38.41,1,32.65,0.0,0.0,38.41,2,EXD8C75|NBA1G29
2026-05-24,201,A,Carla Mendes,0.0,0,0.0,0.0,0.0,0.0,1,UWR6H57
2026-05-24,202,A,Daniel Oliveira,28.61,1,24.32,0.0,0.0,28.61,1,WNK4E27
2026-05-24,301,B,Elena Souza,0.0,0,0.0,0.0,0.0,0.0,2,LLT4Z05|XOR1M10
2026-05-24,302,B,Felipe Santos,0.0,0,0.0,0.0,0.0,0.0,1,RJU9L73
2026-05-24,401,B,Gabriela Lima,0.0,0,0.0,0.0,0.0,0.0,1,GWC0V29
2026-05-24,402,B,Henrique Rocha,0.0,0,0.0,0.0,0.0,0.0,1,IOU5F47
2026-05-25,101,A,Ana Silva,21.73,1,18.47,0.0,0.0,21.73,1,UDA4H28
2026-05-25,102,A,Bruno Costa,74.38,2,83.6,30.93,43.45,0.0,2,EXD8C75|NBA1G29
2026-05-25,201,A,Carla Mendes,0.0,0,0.0,0.0,0.0,0.0,1,UWR6H57
2026-05-25,202,A,Daniel Oliveira,0.0,0,0.0,0.0,0.0,0.0,1,WNK4E27
2026-05-25,301,B,Elena Souza,31.59,1,26.85,0.0,0.0,31.59,2,LLT4Z05|XOR1M10
2026-05-25,302,B,Felipe Santos,0.0,0,0.0,0.0,0.0,0.0,1,RJU9L73
2026-05-25,401,B,Gabriela Lima,0.0,0,0.0,0.0,0.0,0.0,1,GWC0V29
2026-05-25,402,B,Henrique Rocha,0.0,0,0.0,0.0,0.0,0.0,1,IOU5F47
2026-05-26,101,A,Ana Silva,12.38,1,10.52,0.0,0.0,12.38,1,UDA4H28
2026-05-26,102,A,Bruno Costa,70.95,2,90.11,70.95,0.0,0.0,2,EXD8C75|NBA1G29
2026-05-26,201,A,Carla Mendes,20.18,1,17.15,0.0,0.0,20.18,1,UWR6H57
2026-05-26,202,A,Daniel Oliveira,24.69,1,25.18,0.0,24.69,0.0,1,WNK4E27
2026-05-26,301,B,Elena Souza,0.0,0,0.0,0.0,0.0,0.0,2,LLT4Z05|XOR1M10
2026-05-26,302,B,Felipe Santos,0.0,0,0.0,0.0,0.0,0.0,1,RJU9L73
2026-05-26,401,B,Gabriela Lima,19.66,1,16.71,0.0,0.0,19.66,1,GWC0V29
2026-05-26,402,B,Henrique Rocha,12.01,1,10.21,0.0,0.0,12.01,1,IOU5F47
2026-05-27,101,A,Ana Silva,28.56,1,24.28,0.0,0.0,28.56,1,UDA4H28
2026-05-27,102,A,Bruno Costa,49.21,1,62.5,49.21,0.0,0.0,2,EXD8C75|NBA1G29
2026-05-27,201,A,Carla Mendes,38.6,1,32.81,0.0,0.0,38.6,1,UWR6H57
2026-05-27,202,A,Daniel Oliveira,0.0,0,0.0,0.0,0.0,0.0,1,WNK4E27
2026-05-27,301,B,Elena Souza,47.06,1,48.0,0.0,47.06,0.0,2,LLT4Z05|XOR1M10
2026-05-27,302,B,Felipe Santos,0.0,0,0.0,0.0,0.0,0.0,1,RJU9L73
2026-05-27,401,B,Gabriela Lima,11.88,1,10.1,0.0,0.0,11.88,1,GWC0V29
2026-05-27,402,B,Henrique Rocha,9.55,1,8.12,0.0,0.0,9.55,1,IOU5F47
2026-05-28,101,A,Ana Silva,14.77,1,12.55,0.0,0.0,14.77,1,UDA4H28
2026-05-28,102,A,Bruno Costa,43.98,1,37.38,0.0,0.0,43.98,2,EXD8C75|NBA1G29
2026-05-28,201,A,Carla Mendes,34.96,1,29.72,0.0,0.0,34.96,1,UWR6H57
2026-05-28,202,A,Daniel Oliveira,0.0,0,0.0,0.0,0.0,0.0,1,WNK4E27
2026-05-28,301,B,Elena Souza,62.47,2,53.1,0.0,0.0,62.47,2,LLT4Z05|XOR1M10
2026-05-28,302,B,Felipe Santos,0.0,0,0.0,0.0,0.0,0.0,1,RJU9L73
2026-05-28,401,B,Gabriela Lima,16.39,1,13.93,0.0,0.0,16.39,1,GWC0V29
2026-05-28,402,B,Henrique Rocha,21.08,1,17.92,0.0,0.0,21.08,1,IOU5F47
2026-05-29,101,A,Ana Silva,18.85,1,16.02,0.0,0.0,18.85,1,UDA4H28
2026-05-29,102,A,Bruno Costa,67.46,2,69.18,28.19,0.0,39.27,2,EXD8C75|NBA1G29
2026-05-29,201,A,Carla Mendes,0.0,0,0.0,0.0,0.0,0.0,1,UWR6H57
2026-05-29,202,A,Daniel Oliveira,0.0,0,0.0,0.0,0.0,0.0,1,WNK4E27
2026-05-29,301,B,Elena Souza,37.71,1,32.05,0.0,0.0,37.71,2,LLT4Z05|XOR1M10
2026-05-29,302,B,Felipe Santos,11.53,1,9.8,0.0,0.0,11.53,1,RJU9L73
2026-05-29,401,B,Gabriela Lima,0.0,0,0.0,0.0,0.0,0.0,1,GWC0V29
2026-05-29,402,B,Henrique Rocha,0.0,0,0.0,0.0,0.0,0.0,1,IOU5F47
2026-05-30,101,A,Ana Silva,0.0,0,0.0,0.0,0.0,0.0,1,UDA4H28
2026-05-30,102,A,Bruno Costa,17.96,1,15.27,0.0,0.0,17.96,2,EXD8C75|NBA1G29
2026-05-30,201,A,Carla Mendes,0.0,0,0.0,0.0,0.0,0.0,1,UWR6H57
2026-05-30,202,A,Daniel Oliveira,18.9,1,16.06,0.0,0.0,18.9,1,WNK4E27
2026-05-30,301,B,Elena Souza,0.0,0,0.0,0.0,0.0,0.0,2,LLT4Z05|XOR1M10
2026-05-30,302,B,Felipe Santos,0.0,0,0.0,0.0,0.0,0.0,1,RJU9L73
2026-05-30,401,B,Gabriela Lima,0.0,0,0.0,0.0,0.0,0.0,1,GWC0V29
2026-05-30,402,B,Henrique Rocha,16.87,1,14.34,0.0,0.0,16.87,1,IOU5F47
2026-05-31,101,A,Ana Silva,0.0,0,0.0,0.0,0.0,0.0,1,UDA4H28
2026-05-31,102,A,Bruno Costa,50.83,1,43.21,0.0,0.0,50.83,2,EXD8C75|NBA1G29
2026-05-31,201,A,Carla Mendes,34.83,1,29.61,0.0,0.0,34.83,1,UWR6H57
2026-05-31,202,A,Daniel Oliveira,0.0,0,0.0,0.0,0.0,0.0,1,WNK4E27
2026-05-31,301,B,Elena Souza,59.47,1,50.55,0.0,0.0,59.47,2,LLT4Z05|XOR1M10
2026-05-31,302,B,Felipe Santos,0.0,0,0.0,0.0,0.0,0.0,1,RJU9L73
2026-05-31,401,B,Gabriela Lima,0.0,0,0.0,0.0,0.0,0.0,1,GWC0V29
2026-05-31,402,B,Henrique Rocha,18.54,1,15.76,0.0,0.0,18.54,1,IOU5F47
2026-06-01,101,A,Ana Silva,23.19,1,19.71,0.0,0.0,23.19,1,UDA4H28
2026-06-01,102,A,Bruno Costa,56.19,1,71.36,56.19,0.0,0.0,2,EXD8C75|NBA1G29
2026-06-01,201,A,Carla Mendes,39.92,1,33.93,0.0,0.0,39.92,1,UWR6H57
2026-06-01,202,A,Daniel Oliveira,16.1,1,16.42,0.0,16.1,0.0,1,WNK4E27
2026-06-01,301,B,Elena Souza,44.95,1,38.21,0.0,0.0,44.95,2,LLT4Z05|XOR1M10
2026-06-01,302,B,Felipe Santos,0.0,0,0.0,0.0,0.0,0.0,1,RJU9L73
2026-06-01,401,B,Gabriela Lima,17.56,1,22.3,17.56,0.0,0.0,1,GWC0V29
2026-06-01,402,B,Henrique Rocha,20.35,1,17.3,0.0,0.0,20.35,1,IOU5F47
2026-06-02,101,A,Ana Silva,26.43,1,22.47,0.0,0.0,26.43,1,UDA4H28
2026-06-02,102,A,Bruno Costa,28.96,1,36.78,28.96,0.0,0.0,2,EXD8C75|NBA1G29
2026-06-02,201,A,Carla Mendes,0.0,0,0.0,0.0,0.0,0.0,1,UWR6H57
2026-06-02,202,A,Daniel Oliveira,12.6,1,12.85,0.0,12.6,0.0,1,WNK4E27
2026-06-02,301,B,Elena Souza,46.76,1,47.7,0.0,46.76,0.0,2,LLT4Z05|XOR1M10
2026-06-02,302,B,Felipe Santos,0.0,0,0.0,0.0,0.0,0.0,1,RJU9L73
2026-06-02,401,B,Gabriela Lima,16.65,1,14.15,0.0,0.0,16.65,1,GWC0V29
2026-06-02,402,B,Henrique Rocha,16.04,1,13.63,0.0,0.0,16.04,1,IOU5F47
2026-06-03,101,A,Ana Silva,17.83,1,15.16,0.0,0.0,17.83,1,UDA4H28
2026-06-03,102,A,Bruno Costa,41.2,1,42.02,0.0,41.2,0.0,2,EXD8C75|NBA1G29
2026-06-03,201,A,Carla Mendes,33.48,1,28.46,0.0,0.0,33.48,1,UWR6H57
2026-06-03,202,A,Daniel Oliveira,25.94,1,32.94,25.94,0.0,0.0,1,WNK4E27
2026-06-03,301,B,Elena Souza,84.52,2,71.84,0.0,0.0,84.52,2,LLT4Z05|XOR1M10
2026-06-03,302,B,Felipe Santos,0.0,0,0.0,0.0,0.0,0.0,1,RJU9L73
2026-06-03,401,B,Gabriela Lima,0.0,0,0.0,0.0,0.0,0.0,1,GWC0V29
2026-06-03,402,B,Henrique Rocha,17.43,1,14.82,0.0,0.0,17.43,1,IOU5F47
2026-06-04,101,A,Ana Silva,22.6,1,19.21,0.0,0.0,22.6,1,UDA4H28
2026-06-04,102,A,Bruno Costa,38.31,1,39.08,0.0,38.31,0.0,2,EXD8C75|NBA1G29
2026-06-04,201,A,Carla Mendes,0.0,0,0.0,0.0,0.0,0.0,1,UWR6H57
2026-06-04,202,A,Daniel Oliveira,0.0,0,0.0,0.0,0.0,0.0,1,WNK4E27
2026-06-04,301,B,Elena Souza,0.0,0,0.0,0.0,0.0,0.0,2,LLT4Z05|XOR1M10
2026-06-04,302,B,Felipe Santos,0.0,0,0.0,0.0,0.0,0.0,1,RJU9L73
2026-06-04,401,B,Gabriela Lima,23.44,1,29.77,23.44,0.0,0.0,1,GWC0V29
2026-06-04,402,B,Henrique Rocha,15.22,1,12.94,0.0,0.0,15.22,1,IOU5F47
2026-06-05,101,A,Ana Silva,19.93,1,16.94,0.0,0.0,19.93,1,UDA4H28
2026-06-05,102,A,Bruno Costa,36.58,1,46.46,36.58,0.0,0.0,2,EXD8C75|NBA1G29
2026-06-05,201,A,Carla Mendes,0.0,0,0.0,0.0,0.0,0.0,1,UWR6H57
2026-06-05,202,A,Daniel Oliveira,20.15,1,25.59,20.15,0.0,0.0,1,WNK4E27
2026-06-05,301,B,Elena Souza,59.42,1,50.51,0.0,0.0,59.42,2,LLT4Z05|XOR1M10
2026-06-05,302,B,Felipe Santos,0.0,0,0.0,0.0,0.0,0.0,1,RJU9L73
2026-06-05,401,B,Gabriela Lima,0.0,0,0.0,0.0,0.0,0.0,1,GWC0V29
2026-06-05,402,B,Henrique Rocha,26.36,1,22.41,0.0,0.0,26.36,1,IOU5F47
2026-06-06,101,A,Ana Silva,28.98,1,24.63,0.0,0.0,28.98,1,UDA4H28
2026-06-06,102,A,Bruno Costa,44.66,1,37.96,0.0,0.0,44.66,2,EXD8C75|NBA1G29
2026-06-06,201,A,Carla Mendes,0.0,0,0.0,0.0,0.0,0.0,1,UWR6H57
2026-06-06,202,A,Daniel Oliveira,28.2,1,23.97,0.0,0.0,28.2,1,WNK4E27
2026-06-06,301,B,Elena Souza,0.0,0,0.0,0.0,0.0,0.0,2,LLT4Z05|XOR1M10
2026-06-06,302,B,Felipe Santos,0.0,0,0.0,0.0,0.0,0.0,1,RJU9L73
2026-06-06,401,B,Gabriela Lima,0.0,0,0.0,0.0,0.0,0.0,1,GWC0V29
2026-06-06,402,B,Henrique Rocha,24.3,1,20.66,0.0,0.0,24.3,1,IOU5F47
2026-06-07,101,A,Ana Silva,0.0,0,0.0,0.0,0.0,0.0,1,UDA4H28
2026-06-07,102,A,Bruno Costa,49.39,1,41.98,0.0,0.0,49.39,2,EXD8C75|NBA1G29
2026-06-07,201,A,Carla Mendes,0.0,0,0.0,0.0,0.0,0.0,1,UWR6H57
2026-06-07,202,A,Daniel Oliveira,15.13,1,12.86,0.0,0.0,15.13,1,WNK4E27
2026-06-07,301,B,Elena Souza,24.23,1,20.6,0.0,0.0,24.23,2,LLT4Z05|XOR1M10
2026-06-07,302,B,Felipe Santos,0.0,0,0.0,0.0,0.0,0.0,1,RJU9L73
2026-06-07,401,B,Gabriela Lima,0.0,0,0.0,0.0,0.0,0.0,1,GWC0V29
2026-06-07,402,B,Henrique Rocha,0.0,0,0.0,0.0,0.0,0.0,1,IOU5F47
2026-06-08,101,A,Ana Silva,14.96,1,12.72,0.0,0.0,14.96,1,UDA4H28
2026-06-08,102,A,Bruno Costa,67.54,2,75.53,26.54,41.0,0.0,3,EXD8C75|NBA1G29|QTA8G91
2026-06-08,201,A,Carla Mendes,16.91,1,14.37,0.0,0.0,16.91,1,UWR6H57
2026-06-08,202,A,Daniel Oliveira,15.03,1,15.33,0.0,15.03,0.0,1,WNK4E27
2026-06-08,301,B,Elena Souza,45.74,1,38.88,0.0,0.0,45.74,2,LLT4Z05|XOR1M10
2026-06-08,302,B,Felipe Santos,0.0,0,0.0,0.0,0.0,0.0,1,RJU9L73
2026-06-08,401,B,Gabriela Lima,27.56,1,23.43,0.0,0.0,27.56,1,GWC0V29
2026-06-08,402,B,Henrique Rocha,23.45,1,19.93,0.0,0.0,23.45,1,IOU5F47
2026-06-09,101,A,Ana Silva,14.94,1,12.7,0.0,0.0,14.94,1,UDA4H28
2026-06-09,102,A,Bruno Costa,76.4,2,78.5,32.28,0.0,44.12,3,EXD8C75|NBA1G29|QTA8G91
2026-06-09,201,A,Carla Mendes,0.0,0,0.0,0.0,0.0,0.0,1,UWR6H57
2026-06-09,202,A,Daniel Oliveira,0.0,0,0.0,0.0,0.0,0.0,1,WNK4E27
2026-06-09,301,B,Elena Souza,49.6,1,50.59,0.0,49.6,0.0,2,LLT4Z05|XOR1M10
2026-06-09,302,B,Felipe Santos,0.0,0,0.0,0.0,0.0,0.0,1,RJU9L73
2026-06-09,401,B,Gabriela Lima,12.42,1,10.56,0.0,0.0,12.42,1,GWC0V29
2026-06-09,402,B,Henrique Rocha,18.4,1,15.64,0.0,0.0,18.4,1,IOU5F47
2026-06-10,101,A,Ana Silva,0.0,0,0.0,0.0,0.0,0.0,1,UDA4H28
2026-06-10,102,A,Bruno Costa,54.54,1,46.36,0.0,0.0,54.54,3,EXD8C75|NBA1G29|QTA8G91
2026-06-10,201,A,Carla Mendes,31.29,1,26.6,0.0,0.0,31.29,1,UWR6H57
2026-06-10,202,A,Daniel Oliveira,0.0,0,0.0,0.0,0.0,0.0,1,WNK4E27
2026-06-10,301,B,Elena Souza,39.57,1,33.63,0.0,0.0,39.57,2,LLT4Z05|XOR1M10
2026-06-10,302,B,Felipe Santos,0.0,0,0.0,0.0,0.0,0.0,1,RJU9L73
2026-06-10,401,B,Gabriela Lima,20.99,1,26.66,20.99,0.0,0.0,1,GWC0V29
2026-06-10,402,B,Henrique Rocha,9.59,1,8.15,0.0,0.0,9.59,1,IOU5F47
2026-06-11,101,A,Ana Silva,30.67,1,26.07,0.0,0.0,30.67,1,UDA4H28
2026-06-11,102,A,Bruno Costa,51.62,1,65.56,51.62,0.0,0.0,3,EXD8C75|NBA1G29|QTA8G91
2026-06-11,201,A,Carla Mendes,18.64,1,15.84,0.0,0.0,18.64,1,UWR6H57
2026-06-11,202,A,Daniel Oliveira,22.45,1,22.9,0.0,22.45,0.0,1,WNK4E27
2026-06-11,301,B,Elena Souza,67.54,2,57.41,0.0,0.0,67.54,2,LLT4Z05|XOR1M10
2026-06-11,302,B,Felipe Santos,0.0,0,0.0,0.0,0.0,0.0,1,RJU9L73
2026-06-11,401,B,Gabriela Lima,19.3,1,19.69,0.0,19.3,0.0,1,GWC0V29
2026-06-11,402,B,Henrique Rocha,16.63,1,14.14,0.0,0.0,16.63,1,IOU5F47
2026-06-12,101,A,Ana Silva,14.61,1,12.42,0.0,0.0,14.61,1,UDA4H28
2026-06-12,102,A,Bruno Costa,42.52,1,54.0,42.52,0.0,0.0,3,EXD8C75|NBA1G29|QTA8G91
2026-06-12,201,A,Carla Mendes,0.0,0,0.0,0.0,0.0,0.0,1,UWR6H57
2026-06-12,202,A,Daniel Oliveira,0.0,0,0.0,0.0,0.0,0.0,1,WNK4E27
2026-06-12,301,B,Elena Souza,40.91,1,34.77,0.0,0.0,40.91,2,LLT4Z05|XOR1M10
2026-06-12,302,B,Felipe Santos,0.0,0,0.0,0.0,0.0,0.0,1,RJU9L73
2026-06-12,401,B,Gabriela Lima,0.0,0,0.0,0.0,0.0,0.0,1,GWC0V29
2026-06-12,402,B,Henrique Rocha,11.52,1,9.79,0.0,0.0,11.52,1,IOU5F47
2026-06-13,101,A,Ana Silva,0.0,0,0.0,0.0,0.0,0.0,1,UDA4H28
2026-06-13,102,A,Bruno Costa,36.24,1,30.8,0.0,0.0,36.24,3,EXD8C75|NBA1G29|QTA8G91
2026-06-13,201,A,Carla Mendes,18.15,1,15.43,0.0,0.0,18.15,1,UWR6H57
2026-06-13,202,A,Daniel Oliveira,18.92,1,16.08,0.0,0.0,18.92,1,WNK4E27
2026-06-13,301,B,Elena Souza,0.0,0,0.0,0.0,0.0,0.0,2,LLT4Z05|XOR1M10
2026-06-13,302,B,Felipe Santos,0.0,0,0.0,0.0,0.0,0.0,1,RJU9L73
2026-06-13,401,B,Gabriela Lima,0.0,0,0.0,0.0,0.0,0.0,1,GWC0V29
2026-06-13,402,B,Henrique Rocha,0.0,0,0.0,0.0,0.0,0.0,1,IOU5F47
2026-06-14,101,A,Ana Silva,0.0,0,0.0,0.0,0.0,0.0,1,UDA4H28
2026-06-14,102,A,Bruno Costa,73.8,2,62.73,0.0,0.0,73.8,3,EXD8C75|NBA1G29|QTA8G91
2026-06-14,201,A,Carla Mendes,0.0,0,0.0,0.0,0.0,0.0,1,UWR6H57
2026-06-14,202,A,Daniel Oliveira,14.44,1,12.27,0.0,0.0,14.44,1,WNK4E27
2026-06-14,301,B,Elena Souza,42.47,1,36.1,0.0,0.0,42.47,2,LLT4Z05|XOR1M10
2026-06-14,302,B,Felipe Santos,16.64,1,14.14,0.0,0.0,16.64,1,RJU9L73
2026-06-14,401,B,Gabriela Lima,0.0,0,0.0,0.0,0.0,0.0,1,GWC0V29
2026-06-14,402,B,Henrique Rocha,0.0,0,0.0,0.0,0.0,0.0,1,IOU5F47
2026-06-15,101,A,Ana Silva,31.25,1,26.56,0.0,0.0,31.25,1,UDA4H28
2026-06-15,102,A,Bruno Costa,24.43,1,20.77,0.0,0.0,24.43,3,EXD8C75|NBA1G29|QTA8G91
2026-06-15,201,A,Carla Mendes,23.43,1,19.92,0.0,0.0,23.43,2,UWR6H57|SIZ0Y20
2026-06-15,202,A,Daniel Oliveira,0.0,0,0.0,0.0,0.0,0.0,1,WNK4E27
2026-06-15,301,B,Elena Souza,67.69,1,69.04,0.0,67.69,0.0,2,LLT4Z05|XOR1M10
2026-06-15,302,B,Felipe Santos,0.0,0,0.0,0.0,0.0,0.0,1,RJU9L73
2026-06-15,401,B,Gabriela Lima,15.64,1,13.29,0.0,0.0,15.64,1,GWC0V29
2026-06-15,402,B,Henrique Rocha,0.0,0,0.0,0.0,0.0,0.0,1,IOU5F47
2026-06-16,101,A,Ana Silva,26.41,1,22.45,0.0,0.0,26.41,1,UDA4H28
2026-06-16,102,A,Bruno Costa,50.91,1,51.93,0.0,50.91,0.0,3,EXD8C75|NBA1G29|QTA8G91
2026-06-16,201,A,Carla Mendes,0.0,0,0.0,0.0,0.0,0.0,2,UWR6H57|SIZ0Y20
2026-06-16,202,A,Daniel Oliveira,17.01,1,17.35,0.0,17.01,0.0,1,WNK4E27
2026-06-16,301,B,Elena Souza,53.47,1,45.45,0.0,0.0,53.47,2,LLT4Z05|XOR1M10
2026-06-16,302,B,Felipe Santos,0.0,0,0.0,0.0,0.0,0.0,1,RJU9L73
2026-06-16,401,B,Gabriela Lima,0.0,0,0.0,0.0,0.0,0.0,1,GWC0V29
2026-06-16,402,B,Henrique Rocha,16.64,1,14.14,0.0,0.0,16.64,1,IOU5F47
2026-06-17,101,A,Ana Silva,28.25,1,24.01,0.0,0.0,28.25,1,UDA4H28
2026-06-17,102,A,Bruno Costa,57.94,2,58.99,23.2,0.0,34.74,3,EXD8C75|NBA1G29|QTA8G91
2026-06-17,201,A,Carla Mendes,0.0,0,0.0,0.0,0.0,0.0,2,UWR6H57|SIZ0Y20
2026-06-17,202,A,Daniel Oliveira,0.0,0,0.0,0.0,0.0,0.0,1,WNK4E27
2026-06-17,301,B,Elena Souza,50.75,1,43.14,0.0,0.0,50.75,2,LLT4Z05|XOR1M10
2026-06-17,302,B,Felipe Santos,0.0,0,0.0,0.0,0.0,0.0,1,RJU9L73
2026-06-17,401,B,Gabriela Lima,14.58,1,14.87,0.0,14.58,0.0,1,GWC0V29
2026-06-17,402,B,Henrique Rocha,0.0,0,0.0,0.0,0.0,0.0,1,IOU5F47
2026-06-18,101,A,Ana Silva,17.0,1,14.45,0.0,0.0,17.0,1,UDA4H28
2026-06-18,102,A,Bruno Costa,25.71,1,32.65,25.71,0.0,0.0,3,EXD8C75|NBA1G29|QTA8G91
2026-06-18,201,A,Carla Mendes,29.51,1,25.08,0.0,0.0,29.51,2,UWR6H57|SIZ0Y20
2026-06-18,202,A,Daniel Oliveira,17.34,1,17.69,0.0,17.34,0.0,1,WNK4E27
2026-06-18,301,B,Elena Souza,21.28,1,18.09,0.0,0.0,21.28,2,LLT4Z05|XOR1M10
2026-06-18,302,B,Felipe Santos,0.0,0,0.0,0.0,0.0,0.0,1,RJU9L73
2026-06-18,401,B,Gabriela Lima,18.16,1,18.52,0.0,18.16,0.0,1,GWC0V29
2026-06-18,402,B,Henrique Rocha,23.75,1,20.19,0.0,0.0,23.75,1,IOU5F47
2026-06-19,101,A,Ana Silva,33.37,1,28.36,0.0,0.0,33.37,1,UDA4H28
2026-06-19,102,A,Bruno Costa,21.41,1,27.19,21.41,0.0,0.0,3,EXD8C75|NBA1G29|QTA8G91
2026-06-19,201,A,Carla Mendes,28.91,1,24.57,0.0,0.0,28.91,2,UWR6H57|SIZ0Y20
2026-06-19,202,A,Daniel Oliveira,0.0,0,0.0,0.0,0.0,0.0,1,WNK4E27
2026-06-19,301,B,Elena Souza,0.0,0,0.0,0.0,0.0,0.0,2,LLT4Z05|XOR1M10
2026-06-19,302,B,Felipe Santos,13.39,1,11.38,0.0,0.0,13.39,1,RJU9L73
2026-06-19,401,B,Gabriela Lima,14.93,1,18.96,14.93,0.0,0.0,1,GWC0V29
2026-06-19,402,B,Henrique Rocha,23.05,1,19.59,0.0,0.0,23.05,1,IOU5F47
2026-06-20,101,A,Ana Silva,0.0,0,0.0,0.0,0.0,0.0,1,UDA4H28
2026-06-20,102,A,Bruno Costa,32.72,1,27.81,0.0,0.0,32.72,3,EXD8C75|NBA1G29|QTA8G91
2026-06-20,201,A,Carla Mendes,0.0,0,0.0,0.0,0.0,0.0,2,UWR6H57|SIZ0Y20
2026-06-20,202,A,Daniel Oliveira,34.72,1,29.51,0.0,0.0,34.72,1,WNK4E27
2026-06-20,301,B,Elena Souza,0.0,0,0.0,0.0,0.0,0.0,2,LLT4Z05|XOR1M10
2026-06-20,302,B,Felipe Santos,0.0,0,0.0,0.0,0.0,0.0,1,RJU9L73
2026-06-20,401,B,Gabriela Lima,0.0,0,0.0,0.0,0.0,0.0,1,GWC0V29
2026-06-20,402,B,Henrique Rocha,26.74,1,22.73,0.0,0.0,26.74,1,IOU5F47
2026-06-21,101,A,Ana Silva,0.0,0,0.0,0.0,0.0,0.0,1,UDA4H28
2026-06-21,102,A,Bruno Costa,0.0,0,0.0,0.0,0.0,0.0,3,EXD8C75|NBA1G29|QTA8G91
2026-06-21,201,A,Carla Mendes,33.34,1,28.34,0.0,0.0,33.34,2,UWR6H57|SIZ0Y20
2026-06-21,202,A,Daniel Oliveira,25.15,1,21.38,0.0,0.0,25.15,1,WNK4E27
2026-06-21,301,B,Elena Souza,25.75,1,21.89,0.0,0.0,25.75,2,LLT4Z05|XOR1M10
2026-06-21,302,B,Felipe Santos,10.6,1,9.01,0.0,0.0,10.6,1,RJU9L73
2026-06-21,401,B,Gabriela Lima,0.0,0,0.0,0.0,0.0,0.0,1,GWC0V29
2026-06-21,402,B,Henrique Rocha,12.16,1,10.34,0.0,0.0,12.16,1,IOU5F47
2026-06-22,101,A,Ana Silva,27.13,1,23.06,0.0,0.0,27.13,1,UDA4H28
2026-06-22,102,A,Bruno Costa,49.87,1,63.33,49.87,0.0,0.0,3,EXD8C75|NBA1G29|QTA8G91
2026-06-22,201,A,Carla Mendes,0.0,0,0.0,0.0,0.0,0.0,2,UWR6H57|SIZ0Y20
2026-06-22,202,A,Daniel Oliveira,0.0,0,0.0,0.0,0.0,0.0,1,WNK4E27
2026-06-22,301,B,Elena Souza,40.25,1,34.21,0.0,0.0,40.25,2,LLT4Z05|XOR1M10
2026-06-22,302,B,Felipe Santos,0.0,0,0.0,0.0,0.0,0.0,1,RJU9L73
2026-06-22,401,B,Gabriela Lima,0.0,0,0.0,0.0,0.0,0.0,1,GWC0V29
2026-06-22,402,B,Henrique Rocha,19.99,1,16.99,0.0,0.0,19.99,1,IOU5F47
2026-06-23,101,A,Ana Silva,0.0,0,0.0,0.0,0.0,0.0,1,UDA4H28
2026-06-23,102,A,Bruno Costa,50.41,1,64.02,50.41,0.0,0.0,3,EXD8C75|NBA1G29|QTA8G91
2026-06-23,201,A,Carla Mendes,0.0,0,0.0,0.0,0.0,0.0,2,UWR6H57|SIZ0Y20
2026-06-23,202,A,Daniel Oliveira,12.8,1,16.26,12.8,0.0,0.0,1,WNK4E27
2026-06-23,301,B,Elena Souza,29.07,1,24.71,0.0,0.0,29.07,2,LLT4Z05|XOR1M10
2026-06-23,302,B,Felipe Santos,0.0,0,0.0,0.0,0.0,0.0,1,RJU9L73
2026-06-23,401,B,Gabriela Lima,16.66,1,14.16,0.0,0.0,16.66,1,GWC0V29
2026-06-23,402,B,Henrique Rocha,0.0,0,0.0,0.0,0.0,0.0,1,IOU5F47
2026-06-24,101,A,Ana Silva,13.6,1,11.56,0.0,0.0,13.6,1,UDA4H28
2026-06-24,102,A,Bruno Costa,85.5,2,83.61,26.05,0.0,59.45,3,EXD8C75|NBA1G29|QTA8G91
2026-06-24,201,A,Carla Mendes,0.0,0,0.0,0.0,0.0,0.0,2,UWR6H57|SIZ0Y20
2026-06-24,202,A,Daniel Oliveira,0.0,0,0.0,0.0,0.0,0.0,1,WNK4E27
2026-06-24,301,B,Elena Souza,47.56,1,40.43,0.0,0.0,47.56,2,LLT4Z05|XOR1M10
2026-06-24,302,B,Felipe Santos,0.0,0,0.0,0.0,0.0,0.0,1,RJU9L73
2026-06-24,401,B,Gabriela Lima,0.0,0,0.0,0.0,0.0,0.0,1,GWC0V29
2026-06-24,402,B,Henrique Rocha,13.73,1,11.67,0.0,0.0,13.73,1,IOU5F47
2026-06-25,101,A,Ana Silva,12.11,1,10.29,0.0,0.0,12.11,1,UDA4H28
2026-06-25,102,A,Bruno Costa,22.66,1,28.78,22.66,0.0,0.0,3,EXD8C75|NBA1G29|QTA8G91
2026-06-25,201,A,Carla Mendes,61.9,2,52.62,0.0,0.0,61.9,2,UWR6H57|SIZ0Y20
2026-06-25,202,A,Daniel Oliveira,0.0,0,0.0,0.0,0.0,0.0,1,WNK4E27
2026-06-25,301,B,Elena Souza,28.9,1,24.56,0.0,0.0,28.9,2,LLT4Z05|XOR1M10
2026-06-25,302,B,Felipe Santos,0.0,0,0.0,0.0,0.0,0.0,1,RJU9L73
2026-06-25,401,B,Gabriela Lima,16.11,1,20.46,16.11,0.0,0.0,1,GWC0V29
2026-06-25,402,B,Henrique Rocha,0.0,0,0.0,0.0,0.0,0.0,1,IOU5F47
2026-06-26,101,A,Ana Silva,26.79,1,22.77,0.0,0.0,26.79,1,UDA4H28
2026-06-26,102,A,Bruno Costa,92.72,2,117.76,92.72,0.0,0.0,3,EXD8C75|NBA1G29|QTA8G91
2026-06-26,201,A,Carla Mendes,65.29,2,55.5,0.0,0.0,65.29,2,UWR6H57|SIZ0Y20
2026-06-26,202,A,Daniel Oliveira,25.01,1,25.51,0.0,25.01,0.0,1,WNK4E27
2026-06-26,301,B,Elena Souza,54.96,1,46.72,0.0,0.0,54.96,2,LLT4Z05|XOR1M10
2026-06-26,302,B,Felipe Santos,14.95,1,12.71,0.0,0.0,14.95,1,RJU9L73
2026-06-26,401,B,Gabriela Lima,0.0,0,0.0,0.0,0.0,0.0,1,GWC0V29
2026-06-26,402,B,Henrique Rocha,0.0,0,0.0,0.0,0.0,0.0,1,IOU5F47
2026-06-27,101,A,Ana Silva,0.0,0,0.0,0.0,0.0,0.0,1,UDA4H28
2026-06-27,102,A,Bruno Costa,23.69,1,20.14,0.0,0.0,23.69,3,EXD8C75|NBA1G29|QTA8G91
2026-06-27,201,A,Carla Mendes,44.84,1,38.11,0.0,0.0,44.84,2,UWR6H57|SIZ0Y20
2026-06-27,202,A,Daniel Oliveira,20.12,1,17.1,0.0,0.0,20.12,1,WNK4E27
2026-06-27,301,B,Elena Souza,41.24,1,35.05,0.0,0.0,41.24,2,LLT4Z05|XOR1M10
2026-06-27,302,B,Felipe Santos,0.0,0,0.0,0.0,0.0,0.0,1,RJU9L73
2026-06-27,401,B,Gabriela Lima,13.77,1,11.7,0.0,0.0,13.77,1,GWC0V29
2026-06-27,402,B,Henrique Rocha,0.0,0,0.0,0.0,0.0,0.0,1,IOU5F47
2026-06-28,101,A,Ana Silva,0.0,0,0.0,0.0,0.0,0.0,1,UDA4H28
2026-06-28,102,A,Bruno Costa,0.0,0,0.0,0.0,0.0,0.0,3,EXD8C75|NBA1G29|QTA8G91
2026-06-28,201,A,Carla Mendes,0.0,0,0.0,0.0,0.0,0.0,2,UWR6H57|SIZ0Y20
2026-06-28,202,A,Daniel Oliveira,15.59,1,13.25,0.0,0.0,15.59,1,WNK4E27
2026-06-28,301,B,Elena Souza,0.0,0,0.0,0.0,0.0,0.0,2,LLT4Z05|XOR1M10
2026-06-28,302,B,Felipe Santos,7.69,1,6.54,0.0,0.0,7.69,1,RJU9L73
2026-06-28,401,B,Gabriela Lima,17.09,1,14.53,0.0,0.0,17.09,1,GWC0V29
2026-06-28,402,B,Henrique Rocha,0.0,0,0.0,0.0,0.0,0.0,1,IOU5F47
2026-06-29,101,A,Ana Silva,22.24,1,18.9,0.0,0.0,22.24,1,UDA4H28
2026-06-29,102,A,Bruno Costa,22.81,1,28.97,22.81,0.0,0.0,3,EXD8C75|NBA1G29|QTA8G91
2026-06-29,201,A,Carla Mendes,0.0,0,0.0,0.0,0.0,0.0,2,UWR6H57|SIZ0Y20
2026-06-29,202,A,Daniel Oliveira,0.0,0,0.0,0.0,0.0,0.0,1,WNK4E27
2026-06-29,301,B,Elena Souza,39.78,1,33.81,0.0,0.0,39.78,2,LLT4Z05|XOR1M10
2026-06-29,302,B,Felipe Santos,8.66,1,7.36,0.0,0.0,8.66,1,RJU9L73
2026-06-29,401,B,Gabriela Lima,0.0,0,0.0,0.0,0.0,0.0,1,GWC0V29
2026-06-29,402,B,Henrique Rocha,25.1,1,21.34,0.0,0.0,25.1,1,IOU5F47
2026-06-30,101,A,Ana Silva,14.24,1,12.1,0.0,0.0,14.24,1,UDA4H28
2026-06-30,102,A,Bruno Costa,44.84,1,38.11,0.0,0.0,44.84,3,EXD8C75|NBA1G29|QTA8G91
2026-06-30,201,A,Carla Mendes,0.0,0,0.0,0.0,0.0,0.0,2,UWR6H57|SIZ0Y20
2026-06-30,202,A,Daniel Oliveira,0.0,0,0.0,0.0,0.0,0.0,1,WNK4E27
2026-06-30,301,B,Elena Souza,42.82,1,36.4,0.0,0.0,42.82,2,LLT4Z05|XOR1M10
2026-06-30,302,B,Felipe Santos,0.0,0,0.0,0.0,0.0,0.0,1,RJU9L73
2026-06-30,401,B,Gabriela Lima,25.33,1,32.17,25.33,0.0,0.0,1,GWC0V29
2026-06-30,402,B,Henrique Rocha,18.24,1,15.5,0.0,0.0,18.24,1,IOU5F47
2026-07-01,101,A,Ana Silva,0.0,0,0.0,0.0,0.0,0.0,1,UDA4H28
2026-07-01,102,A,Bruno Costa,29.84,1,25.36,0.0,0.0,29.84,3,EXD8C75|NBA1G29|QTA8G91
2026-07-01,201,A,Carla Mendes,26.73,1,22.72,0.0,0.0,26.73,2,UWR6H57|SIZ0Y20
2026-07-01,202,A,Daniel Oliveira,0.0,0,0.0,0.0,0.0,0.0,1,WNK4E27
2026-07-01,301,B,Elena Souza,28.84,1,24.51,0.0,0.0,28.84,2,LLT4Z05|XOR1M10
2026-07-01,302,B,Felipe Santos,0.0,0,0.0,0.0,0.0,0.0,1,RJU9L73
2026-07-01,401,B,Gabriela Lima,16.37,1,20.79,16.37,0.0,0.0,1,GWC0V29
2026-07-01,402,B,Henrique Rocha,19.77,1,16.8,0.0,0.0,19.77,1,IOU5F47
2026-07-02,101,A,Ana Silva,16.24,1,13.8,0.0,0.0,16.24,1,UDA4H28
2026-07-02,102,A,Bruno Costa,55.06,1,69.93,55.06,0.0,0.0,3,EXD8C75|NBA1G29|QTA8G91
2026-07-02,201,A,Carla Mendes,44.24,1,37.6,0.0,0.0,44.24,2,UWR6H57|SIZ0Y20
2026-07-02,202,A,Daniel Oliveira,13.87,1,17.61,13.87,0.0,0.0,1,WNK4E27
2026-07-02,301,B,Elena Souza,63.62,1,54.08,0.0,0.0,63.62,2,LLT4Z05|XOR1M10
2026-07-02,302,B,Felipe Santos,0.0,0,0.0,0.0,0.0,0.0,1,RJU9L73
2026-07-02,401,B,Gabriela Lima,0.0,0,0.0,0.0,0.0,0.0,1,GWC0V29
2026-07-02,402,B,Henrique Rocha,18.89,1,16.06,0.0,0.0,18.89,1,IOU5F47
2026-07-03,101,A,Ana Silva,0.0,0,0.0,0.0,0.0,0.0,1,UDA4H28
2026-07-03,102,A,Bruno Costa,49.31,1,62.62,49.31,0.0,0.0,3,EXD8C75|NBA1G29|QTA8G91
2026-07-03,201,A,Carla Mendes,20.63,1,17.54,0.0,0.0,20.63,2,UWR6H57|SIZ0Y20
2026-07-03,202,A,Daniel Oliveira,22.8,1,28.96,22.8,0.0,0.0,1,WNK4E27
2026-07-03,301,B,Elena Souza,50.51,1,42.93,0.0,0.0,50.51,2,LLT4Z05|XOR1M10
2026-07-03,302,B,Felipe Santos,9.55,1,8.12,0.0,0.0,9.55,1,RJU9L73
2026-07-03,401,B,Gabriela Lima,22.76,1,28.91,22.76,0.0,0.0,1,GWC0V29
2026-07-03,402,B,Henrique Rocha,11.54,1,9.81,0.0,0.0,11.54,1,IOU5F47
2026-07-04,101,A,Ana Silva,23.84,1,20.26,0.0,0.0,23.84,1,UDA4H28
2026-07-04,102,A,Bruno Costa,39.14,1,33.27,0.0,0.0,39.14,3,EXD8C75|NBA1G29|QTA8G91
2026-07-04,201,A,Carla Mendes,0.0,0,0.0,0.0,0.0,0.0,2,UWR6H57|SIZ0Y20
2026-07-04,202,A,Daniel Oliveira,28.7,1,24.39,0.0,0.0,28.7,1,WNK4E27
2026-07-04,301,B,Elena Souza,98.62,2,83.83,0.0,0.0,98.62,2,LLT4Z05|XOR1M10
2026-07-04,302,B,Felipe Santos,0.0,0,0.0,0.0,0.0,0.0,1,RJU9L73
2026-07-04,401,B,Gabriela Lima,0.0,0,0.0,0.0,0.0,0.0,1,GWC0V29
2026-07-04,402,B,Henrique Rocha,0.0,0,0.0,0.0,0.0,0.0,1,IOU5F47
2026-07-05,101,A,Ana Silva,0.0,0,0.0,0.0,0.0,0.0,1,UDA4H28
2026-07-05,102,A,Bruno Costa,90.98,2,77.33,0.0,0.0,90.98,3,EXD8C75|NBA1G29|QTA8G91
2026-07-05,201,A,Carla Mendes,19.04,1,16.18,0.0,0.0,19.04,2,UWR6H57|SIZ0Y20
2026-07-05,202,A,Daniel Oliveira,0.0,0,0.0,0.0,0.0,0.0,1,WNK4E27
2026-07-05,301,B,Elena Souza,0.0,0,0.0,0.0,0.0,0.0,2,LLT4Z05|XOR1M10
2026-07-05,302,B,Felipe Santos,0.0,0,0.0,0.0,0.0,0.0,1,RJU9L73
2026-07-05,401,B,Gabriela Lima,0.0,0,0.0,0.0,0.0,0.0,1,GWC0V29
2026-07-05,402,B,Henrique Rocha,12.07,1,10.26,0.0,0.0,12.07,1,IOU5F47
2026-07-06,101,A,Ana Silva,29.63,1,25.19,0.0,0.0,29.63,1,UDA4H28
2026-07-06,102,A,Bruno Costa,55.12,1,56.22,0.0,55.12,0.0,3,EXD8C75|NBA1G29|QTA8G91
2026-07-06,201,A,Carla Mendes,0.0,0,0.0,0.0,0.0,0.0,2,UWR6H57|SIZ0Y20
2026-07-06,202,A,Daniel Oliveira,0.0,0,0.0,0.0,0.0,0.0,1,WNK4E27
2026-07-06,301,B,Elena Souza,47.03,1,39.98,0.0,0.0,47.03,2,LLT4Z05|XOR1M10
2026-07-06,302,B,Felipe Santos,0.0,0,0.0,0.0,0.0,0.0,1,RJU9L73
2026-07-06,401,B,Gabriela Lima,0.0,0,0.0,0.0,0.0,0.0,1,GWC0V29
2026-07-06,402,B,Henrique Rocha,21.52,1,18.29,0.0,0.0,21.52,1,IOU5F47
2026-07-07,101,A,Ana Silva,0.0,0,0.0,0.0,0.0,0.0,1,UDA4H28
2026-07-07,102,A,Bruno Costa,21.87,1,22.31,0.0,21.87,0.0,3,EXD8C75|NBA1G29|QTA8G91
2026-07-07,201,A,Carla Mendes,31.87,1,27.09,0.0,0.0,31.87,2,UWR6H57|SIZ0Y20
2026-07-07,202,A,Daniel Oliveira,27.48,1,34.9,27.48,0.0,0.0,1,WNK4E27
2026-07-07,301,B,Elena Souza,72.05,1,73.49,0.0,72.05,0.0,2,LLT4Z05|XOR1M10
2026-07-07,302,B,Felipe Santos,0.0,0,0.0,0.0,0.0,0.0,1,RJU9L73
2026-07-07,401,B,Gabriela Lima,15.98,1,13.58,0.0,0.0,15.98,1,GWC0V29
2026-07-07,402,B,Henrique Rocha,13.76,1,11.7,0.0,0.0,13.76,1,IOU5F47
2026-07-08,101,A,Ana Silva,14.63,1,12.44,0.0,0.0,14.63,1,UDA4H28
2026-07-08,102,A,Bruno Costa,74.12,2,81.23,43.41,0.0,30.71,3,EXD8C75|NBA1G29|QTA8G91
2026-07-08,201,A,Carla Mendes,0.0,0,0.0,0.0,0.0,0.0,2,UWR6H57|SIZ0Y20
2026-07-08,202,A,Daniel Oliveira,0.0,0,0.0,0.0,0.0,0.0,1,WNK4E27
2026-07-08,301,B,Elena Souza,46.96,1,39.92,0.0,0.0,46.96,2,LLT4Z05|XOR1M10
2026-07-08,302,B,Felipe Santos,0.0,0,0.0,0.0,0.0,0.0,1,RJU9L73
2026-07-08,401,B,Gabriela Lima,16.18,1,16.5,0.0,16.18,0.0,1,GWC0V29
2026-07-08,402,B,Henrique Rocha,0.0,0,0.0,0.0,0.0,0.0,1,IOU5F47
2026-07-09,101,A,Ana Silva,15.62,1,13.28,0.0,0.0,15.62,1,UDA4H28
2026-07-09,102,A,Bruno Costa,27.34,1,34.72,27.34,0.0,0.0,3,EXD8C75|NBA1G29|QTA8G91
2026-07-09,201,A,Carla Mendes,0.0,0,0.0,0.0,0.0,0.0,2,UWR6H57|SIZ0Y20
2026-07-09,202,A,Daniel Oliveira,29.59,1,37.58,29.59,0.0,0.0,1,WNK4E27
2026-07-09,301,B,Elena Souza,58.82,1,50.0,0.0,0.0,58.82,2,LLT4Z05|XOR1M10
2026-07-09,302,B,Felipe Santos,13.06,1,11.1,0.0,0.0,13.06,1,RJU9L73
2026-07-09,401,B,Gabriela Lima,0.0,0,0.0,0.0,0.0,0.0,0,
2026-07-09,402,B,Henrique Rocha,0.0,0,0.0,0.0,0.0,0.0,1,IOU5F47
2026-07-10,101,A,Ana Silva,26.27,1,22.33,0.0,0.0,26.27,1,UDA4H28
2026-07-10,102,A,Bruno Costa,49.11,1,41.74,0.0,0.0,49.11,3,EXD8C75|NBA1G29|QTA8G91
2026-07-10,201,A,Carla Mendes,21.75,1,18.49,0.0,0.0,21.75,2,UWR6H57|SIZ0Y20
2026-07-10,202,A,Daniel Oliveira,0.0,0,0.0,0.0,0.0,0.0,1,WNK4E27
2026-07-10,301,B,Elena Souza,52.97,1,45.02,0.0,0.0,52.97,2,LLT4Z05|XOR1M10
2026-07-10,302,B,Felipe Santos,13.91,1,11.82,0.0,0.0,13.91,1,RJU9L73
2026-07-10,401,B,Gabriela Lima,0.0,0,0.0,0.0,0.0,0.0,0,
2026-07-10,402,B,Henrique Rocha,0.0,0,0.0,0.0,0.0,0.0,1,IOU5F47
2026-07-11,101,A,Ana Silva,0.0,0,0.0,0.0,0.0,0.0,1,UDA4H28
2026-07-11,102,A,Bruno Costa,37.69,1,32.04,0.0,0.0,37.69,3,EXD8C75|NBA1G29|QTA8G91
2026-07-11,201,A,Carla Mendes,0.0,0,0.0,0.0,0.0,0.0,2,UWR6H57|SIZ0Y20
2026-07-11,202,A,Daniel Oliveira,12.87,1,10.94,0.0,0.0,12.87,1,WNK4E27
2026-07-11,301,B,Elena Souza,88.36,2,75.1,0.0,0.0,88.36,2,LLT4Z05|XOR1M10
2026-07-11,302,B,Felipe Santos,0.0,0,0.0,0.0,0.0,0.0,1,RJU9L73
2026-07-11,401,B,Gabriela Lima,0.0,0,0.0,0.0,0.0,0.0,0,
2026-07-11,402,B,Henrique Rocha,0.0,0,0.0,0.0,0.0,0.0,1,IOU5F47
2026-07-12,101,A,Ana Silva,0.0,0,0.0,0.0,0.0,0.0,1,UDA4H28
2026-07-12,102,A,Bruno Costa,31.52,1,26.79,0.0,0.0,31.52,3,EXD8C75|NBA1G29|QTA8G91
2026-07-12,201,A,Carla Mendes,29.6,1,25.16,0.0,0.0,29.6,2,UWR6H57|SIZ0Y20
2026-07-12,202,A,Daniel Oliveira,18.24,1,15.5,0.0,0.0,18.24,1,WNK4E27
2026-07-12,301,B,Elena Souza,0.0,0,0.0,0.0,0.0,0.0,2,LLT4Z05|XOR1M10
2026-07-12,302,B,Felipe Santos,0.0,0,0.0,0.0,0.0,0.0,1,RJU9L73
2026-07-12,401,B,Gabriela Lima,0.0,0,0.0,0.0,0.0,0.0,0,
2026-07-12,402,B,Henrique Rocha,0.0,0,0.0,0.0,0.0,0.0,1,IOU5F47
2026-07-13,101,A,Ana Silva,21.78,1,18.51,0.0,0.0,21.78,1,UDA4H28
2026-07-13,102,A,Bruno Costa,37.69,1,32.04,0.0,0.0,37.69,3,EXD8C75|NBA1G29|QTA8G91
2026-07-13,201,A,Carla Mendes,0.0,0,0.0,0.0,0.0,0.0,2,UWR6H57|SIZ0Y20
2026-07-13,202,A,Daniel Oliveira,23.08,1,23.54,0.0,23.08,0.0,1,WNK4E27
2026-07-13,301,B,Elena Souza,67.9,1,57.72,0.0,0.0,67.9,2,LLT4Z05|XOR1M10
2026-07-13,302,B,Felipe Santos,0.0,0,0.0,0.0,0.0,0.0,1,RJU9L73
2026-07-13,401,B,Gabriela Lima,0.0,0,0.0,0.0,0.0,0.0,0,
2026-07-13,402,B,Henrique Rocha,10.9,1,9.27,0.0,0.0,10.9,1,IOU5F47
2026-07-14,101,A,Ana Silva,31.18,1,26.5,0.0,0.0,31.18,1,UDA4H28
2026-07-14,102,A,Bruno Costa,94.09,2,93.8,32.91,0.0,61.18,3,EXD8C75|NBA1G29|QTA8G91
2026-07-14,201,A,Carla Mendes,0.0,0,0.0,0.0,0.0,0.0,2,UWR6H57|SIZ0Y20
2026-07-14,202,A,Daniel Oliveira,0.0,0,0.0,0.0,0.0,0.0,1,WNK4E27
2026-07-14,301,B,Elena Souza,88.97,2,75.63,0.0,0.0,88.97,2,LLT4Z05|XOR1M10
2026-07-14,302,B,Felipe Santos,0.0,0,0.0,0.0,0.0,0.0,1,RJU9L73
2026-07-14,401,B,Gabriela Lima,0.0,0,0.0,0.0,0.0,0.0,0,
2026-07-14,402,B,Henrique Rocha,0.0,0,0.0,0.0,0.0,0.0,1,IOU5F47
2026-07-15,101,A,Ana Silva,13.88,1,11.8,0.0,0.0,13.88,1,UDA4H28
2026-07-15,102,A,Bruno Costa,0.0,0,0.0,0.0,0.0,0.0,3,EXD8C75|NBA1G29|QTA8G91
2026-07-15,201,A,Carla Mendes,0.0,0,0.0,0.0,0.0,0.0,2,UWR6H57|SIZ0Y20
2026-07-15,202,A,Daniel Oliveira,0.0,0,0.0,0.0,0.0,0.0,1,WNK4E27
2026-07-15,301,B,Elena Souza,120.9,2,102.77,0.0,0.0,120.9,2,LLT4Z05|XOR1M10
2026-07-15,302,B,Felipe Santos,8.08,1,6.87,0.0,0.0,8.08,1,RJU9L73
2026-07-15,401,B,Gabriela Lima,0.0,0,0.0,0.0,0.0,0.0,0,
2026-07-15,402,B,Henrique Rocha,17.55,1,14.92,0.0,0.0,17.55,1,IOU5F47
2026-07-16,101,A,Ana Silva,27.67,1,23.52,0.0,0.0,27.67,1,UDA4H28
2026-07-16,102,A,Bruno Costa,72.61,2,77.96,38.67,0.0,33.94,3,EXD8C75|NBA1G29|QTA8G91
2026-07-16,201,A,Carla Mendes,32.49,1,27.62,0.0,0.0,32.49,2,UWR6H57|SIZ0Y20
2026-07-16,202,A,Daniel Oliveira,0.0,0,0.0,0.0,0.0,0.0,1,WNK4E27
2026-07-16,301,B,Elena Souza,70.15,1,59.63,0.0,0.0,70.15,2,LLT4Z05|XOR1M10
2026-07-16,302,B,Felipe Santos,0.0,0,0.0,0.0,0.0,0.0,1,RJU9L73
2026-07-16,401,B,Gabriela Lima,0.0,0,0.0,0.0,0.0,0.0,0,
2026-07-16,402,B,Henrique Rocha,0.0,0,0.0,0.0,0.0,0.0,1,IOU5F47
2026-07-17,101,A,Ana Silva,12.22,1,10.39,0.0,0.0,12.22,1,UDA4H28
2026-07-17,102,A,Bruno Costa,51.34,1,65.2,51.34,0.0,0.0,3,EXD8C75|NBA1G29|QTA8G91
2026-07-17,201,A,Carla Mendes,23.22,1,19.74,0.0,0.0,23.22,2,UWR6H57|SIZ0Y20
2026-07-17,202,A,Daniel Oliveira,27.11,1,27.65,0.0,27.11,0.0,1,WNK4E27
2026-07-17,301,B,Elena Souza,50.8,1,43.18,0.0,0.0,50.8,2,LLT4Z05|XOR1M10
2026-07-17,302,B,Felipe Santos,8.05,1,6.84,0.0,0.0,8.05,1,RJU9L73
2026-07-17,401,B,Gabriela Lima,0.0,0,0.0,0.0,0.0,0.0,0,
2026-07-17,402,B,Henrique Rocha,15.23,1,12.95,0.0,0.0,15.23,1,IOU5F47
2026-07-18,101,A,Ana Silva,30.28,1,25.74,0.0,0.0,30.28,1,UDA4H28
2026-07-18,102,A,Bruno Costa,0.0,0,0.0,0.0,0.0,0.0,3,EXD8C75|NBA1G29|QTA8G91
2026-07-18,201,A,Carla Mendes,0.0,0,0.0,0.0,0.0,0.0,2,UWR6H57|SIZ0Y20
2026-07-18,202,A,Daniel Oliveira,15.06,1,12.8,0.0,0.0,15.06,1,WNK4E27
2026-07-18,301,B,Elena Souza,39.96,1,33.97,0.0,0.0,39.96,2,LLT4Z05|XOR1M10
2026-07-18,302,B,Felipe Santos,13.03,1,11.08,0.0,0.0,13.03,1,RJU9L73
2026-07-18,401,B,Gabriela Lima,0.0,0,0.0,0.0,0.0,0.0,0,
2026-07-18,402,B,Henrique Rocha,0.0,0,0.0,0.0,0.0,0.0,1,IOU5F47
2026-07-19,101,A,Ana Silva,0.0,0,0.0,0.0,0.0,0.0,1,UDA4H28
2026-07-19,102,A,Bruno Costa,37.64,1,31.99,0.0,0.0,37.64,3,EXD8C75|NBA1G29|QTA8G91
2026-07-19,201,A,Carla Mendes,0.0,0,0.0,0.0,0.0,0.0,2,UWR6H57|SIZ0Y20
2026-07-19,202,A,Daniel Oliveira,0.0,0,0.0,0.0,0.0,0.0,1,WNK4E27
2026-07-19,301,B,Elena Souza,51.59,1,43.85,0.0,0.0,51.59,2,LLT4Z05|XOR1M10
2026-07-19,302,B,Felipe Santos,0.0,0,0.0,0.0,0.0,0.0,1,RJU9L73
2026-07-19,401,B,Gabriela Lima,0.0,0,0.0,0.0,0.0,0.0,0,
2026-07-19,402,B,Henrique Rocha,0.0,0,0.0,0.0,0.0,0.0,1,IOU5F47
2026-07-20,101,A,Ana Silva,24.38,1,20.72,0.0,0.0,24.38,1,UDA4H28
2026-07-20,102,A,Bruno Costa,58.24,2,67.89,33.94,24.3,0.0,3,EXD8C75|NBA1G29|QTA8G91
2026-07-20,201,A,Carla Mendes,46.85,1,39.82,0.0,0.0,46.85,2,UWR6H57|SIZ0Y20
2026-07-20,202,A,Daniel Oliveira,31.3,1,31.93,0.0,31.3,0.0,1,WNK4E27
2026-07-20,301,B,Elena Souza,45.61,1,38.77,0.0,0.0,45.61,2,LLT4Z05|XOR1M10
2026-07-20,302,B,Felipe Santos,0.0,0,0.0,0.0,0.0,0.0,1,RJU9L73
2026-07-20,401,B,Gabriela Lima,0.0,0,0.0,0.0,0.0,0.0,0,
2026-07-20,402,B,Henrique Rocha,23.96,1,20.37,0.0,0.0,23.96,1,IOU5F47
2026-07-21,101,A,Ana Silva,15.71,1,13.35,0.0,0.0,15.71,1,UDA4H28
2026-07-21,102,A,Bruno Costa,77.71,2,89.88,42.47,35.24,0.0,3,EXD8C75|NBA1G29|QTA8G91
2026-07-21,201,A,Carla Mendes,0.0,0,0.0,0.0,0.0,0.0,2,UWR6H57|SIZ0Y20
2026-07-21,202,A,Daniel Oliveira,0.0,0,0.0,0.0,0.0,0.0,0,
2026-07-21,301,B,Elena Souza,21.51,1,21.94,0.0,21.51,0.0,2,LLT4Z05|XOR1M10
2026-07-21,302,B,Felipe Santos,8.99,1,7.64,0.0,0.0,8.99,1,RJU9L73
2026-07-21,401,B,Gabriela Lima,0.0,0,0.0,0.0,0.0,0.0,0,
2026-07-21,402,B,Henrique Rocha,13.52,1,11.49,0.0,0.0,13.52,1,IOU5F47
2026-07-22,101,A,Ana Silva,15.22,1,12.94,0.0,0.0,15.22,1,UDA4H28
2026-07-22,102,A,Bruno Costa,52.06,1,66.12,52.06,0.0,0.0,3,EXD8C75|NBA1G29|QTA8G91
2026-07-22,201,A,Carla Mendes,20.7,1,17.59,0.0,0.0,20.7,2,UWR6H57|SIZ0Y20
2026-07-22,202,A,Daniel Oliveira,0.0,0,0.0,0.0,0.0,0.0,0,
2026-07-22,301,B,Elena Souza,0.0,0,0.0,0.0,0.0,0.0,2,LLT4Z05|XOR1M10
2026-07-22,302,B,Felipe Santos,0.0,0,0.0,0.0,0.0,0.0,1,RJU9L73
2026-07-22,401,B,Gabriela Lima,0.0,0,0.0,0.0,0.0,0.0,0,
2026-07-22,402,B,Henrique Rocha,18.15,1,15.43,0.0,0.0,18.15,1,IOU5F47
2026-07-23,101,A,Ana Silva,31.08,1,26.42,0.0,0.0,31.08,1,UDA4H28
2026-07-23,102,A,Bruno Costa,45.57,1,46.48,0.0,45.57,0.0,3,EXD8C75|NBA1G29|QTA8G91
2026-07-23,201,A,Carla Mendes,0.0,0,0.0,0.0,0.0,0.0,2,UWR6H57|SIZ0Y20
2026-07-23,202,A,Daniel Oliveira,0.0,0,0.0,0.0,0.0,0.0,0,
2026-07-23,301,B,Elena Souza,78.19,2,66.46,0.0,0.0,78.19,2,LLT4Z05|XOR1M10
2026-07-23,302,B,Felipe Santos,9.37,1,7.96,0.0,0.0,9.37,1,RJU9L73
2026-07-23,401,B,Gabriela Lima,0.0,0,0.0,0.0,0.0,0.0,0,
2026-07-23,402,B,Henrique Rocha,19.09,1,16.23,0.0,0.0,19.09,1,IOU5F47
2026-07-24,101,A,Ana Silva,24.1,1,20.48,0.0,0.0,24.1,1,UDA4H28
2026-07-24,102,A,Bruno Costa,45.16,1,57.35,45.16,0.0,0.0,3,EXD8C75|NBA1G29|QTA8G91
2026-07-24,201,A,Carla Mendes,70.82,2,60.19,0.0,0.0,70.82,2,UWR6H57|SIZ0Y20
2026-07-24,202,A,Daniel Oliveira,0.0,0,0.0,0.0,0.0,0.0,0,
2026-07-24,301,B,Elena Souza,27.54,1,23.41,0.0,0.0,27.54,2,LLT4Z05|XOR1M10
2026-07-24,302,B,Felipe Santos,9.93,1,8.44,0.0,0.0,9.93,1,RJU9L73
2026-07-24,401,B,Gabriela Lima,0.0,0,0.0,0.0,0.0,0.0,0,
2026-07-24,402,B,Henrique Rocha,0.0,0,0.0,0.0,0.0,0.0,1,IOU5F47
2026-07-25,101,A,Ana Silva,0.0,0,0.0,0.0,0.0,0.0,1,UDA4H28
2026-07-25,102,A,Bruno Costa,59.8,1,50.83,0.0,0.0,59.8,3,EXD8C75|NBA1G29|QTA8G91
2026-07-25,201,A,Carla Mendes,0.0,0,0.0,0.0,0.0,0.0,2,UWR6H57|SIZ0Y20
2026-07-25,202,A,Daniel Oliveira,0.0,0,0.0,0.0,0.0,0.0,0,
2026-07-25,301,B,Elena Souza,48.04,1,40.83,0.0,0.0,48.04,2,LLT4Z05|XOR1M10
2026-07-25,302,B,Felipe Santos,0.0,0,0.0,0.0,0.0,0.0,1,RJU9L73
2026-07-25,401,B,Gabriela Lima,0.0,0,0.0,0.0,0.0,0.0,0,
2026-07-25,402,B,Henrique Rocha,0.0,0,0.0,0.0,0.0,0.0,1,IOU5F47
2026-07-26,101,A,Ana Silva,0.0,0,0.0,0.0,0.0,0.0,1,UDA4H28
2026-07-26,102,A,Bruno Costa,35.22,1,29.94,0.0,0.0,35.22,3,EXD8C75|NBA1G29|QTA8G91
2026-07-26,201,A,Carla Mendes,46.2,2,39.27,0.0,0.0,46.2,2,UWR6H57|SIZ0Y20
2026-07-26,202,A,Daniel Oliveira,0.0,0,0.0,0.0,0.0,0.0,0,
2026-07-26,301,B,Elena Souza,0.0,0,0.0,0.0,0.0,0.0,2,LLT4Z05|XOR1M10
2026-07-26,302,B,Felipe Santos,0.0,0,0.0,0.0,0.0,0.0,1,RJU9L73
2026-07-26,401,B,Gabriela Lima,0.0,0,0.0,0.0,0.0,0.0,0,
2026-07-26,402,B,Henrique Rocha,26.28,1,22.34,0.0,0.0,26.28,1,IOU5F47
2026-07-27,101,A,Ana Silva,0.0,0,0.0,0.0,0.0,0.0,1,UDA4H28
2026-07-27,102,A,Bruno Costa,40.83,1,51.85,40.83,0.0,0.0,3,EXD8C75|NBA1G29|QTA8G91
2026-07-27,201,A,Carla Mendes,32.59,1,27.7,0.0,0.0,32.59,2,UWR6H57|SIZ0Y20
2026-07-27,202,A,Daniel Oliveira,0.0,0,0.0,0.0,0.0,0.0,0,
2026-07-27,301,B,Elena Souza,58.94,2,50.1,0.0,0.0,58.94,2,LLT4Z05|XOR1M10
2026-07-27,302,B,Felipe Santos,16.43,1,13.97,0.0,0.0,16.43,1,RJU9L73
2026-07-27,401,B,Gabriela Lima,0.0,0,0.0,0.0,0.0,0.0,0,
2026-07-27,402,B,Henrique Rocha,0.0,0,0.0,0.0,0.0,0.0,1,IOU5F47
2026-07-28,101,A,Ana Silva,16.48,1,14.01,0.0,0.0,16.48,1,UDA4H28
2026-07-28,102,A,Bruno Costa,68.77,2,87.34,68.77,0.0,0.0,3,EXD8C75|NBA1G29|QTA8G91
2026-07-28,201,A,Carla Mendes,82.44,2,70.07,0.0,0.0,82.44,2,UWR6H57|SIZ0Y20
2026-07-28,202,A,Daniel Oliveira,0.0,0,0.0,0.0,0.0,0.0,0,
2026-07-28,301,B,Elena Souza,48.01,1,40.81,0.0,0.0,48.01,2,LLT4Z05|XOR1M10
2026-07-28,302,B,Felipe Santos,14.16,1,12.04,0.0,0.0,14.16,1,RJU9L73
2026-07-28,401,B,Gabriela Lima,0.0,0,0.0,0.0,0.0,0.0,0,
2026-07-28,402,B,Henrique Rocha,20.47,1,17.4,0.0,0.0,20.47,1,IOU5F47
2026-07-29,101,A,Ana Silva,16.14,1,13.72,0.0,0.0,16.14,1,UDA4H28
2026-07-29,102,A,Bruno Costa,40.29,1,41.1,0.0,40.29,0.0,3,EXD8C75|NBA1G29|QTA8G91
2026-07-29,201,A,Carla Mendes,0.0,0,0.0,0.0,0.0,0.0,2,UWR6H57|SIZ0Y20
2026-07-29,202,A,Daniel Oliveira,0.0,0,0.0,0.0,0.0,0.0,0,
2026-07-29,301,B,Elena Souza,69.2,1,58.82,0.0,0.0,69.2,2,LLT4Z05|XOR1M10
2026-07-29,302,B,Felipe Santos,0.0,0,0.0,0.0,0.0,0.0,1,RJU9L73
2026-07-29,401,B,Gabriela Lima,0.0,0,0.0,0.0,0.0,0.0,0,
2026-07-29,402,B,Henrique Rocha,27.16,1,23.09,0.0,0.0,27.16,1,IOU5F47
2026-07-30,101,A,Ana Silva,24.36,1,20.71,0.0,0.0,24.36,1,UDA4H28
2026-07-30,102,A,Bruno Costa,29.99,1,38.09,29.99,0.0,0.0,3,EXD8C75|NBA1G29|QTA8G91
2026-07-30,201,A,Carla Mendes,35.89,1,30.51,0.0,0.0,35.89,2,UWR6H57|SIZ0Y20
2026-07-30,202,A,Daniel Oliveira,0.0,0,0.0,0.0,0.0,0.0,0,
2026-07-30,301,B,Elena Souza,103.36,2,87.86,0.0,0.0,103.36,2,LLT4Z05|XOR1M10
2026-07-30,302,B,Felipe Santos,0.0,0,0.0,0.0,0.0,0.0,1,RJU9L73
2026-07-30,401,B,Gabriela Lima,0.0,0,0.0,0.0,0.0,0.0,0,
2026-07-30,402,B,Henrique Rocha,23.89,1,20.31,0.0,0.0,23.89,1,IOU5F47
2026-07-31,101,A,Ana Silva,19.62,1,16.68,0.0,0.0,19.62,1,UDA4H28
2026-07-31,102,A,Bruno Costa,59.15,1,60.33,0.0,59.15,0.0,3,EXD8C75|NBA1G29|QTA8G91
2026-07-31,201,A,Carla Mendes,0.0,0,0.0,0.0,0.0,0.0,2,UWR6H57|SIZ0Y20
2026-07-31,202,A,Daniel Oliveira,0.0,0,0.0,0.0,0.0,0.0,0,
2026-07-31,301,B,Elena Souza,28.52,1,24.24,0.0,0.0,28.52,2,LLT4Z05|XOR1M10
2026-07-31,302,B,Felipe Santos,0.0,0,0.0,0.0,0.0,0.0,1,RJU9L73
2026-07-31,401,B,Gabriela Lima,0.0,0,0.0,0.0,0.0,0.0,0,
2026-07-31,402,B,Henrique Rocha,11.46,1,9.74,0.0,0.0,11.46,1,IOU5F47
2026-08-01,101,A,Ana Silva,0.0,0,0.0,0.0,0.0,0.0,1,UDA4H28
2026-08-01,102,A,Bruno Costa,33.63,1,28.59,0.0,0.0,33.63,3,EXD8C75|NBA1G29|QTA8G91
2026-08-01,201,A,Carla Mendes,0.0,0,0.0,0.0,0.0,0.0,2,UWR6H57|SIZ0Y20
2026-08-01,202,A,Daniel Oliveira,0.0,0,0.0,0.0,0.0,0.0,0,
2026-08-01,301,B,Elena Souza,24.64,1,20.94,0.0,0.0,24.64,2,LLT4Z05|XOR1M10
2026-08-01,302,B,Felipe Santos,12.0,1,10.2,0.0,0.0,12.0,1,RJU9L73
2026-08-01,401,B,Gabriela Lima,0.0,0,0.0,0.0,0.0,0.0,1,YJC3D48
2026-08-01,402,B,Henrique Rocha,22.88,1,19.45,0.0,0.0,22.88,1,IOU5F47
2026-08-02,101,A,Ana Silva,0.0,0,0.0,0.0,0.0,0.0,1,UDA4H28
2026-08-02,102,A,Bruno Costa,31.49,1,26.77,0.0,0.0,31.49,3,EXD8C75|NBA1G29|QTA8G91
2026-08-02,201,A,Carla Mendes,16.94,1,14.4,0.0,0.0,16.94,2,UWR6H57|SIZ0Y20
2026-08-02,202,A,Daniel Oliveira,0.0,0,0.0,0.0,0.0,0.0,0,
2026-08-02,301,B,Elena Souza,51.52,1,43.79,0.0,0.0,51.52,2,LLT4Z05|XOR1M10
2026-08-02,302,B,Felipe Santos,0.0,0,0.0,0.0,0.0,0.0,1,RJU9L73
2026-08-02,401,B,Gabriela Lima,0.0,0,0.0,0.0,0.0,0.0,1,YJC3D48
2026-08-02,402,B,Henrique Rocha,0.0,0,0.0,0.0,0.0,0.0,1,IOU5F47
2026-08-03,101,A,Ana Silva,31.35,1,26.65,0.0,0.0,31.35,1,UDA4H28
2026-08-03,102,A,Bruno Costa,38.44,1,39.21,0.0,38.44,0.0,3,EXD8C75|NBA1G29|QTA8G91
2026-08-03,201,A,Carla Mendes,41.91,1,35.62,0.0,0.0,41.91,2,UWR6H57|SIZ0Y20
2026-08-03,202,A,Daniel Oliveira,0.0,0,0.0,0.0,0.0,0.0,0,
2026-08-03,301,B,Elena Souza,64.88,2,61.35,0.0,36.49,28.39,2,LLT4Z05|XOR1M10
2026-08-03,302,B,Felipe Santos,0.0,0,0.0,0.0,0.0,0.0,1,RJU9L73
2026-08-03,401,B,Gabriela Lima,29.87,1,30.47,0.0,29.87,0.0,1,YJC3D48
2026-08-03,402,B,Henrique Rocha,15.25,1,12.96,0.0,0.0,15.25,1,IOU5F47
2026-08-04,101,A,Ana Silva,0.0,0,0.0,0.0,0.0,0.0,1,UDA4H28
2026-08-04,102,A,Bruno Costa,52.52,1,66.7,52.52,0.0,0.0,3,EXD8C75|NBA1G29|QTA8G91
2026-08-04,201,A,Carla Mendes,46.87,1,39.84,0.0,0.0,46.87,2,UWR6H57|SIZ0Y20
2026-08-04,202,A,Daniel Oliveira,0.0,0,0.0,0.0,0.0,0.0,0,
2026-08-04,301,B,Elena Souza,75.27,1,63.98,0.0,0.0,75.27,2,LLT4Z05|XOR1M10
2026-08-04,302,B,Felipe Santos,0.0,0,0.0,0.0,0.0,0.0,1,RJU9L73
2026-08-04,401,B,Gabriela Lima,28.41,1,28.98,0.0,28.41,0.0,1,YJC3D48
2026-08-04,402,B,Henrique Rocha,0.0,0,0.0,0.0,0.0,0.0,1,IOU5F47
2026-08-05,101,A,Ana Silva,26.07,1,22.16,0.0,0.0,26.07,1,UDA4H28
2026-08-05,102,A,Bruno Costa,44.17,1,56.1,44.17,0.0,0.0,3,EXD8C75|NBA1G29|QTA8G91
2026-08-05,201,A,Carla Mendes,24.36,1,20.71,0.0,0.0,24.36,2,UWR6H57|SIZ0Y20
2026-08-05,202,A,Daniel Oliveira,0.0,0,0.0,0.0,0.0,0.0,1,YKD1M12
2026-08-05,301,B,Elena Souza,31.87,1,27.09,0.0,0.0,31.87,2,LLT4Z05|XOR1M10
2026-08-05,302,B,Felipe Santos,13.64,1,11.59,0.0,0.0,13.64,1,RJU9L73
2026-08-05,401,B,Gabriela Lima,0.0,0,0.0,0.0,0.0,0.0,1,YJC3D48
2026-08-05,402,B,Henrique Rocha,13.18,1,11.2,0.0,0.0,13.18,1,IOU5F47
2026-08-06,101,A,Ana Silva,21.7,1,18.45,0.0,0.0,21.7,1,UDA4H28
2026-08-06,102,A,Bruno Costa,61.45,2,64.29,28.7,0.0,32.75,3,EXD8C75|NBA1G29|QTA8G91
2026-08-06,201,A,Carla Mendes,22.64,1,19.24,0.0,0.0,22.64,2,UWR6H57|SIZ0Y20
2026-08-06,202,A,Daniel Oliveira,0.0,0,0.0,0.0,0.0,0.0,1,YKD1M12
2026-08-06,301,B,Elena Souza,67.7,1,57.55,0.0,0.0,67.7,2,LLT4Z05|XOR1M10
2026-08-06,302,B,Felipe Santos,0.0,0,0.0,0.0,0.0,0.0,1,RJU9L73
2026-08-06,401,B,Gabriela Lima,0.0,0,0.0,0.0,0.0,0.0,1,YJC3D48
2026-08-06,402,B,Henrique Rocha,11.5,1,9.78,0.0,0.0,11.5,1,IOU5F47
2026-08-07,101,A,Ana Silva,14.52,1,12.34,0.0,0.0,14.52,1,UDA4H28
2026-08-07,102,A,Bruno Costa,47.57,1,48.52,0.0,47.57,0.0,3,EXD8C75|NBA1G29|QTA8G91
2026-08-07,201,A,Carla Mendes,44.16,1,37.54,0.0,0.0,44.16,2,UWR6H57|SIZ0Y20
2026-08-07,202,A,Daniel Oliveira,0.0,0,0.0,0.0,0.0,0.0,1,YKD1M12
2026-08-07,301,B,Elena Souza,64.03,1,54.43,0.0,0.0,64.03,2,LLT4Z05|XOR1M10
2026-08-07,302,B,Felipe Santos,0.0,0,0.0,0.0,0.0,0.0,1,RJU9L73
2026-08-07,401,B,Gabriela Lima,0.0,0,0.0,0.0,0.0,0.0,1,YJC3D48
2026-08-07,402,B,Henrique Rocha,15.14,1,12.87,0.0,0.0,15.14,1,IOU5F47
2026-08-08,101,A,Ana Silva,0.0,0,0.0,0.0,0.0,0.0,1,UDA4H28
2026-08-08,102,A,Bruno Costa,30.98,1,26.33,0.0,0.0,30.98,3,EXD8C75|NBA1G29|QTA8G91
2026-08-08,201,A,Carla Mendes,0.0,0,0.0,0.0,0.0,0.0,2,UWR6H57|SIZ0Y20
2026-08-08,202,A,Daniel Oliveira,0.0,0,0.0,0.0,0.0,0.0,1,YKD1M12
2026-08-08,301,B,Elena Souza,0.0,0,0.0,0.0,0.0,0.0,2,LLT4Z05|XOR1M10
2026-08-08,302,B,Felipe Santos,0.0,0,0.0,0.0,0.0,0.0,1,RJU9L73
2026-08-08,401,B,Gabriela Lima,0.0,0,0.0,0.0,0.0,0.0,1,YJC3D48
2026-08-08,402,B,Henrique Rocha,0.0,0,0.0,0.0,0.0,0.0,1,IOU5F47
2026-08-09,101,A,Ana Silva,0.0,0,0.0,0.0,0.0,0.0,1,UDA4H28
2026-08-09,102,A,Bruno Costa,54.43,1,46.27,0.0,0.0,54.43,3,EXD8C75|NBA1G29|QTA8G91
2026-08-09,201,A,Carla Mendes,0.0,0,0.0,0.0,0.0,0.0,2,UWR6H57|SIZ0Y20
2026-08-09,202,A,Daniel Oliveira,20.78,1,17.66,0.0,0.0,20.78,1,YKD1M12
2026-08-09,301,B,Elena Souza,42.14,1,35.82,0.0,0.0,42.14,2,LLT4Z05|XOR1M10
2026-08-09,302,B,Felipe Santos,0.0,0,0.0,0.0,0.0,0.0,1,RJU9L73
2026-08-09,401,B,Gabriela Lima,0.0,0,0.0,0.0,0.0,0.0,1,YJC3D48
2026-08-09,402,B,Henrique Rocha,0.0,0,0.0,0.0,0.0,0.0,1,IOU5F47
2026-08-10,101,A,Ana Silva,28.02,1,23.82,0.0,0.0,28.02,1,UDA4H28
2026-08-10,102,A,Bruno Costa,59.8,1,75.95,59.8,0.0,0.0,3,EXD8C75|NBA1G29|QTA8G91
2026-08-10,201,A,Carla Mendes,19.36,1,16.46,0.0,0.0,19.36,2,UWR6H57|SIZ0Y20
2026-08-10,202,A,Daniel Oliveira,32.56,1,41.35,32.56,0.0,0.0,1,YKD1M12
2026-08-10,301,B,Elena Souza,66.58,1,56.59,0.0,0.0,66.58,2,LLT4Z05|XOR1M10
2026-08-10,302,B,Felipe Santos,0.0,0,0.0,0.0,0.0,0.0,1,RJU9L73
2026-08-10,401,B,Gabriela Lima,0.0,0,0.0,0.0,0.0,0.0,1,YJC3D48
2026-08-10,402,B,Henrique Rocha,24.01,1,20.41,0.0,0.0,24.01,1,IOU5F47
2026-08-11,101,A,Ana Silva,30.01,1,25.51,0.0,0.0,30.01,1,UDA4H28
2026-08-11,102,A,Bruno Costa,21.27,1,18.08,0.0,0.0,21.27,3,EXD8C75|NBA1G29|QTA8G91
2026-08-11,201,A,Carla Mendes,34.33,1,29.18,0.0,0.0,34.33,2,UWR6H57|SIZ0Y20
2026-08-11,202,A,Daniel Oliveira,0.0,0,0.0,0.0,0.0,0.0,1,YKD1M12
2026-08-11,301,B,Elena Souza,41.71,1,35.45,0.0,0.0,41.71,2,LLT4Z05|XOR1M10
2026-08-11,302,B,Felipe Santos,10.64,1,9.04,0.0,0.0,10.64,1,RJU9L73
2026-08-11,401,B,Gabriela Lima,0.0,0,0.0,0.0,0.0,0.0,1,YJC3D48
2026-08-11,402,B,Henrique Rocha,22.08,1,18.77,0.0,0.0,22.08,1,IOU5F47
2026-08-12,101,A,Ana Silva,25.63,1,21.79,0.0,0.0,25.63,1,UDA4H28
2026-08-12,102,A,Bruno Costa,97.3,2,114.2,59.8,37.5,0.0,3,EXD8C75|NBA1G29|QTA8G91
2026-08-12,201,A,Carla Mendes,0.0,0,0.0,0.0,0.0,0.0,2,UWR6H57|SIZ0Y20
2026-08-12,202,A,Daniel Oliveira,36.83,1,37.57,0.0,36.83,0.0,1,YKD1M12
2026-08-12,301,B,Elena Souza,68.21,2,61.75,0.0,22.2,46.01,2,LLT4Z05|XOR1M10
2026-08-12,302,B,Felipe Santos,0.0,0,0.0,0.0,0.0,0.0,1,RJU9L73
2026-08-12,401,B,Gabriela Lima,0.0,0,0.0,0.0,0.0,0.0,1,YJC3D48
2026-08-12,402,B,Henrique Rocha,0.0,0,0.0,0.0,0.0,0.0,1,IOU5F47
2026-08-13,101,A,Ana Silva,22.48,1,19.11,0.0,0.0,22.48,1,UDA4H28
2026-08-13,102,A,Bruno Costa,76.44,2,82.87,42.61,0.0,33.83,3,EXD8C75|NBA1G29|QTA8G91
2026-08-13,201,A,Carla Mendes,69.84,2,59.37,0.0,0.0,69.84,2,UWR6H57|SIZ0Y20
2026-08-13,202,A,Daniel Oliveira,0.0,0,0.0,0.0,0.0,0.0,1,YKD1M12
2026-08-13,301,B,Elena Souza,71.16,1,60.49,0.0,0.0,71.16,2,LLT4Z05|XOR1M10
2026-08-13,302,B,Felipe Santos,0.0,0,0.0,0.0,0.0,0.0,1,RJU9L73
2026-08-13,401,B,Gabriela Lima,34.8,1,29.58,0.0,0.0,34.8,1,YJC3D48
2026-08-13,402,B,Henrique Rocha,26.04,1,22.13,0.0,0.0,26.04,1,IOU5F47
2026-08-14,101,A,Ana Silva,19.89,1,16.91,0.0,0.0,19.89,1,UDA4H28
2026-08-14,102,A,Bruno Costa,25.72,1,32.66,25.72,0.0,0.0,3,EXD8C75|NBA1G29|QTA8G91
2026-08-14,201,A,Carla Mendes,21.79,1,18.52,0.0,0.0,21.79,2,UWR6H57|SIZ0Y20
2026-08-14,202,A,Daniel Oliveira,0.0,0,0.0,0.0,0.0,0.0,1,YKD1M12
2026-08-14,301,B,Elena Souza,55.88,1,47.5,0.0,0.0,55.88,2,LLT4Z05|XOR1M10
2026-08-14,302,B,Felipe Santos,0.0,0,0.0,0.0,0.0,0.0,1,RJU9L73
2026-08-14,401,B,Gabriela Lima,0.0,0,0.0,0.0,0.0,0.0,1,YJC3D48
2026-08-14,402,B,Henrique Rocha,12.27,1,10.43,0.0,0.0,12.27,1,IOU5F47
2026-08-15,101,A,Ana Silva,0.0,0,0.0,0.0,0.0,0.0,1,UDA4H28
2026-08-15,102,A,Bruno Costa,0.0,0,0.0,0.0,0.0,0.0,3,EXD8C75|NBA1G29|QTA8G91
2026-08-15,201,A,Carla Mendes,19.24,1,16.35,0.0,0.0,19.24,2,UWR6H57|SIZ0Y20
2026-08-15,202,A,Daniel Oliveira,20.89,1,17.76,0.0,0.0,20.89,1,YKD1M12
2026-08-15,301,B,Elena Souza,0.0,0,0.0,0.0,0.0,0.0,2,LLT4Z05|XOR1M10
2026-08-15,302,B,Felipe Santos,0.0,0,0.0,0.0,0.0,0.0,1,RJU9L73
2026-08-15,401,B,Gabriela Lima,0.0,0,0.0,0.0,0.0,0.0,1,YJC3D48
2026-08-15,402,B,Henrique Rocha,0.0,0,0.0,0.0,0.0,0.0,1,IOU5F47
2026-08-16,101,A,Ana Silva,0.0,0,0.0,0.0,0.0,0.0,1,UDA4H28
2026-08-16,102,A,Bruno Costa,0.0,0,0.0,0.0,0.0,0.0,3,EXD8C75|NBA1G29|QTA8G91
2026-08-16,201,A,Carla Mendes,66.39,2,56.43,0.0,0.0,66.39,2,UWR6H57|SIZ0Y20
2026-08-16,202,A,Daniel Oliveira,33.44,1,28.42,0.0,0.0,33.44,1,YKD1M12
2026-08-16,301,B,Elena Souza,0.0,0,0.0,0.0,0.0,0.0,2,LLT4Z05|XOR1M10
2026-08-16,302,B,Felipe Santos,0.0,0,0.0,0.0,0.0,0.0,1,RJU9L73
2026-08-16,401,B,Gabriela Lima,17.84,1,15.16,0.0,0.0,17.84,1,YJC3D48
2026-08-16,402,B,Henrique Rocha,21.66,1,18.41,0.0,0.0,21.66,1,IOU5F47
2026-08-17,101,A,Ana Silva,19.32,1,16.42,0.0,0.0,19.32,1,UDA4H28
2026-08-17,102,A,Bruno Costa,51.78,1,44.01,0.0,0.0,51.78,3,EXD8C75|NBA1G29|QTA8G91
2026-08-17,201,A,Carla Mendes,31.23,1,26.55,0.0,0.0,31.23,2,UWR6H57|SIZ0Y20
2026-08-17,202,A,Daniel Oliveira,0.0,0,0.0,0.0,0.0,0.0,1,YKD1M12
2026-08-17,301,B,Elena Souza,53.18,1,45.2,0.0,0.0,53.18,2,LLT4Z05|XOR1M10
2026-08-17,302,B,Felipe Santos,15.42,1,13.11,0.0,0.0,15.42,1,RJU9L73
2026-08-17,401,B,Gabriela Lima,41.88,1,42.72,0.0,41.88,0.0,1,YJC3D48
2026-08-17,402,B,Henrique Rocha,0.0,0,0.0,0.0,0.0,0.0,1,IOU5F47
2026-08-18,101,A,Ana Silva,19.29,1,16.4,0.0,0.0,19.29,1,UDA4H28
2026-08-18,102,A,Bruno Costa,30.33,1,30.94,0.0,30.33,0.0,3,EXD8C75|NBA1G29|QTA8G91
2026-08-18,201,A,Carla Mendes,0.0,0,0.0,0.0,0.0,0.0,2,UWR6H57|SIZ0Y20
2026-08-18,202,A,Daniel Oliveira,0.0,0,0.0,0.0,0.0,0.0,1,YKD1M12
2026-08-18,301,B,Elena Souza,114.7,2,97.49,0.0,0.0,114.7,2,LLT4Z05|XOR1M10
2026-08-18,302,B,Felipe Santos,10.63,1,9.04,0.0,0.0,10.63,1,RJU9L73
2026-08-18,401,B,Gabriela Lima,0.0,0,0.0,0.0,0.0,0.0,1,YJC3D48
2026-08-18,402,B,Henrique Rocha,15.31,1,13.01,0.0,0.0,15.31,1,IOU5F47
2026-08-19,101,A,Ana Silva,12.31,1,10.46,0.0,0.0,12.31,1,UDA4H28
2026-08-19,102,A,Bruno Costa,23.5,1,19.97,0.0,0.0,23.5,2,EXD8C75|QTA8G91
2026-08-19,201,A,Carla Mendes,32.76,1,27.85,0.0,0.0,32.76,2,UWR6H57|SIZ0Y20
2026-08-19,202,A,Daniel Oliveira,26.59,1,27.12,0.0,26.59,0.0,1,YKD1M12
2026-08-19,301,B,Elena Souza,83.33,2,79.55,0.0,51.29,32.04,2,LLT4Z05|XOR1M10
2026-08-19,302,B,Felipe Santos,0.0,0,0.0,0.0,0.0,0.0,1,RJU9L73
2026-08-19,401,B,Gabriela Lima,34.35,1,29.2,0.0,0.0,34.35,1,YJC3D48
2026-08-19,402,B,Henrique Rocha,11.05,1,9.39,0.0,0.0,11.05,1,IOU5F47
2026-08-20,101,A,Ana Silva,31.01,1,26.36,0.0,0.0,31.01,1,UDA4H28
2026-08-20,102,A,Bruno Costa,77.0,2,74.28,0.0,51.9,25.1,2,EXD8C75|QTA8G91
2026-08-20,201,A,Carla Mendes,0.0,0,0.0,0.0,0.0,0.0,2,UWR6H57|SIZ0Y20
2026-08-20,202,A,Daniel Oliveira,27.02,1,34.32,27.02,0.0,0.0,1,YKD1M12
2026-08-20,301,B,Elena Souza,0.0,0,0.0,0.0,0.0,0.0,2,LLT4Z05|XOR1M10
2026-08-20,302,B,Felipe Santos,0.0,0,0.0,0.0,0.0,0.0,1,RJU9L73
2026-08-20,401,B,Gabriela Lima,22.33,1,18.98,0.0,0.0,22.33,1,YJC3D48
2026-08-20,402,B,Henrique Rocha,18.06,1,15.35,0.0,0.0,18.06,1,IOU5F47
2026-08-21,101,A,Ana Silva,19.54,1,16.61,0.0,0.0,19.54,1,UDA4H28
2026-08-21,102,A,Bruno Costa,102.51,2,130.18,102.51,0.0,0.0,2,EXD8C75|QTA8G91
2026-08-21,201,A,Carla Mendes,0.0,0,0.0,0.0,0.0,0.0,2,UWR6H57|SIZ0Y20
2026-08-21,202,A,Daniel Oliveira,0.0,0,0.0,0.0,0.0,0.0,1,YKD1M12
2026-08-21,301,B,Elena Souza,96.36,2,81.9,0.0,0.0,96.36,2,LLT4Z05|XOR1M10
2026-08-21,302,B,Felipe Santos,0.0,0,0.0,0.0,0.0,0.0,1,RJU9L73
2026-08-21,401,B,Gabriela Lima,32.64,1,41.45,32.64,0.0,0.0,1,YJC3D48
2026-08-21,402,B,Henrique Rocha,21.95,1,18.66,0.0,0.0,21.95,1,IOU5F47
2026-08-22,101,A,Ana Silva,0.0,0,0.0,0.0,0.0,0.0,1,UDA4H28
2026-08-22,102,A,Bruno Costa,61.18,1,52.0,0.0,0.0,61.18,2,EXD8C75|QTA8G91
2026-08-22,201,A,Carla Mendes,0.0,0,0.0,0.0,0.0,0.0,2,UWR6H57|SIZ0Y20
2026-08-22,202,A,Daniel Oliveira,33.76,1,28.7,0.0,0.0,33.76,1,YKD1M12
2026-08-22,301,B,Elena Souza,102.81,2,87.39,0.0,0.0,102.81,2,LLT4Z05|XOR1M10
2026-08-22,302,B,Felipe Santos,0.0,0,0.0,0.0,0.0,0.0,1,RJU9L73
2026-08-22,401,B,Gabriela Lima,27.19,1,23.11,0.0,0.0,27.19,1,YJC3D48
2026-08-22,402,B,Henrique Rocha,0.0,0,0.0,0.0,0.0,0.0,1,IOU5F47
2026-08-23,101,A,Ana Silva,0.0,0,0.0,0.0,0.0,0.0,1,UDA4H28
2026-08-23,102,A,Bruno Costa,55.2,1,46.92,0.0,0.0,55.2,2,EXD8C75|QTA8G91
2026-08-23,201,A,Carla Mendes,44.16,1,37.54,0.0,0.0,44.16,2,UWR6H57|SIZ0Y20
2026-08-23,202,A,Daniel Oliveira,25.73,1,21.87,0.0,0.0,25.73,1,YKD1M12
2026-08-23,301,B,Elena Souza,28.0,1,23.8,0.0,0.0,28.0,2,LLT4Z05|XOR1M10
2026-08-23,302,B,Felipe Santos,0.0,0,0.0,0.0,0.0,0.0,1,RJU9L73
2026-08-23,401,B,Gabriela Lima,0.0,0,0.0,0.0,0.0,0.0,1,YJC3D48
2026-08-23,402,B,Henrique Rocha,0.0,0,0.0,0.0,0.0,0.0,1,IOU5F47
2026-08-24,101,A,Ana Silva,12.59,1,10.7,0.0,0.0,12.59,1,UDA4H28
2026-08-24,102,A,Bruno Costa,62.18,2,52.85,0.0,0.0,62.18,2,EXD8C75|QTA8G91
2026-08-24,201,A,Carla Mendes,0.0,0,0.0,0.0,0.0,0.0,2,UWR6H57|SIZ0Y20
2026-08-24,202,A,Daniel Oliveira,0.0,0,0.0,0.0,0.0,0.0,1,YKD1M12
2026-08-24,301,B,Elena Souza,83.27,2,75.96,0.0,30.46,52.81,2,LLT4Z05|XOR1M10
2026-08-24,302,B,Felipe Santos,0.0,0,0.0,0.0,0.0,0.0,1,RJU9L73
2026-08-24,401,B,Gabriela Lima,39.86,1,40.66,0.0,39.86,0.0,1,YJC3D48
2026-08-24,402,B,Henrique Rocha,24.23,1,20.6,0.0,0.0,24.23,1,IOU5F47
2026-08-25,101,A,Ana Silva,32.99,1,28.04,0.0,0.0,32.99,1,UDA4H28
2026-08-25,102,A,Bruno Costa,74.81,2,76.3,0.0,74.81,0.0,2,EXD8C75|QTA8G91
2026-08-25,201,A,Carla Mendes,28.13,1,23.91,0.0,0.0,28.13,2,UWR6H57|SIZ0Y20
2026-08-25,202,A,Daniel Oliveira,0.0,0,0.0,0.0,0.0,0.0,1,YKD1M12
2026-08-25,301,B,Elena Souza,60.05,1,51.04,0.0,0.0,60.05,2,LLT4Z05|XOR1M10
2026-08-25,302,B,Felipe Santos,0.0,0,0.0,0.0,0.0,0.0,1,RJU9L73
2026-08-25,401,B,Gabriela Lima,28.55,1,29.12,0.0,28.55,0.0,1,YJC3D48
2026-08-25,402,B,Henrique Rocha,0.0,0,0.0,0.0,0.0,0.0,1,IOU5F47
2026-08-26,101,A,Ana Silva,27.45,1,23.33,0.0,0.0,27.45,1,UDA4H28
2026-08-26,102,A,Bruno Costa,48.3,1,61.34,48.3,0.0,0.0,2,EXD8C75|QTA8G91
2026-08-26,201,A,Carla Mendes,38.14,1,32.42,0.0,0.0,38.14,2,UWR6H57|SIZ0Y20
2026-08-26,202,A,Daniel Oliveira,0.0,0,0.0,0.0,0.0,0.0,1,YKD1M12
2026-08-26,301,B,Elena Souza,68.41,1,69.78,0.0,68.41,0.0,2,LLT4Z05|XOR1M10
2026-08-26,302,B,Felipe Santos,0.0,0,0.0,0.0,0.0,0.0,1,RJU9L73
2026-08-26,401,B,Gabriela Lima,0.0,0,0.0,0.0,0.0,0.0,1,YJC3D48
2026-08-26,402,B,Henrique Rocha,15.04,1,12.78,0.0,0.0,15.04,1,IOU5F47
2026-08-27,101,A,Ana Silva,29.66,1,25.21,0.0,0.0,29.66,1,UDA4H28
2026-08-27,102,A,Bruno Costa,23.76,1,30.18,23.76,0.0,0.0,2,EXD8C75|QTA8G91
2026-08-27,201,A,Carla Mendes,91.01,2,77.36,0.0,0.0,91.01,2,UWR6H57|SIZ0Y20
2026-08-27,202,A,Daniel Oliveira,22.47,1,28.54,22.47,0.0,0.0,1,YKD1M12
2026-08-27,301,B,Elena Souza,40.66,1,34.56,0.0,0.0,40.66,2,LLT4Z05|XOR1M10
2026-08-27,302,B,Felipe Santos,0.0,0,0.0,0.0,0.0,0.0,1,RJU9L73
2026-08-27,401,B,Gabriela Lima,19.13,1,19.51,0.0,19.13,0.0,1,YJC3D48
2026-08-27,402,B,Henrique Rocha,0.0,0,0.0,0.0,0.0,0.0,1,IOU5F47
2026-08-28,101,A,Ana Silva,26.33,1,22.38,0.0,0.0,26.33,1,UDA4H28
2026-08-28,102,A,Bruno Costa,42.45,1,36.08,0.0,0.0,42.45,2,EXD8C75|QTA8G91
2026-08-28,201,A,Carla Mendes,0.0,0,0.0,0.0,0.0,0.0,2,UWR6H57|SIZ0Y20
2026-08-28,202,A,Daniel Oliveira,0.0,0,0.0,0.0,0.0,0.0,1,YKD1M12
2026-08-28,301,B,Elena Souza,69.97,1,59.47,0.0,0.0,69.97,2,LLT4Z05|XOR1M10
2026-08-28,302,B,Felipe Santos,0.0,0,0.0,0.0,0.0,0.0,1,RJU9L73
2026-08-28,401,B,Gabriela Lima,34.18,1,43.41,34.18,0.0,0.0,1,YJC3D48
2026-08-28,402,B,Henrique Rocha,22.82,1,19.4,0.0,0.0,22.82,1,IOU5F47
2026-08-29,101,A,Ana Silva,0.0,0,0.0,0.0,0.0,0.0,1,UDA4H28
2026-08-29,102,A,Bruno Costa,0.0,0,0.0,0.0,0.0,0.0,2,EXD8C75|QTA8G91
2026-08-29,201,A,Carla Mendes,0.0,0,0.0,0.0,0.0,0.0,2,UWR6H57|SIZ0Y20
2026-08-29,202,A,Daniel Oliveira,28.39,1,24.13,0.0,0.0,28.39,1,YKD1M12
2026-08-29,301,B,Elena Souza,0.0,0,0.0,0.0,0.0,0.0,2,LLT4Z05|XOR1M10
2026-08-29,302,B,Felipe Santos,0.0,0,0.0,0.0,0.0,0.0,1,RJU9L73
2026-08-29,401,B,Gabriela Lima,0.0,0,0.0,0.0,0.0,0.0,1,YJC3D48
2026-08-29,402,B,Henrique Rocha,0.0,0,0.0,0.0,0.0,0.0,1,IOU5F47
2026-08-30,101,A,Ana Silva,0.0,0,0.0,0.0,0.0,0.0,1,UDA4H28
2026-08-30,102,A,Bruno Costa,0.0,0,0.0,0.0,0.0,0.0,2,EXD8C75|QTA8G91
2026-08-30,201,A,Carla Mendes,0.0,0,0.0,0.0,0.0,0.0,2,UWR6H57|SIZ0Y20
2026-08-30,202,A,Daniel Oliveira,21.26,1,18.07,0.0,0.0,21.26,1,YKD1M12
2026-08-30,301,B,Elena Souza,0.0,0,0.0,0.0,0.0,0.0,2,LLT4Z05|XOR1M10
2026-08-30,302,B,Felipe Santos,0.0,0,0.0,0.0,0.0,0.0,1,RJU9L73
2026-08-30,401,B,Gabriela Lima,36.07,1,30.66,0.0,0.0,36.07,1,YJC3D48
2026-08-30,402,B,Henrique Rocha,0.0,0,0.0,0.0,0.0,0.0,1,IOU5F47
2026-08-31,101,A,Ana Silva,14.09,1,11.98,0.0,0.0,14.09,1,UDA4H28
2026-08-31,102,A,Bruno Costa,92.8,2,78.88,0.0,0.0,92.8,2,EXD8C75|QTA8G91
2026-08-31,201,A,Carla Mendes,0.0,0,0.0,0.0,0.0,0.0,2,UWR6H57|SIZ0Y20
2026-08-31,202,A,Daniel Oliveira,0.0,0,0.0,0.0,0.0,0.0,1,YKD1M12
2026-08-31,301,B,Elena Souza,67.73,1,57.57,0.0,0.0,67.73,2,LLT4Z05|XOR1M10
2026-08-31,302,B,Felipe Santos,0.0,0,0.0,0.0,0.0,0.0,1,RJU9L73
2026-08-31,401,B,Gabriela Lima,46.92,1,39.88,0.0,0.0,46.92,1,YJC3D48
2026-08-31,402,B,Henrique Rocha,22.9,1,19.46,0.0,0.0,22.9,1,IOU5F47
2026-09-01,101,A,Ana Silva,20.42,1,17.36,0.0,0.0,20.42,1,UDA4H28
2026-09-01,102,A,Bruno Costa,43.59,1,44.46,0.0,43.59,0.0,2,EXD8C75|QTA8G91
2026-09-01,201,A,Carla Mendes,38.47,1,32.7,0.0,0.0,38.47,2,UWR6H57|SIZ0Y20
2026-09-01,202,A,Daniel Oliveira,23.67,1,24.14,0.0,23.67,0.0,1,YKD1M12
2026-09-01,301,B,Elena Souza,27.49,1,23.37,0.0,0.0,27.49,2,LLT4Z05|XOR1M10
2026-09-01,302,B,Felipe Santos,0.0,0,0.0,0.0,0.0,0.0,1,RJU9L73
2026-09-01,401,B,Gabriela Lima,24.77,1,25.27,0.0,24.77,0.0,1,YJC3D48
2026-09-01,402,B,Henrique Rocha,15.63,1,13.29,0.0,0.0,15.63,2,IOU5F47|LGV4W87
2026-09-02,101,A,Ana Silva,11.85,1,10.07,0.0,0.0,11.85,1,UDA4H28
2026-09-02,102,A,Bruno Costa,23.5,1,19.97,0.0,0.0,23.5,2,EXD8C75|QTA8G91
2026-09-02,201,A,Carla Mendes,20.22,1,17.19,0.0,0.0,20.22,2,UWR6H57|SIZ0Y20
2026-09-02,202,A,Daniel Oliveira,33.74,1,42.85,33.74,0.0,0.0,1,YKD1M12
2026-09-02,301,B,Elena Souza,44.59,1,37.9,0.0,0.0,44.59,2,LLT4Z05|XOR1M10
2026-09-02,302,B,Felipe Santos,9.04,1,7.68,0.0,0.0,9.04,1,RJU9L73
2026-09-02,401,B,Gabriela Lima,29.05,1,29.63,0.0,29.05,0.0,1,YJC3D48
2026-09-02,402,B,Henrique Rocha,0.0,0,0.0,0.0,0.0,0.0,2,IOU5F47|LGV4W87
2026-09-03,101,A,Ana Silva,11.87,1,10.09,0.0,0.0,11.87,1,UDA4H28
2026-09-03,102,A,Bruno Costa,41.84,1,42.68,0.0,41.84,0.0,2,EXD8C75|QTA8G91
2026-09-03,201,A,Carla Mendes,27.02,1,22.97,0.0,0.0,27.02,2,UWR6H57|SIZ0Y20
2026-09-03,202,A,Daniel Oliveira,0.0,0,0.0,0.0,0.0,0.0,1,YKD1M12
2026-09-03,301,B,Elena Souza,45.66,1,38.81,0.0,0.0,45.66,2,LLT4Z05|XOR1M10
2026-09-03,302,B,Felipe Santos,11.43,1,9.72,0.0,0.0,11.43,1,RJU9L73
2026-09-03,401,B,Gabriela Lima,30.24,1,38.4,30.24,0.0,0.0,1,YJC3D48
2026-09-03,402,B,Henrique Rocha,46.01,1,39.11,0.0,0.0,46.01,2,IOU5F47|LGV4W87
2026-09-04,101,A,Ana Silva,24.92,1,21.18,0.0,0.0,24.92,1,UDA4H28
2026-09-04,102,A,Bruno Costa,26.0,1,33.02,26.0,0.0,0.0,2,EXD8C75|QTA8G91
2026-09-04,201,A,Carla Mendes,0.0,0,0.0,0.0,0.0,0.0,2,UWR6H57|SIZ0Y20
2026-09-04,202,A,Daniel Oliveira,0.0,0,0.0,0.0,0.0,0.0,1,YKD1M12
2026-09-04,301,B,Elena Souza,50.77,1,43.15,0.0,0.0,50.77,2,LLT4Z05|XOR1M10
2026-09-04,302,B,Felipe Santos,0.0,0,0.0,0.0,0.0,0.0,1,RJU9L73
2026-09-04,401,B,Gabriela Lima,18.74,1,23.8,18.74,0.0,0.0,1,YJC3D48
2026-09-04,402,B,Henrique Rocha,10.18,1,8.65,0.0,0.0,10.18,2,IOU5F47|LGV4W87
2026-09-05,101,A,Ana Silva,0.0,0,0.0,0.0,0.0,0.0,1,UDA4H28
2026-09-05,102,A,Bruno Costa,41.77,1,35.5,0.0,0.0,41.77,2,EXD8C75|QTA8G91
2026-09-05,201,A,Carla Mendes,0.0,0,0.0,0.0,0.0,0.0,2,UWR6H57|SIZ0Y20
2026-09-05,202,A,Daniel Oliveira,0.0,0,0.0,0.0,0.0,0.0,1,YKD1M12
2026-09-05,301,B,Elena Souza,0.0,0,0.0,0.0,0.0,0.0,2,LLT4Z05|XOR1M10
2026-09-05,302,B,Felipe Santos,11.1,1,9.43,0.0,0.0,11.1,1,RJU9L73
2026-09-05,401,B,Gabriela Lima,38.6,1,32.81,0.0,0.0,38.6,1,YJC3D48
2026-09-05,402,B,Henrique Rocha,50.33,2,42.78,0.0,0.0,50.33,2,IOU5F47|LGV4W87
2026-09-06,101,A,Ana Silva,0.0,0,0.0,0.0,0.0,0.0,1,UDA4H28
2026-09-06,102,A,Bruno Costa,51.39,1,43.68,0.0,0.0,51.39,2,EXD8C75|QTA8G91
2026-09-06,201,A,Carla Mendes,43.57,1,37.03,0.0,0.0,43.57,2,UWR6H57|SIZ0Y20
2026-09-06,202,A,Daniel Oliveira,29.69,1,25.24,0.0,0.0,29.69,1,YKD1M12
2026-09-06,301,B,Elena Souza,0.0,0,0.0,0.0,0.0,0.0,2,LLT4Z05|XOR1M10
2026-09-06,302,B,Felipe Santos,0.0,0,0.0,0.0,0.0,0.0,1,RJU9L73
2026-09-06,401,B,Gabriela Lima,0.0,0,0.0,0.0,0.0,0.0,1,YJC3D48
2026-09-06,402,B,Henrique Rocha,0.0,0,0.0,0.0,0.0,0.0,2,IOU5F47|LGV4W87
2026-09-07,101,A,Ana Silva,21.17,1,17.99,0.0,0.0,21.17,1,UDA4H28
2026-09-07,102,A,Bruno Costa,42.88,1,43.74,0.0,42.88,0.0,2,EXD8C75|QTA8G91
2026-09-07,201,A,Carla Mendes,0.0,0,0.0,0.0,0.0,0.0,2,UWR6H57|SIZ0Y20
2026-09-07,202,A,Daniel Oliveira,0.0,0,0.0,0.0,0.0,0.0,1,YKD1M12
2026-09-07,301,B,Elena Souza,53.96,1,45.87,0.0,0.0,53.96,2,LLT4Z05|XOR1M10
2026-09-07,302,B,Felipe Santos,8.26,1,7.02,0.0,0.0,8.26,1,RJU9L73
2026-09-07,401,B,Gabriela Lima,22.46,1,22.91,0.0,22.46,0.0,1,YJC3D48
2026-09-07,402,B,Henrique Rocha,0.0,0,0.0,0.0,0.0,0.0,2,IOU5F47|LGV4W87
2026-09-08,101,A,Ana Silva,26.88,1,22.85,0.0,0.0,26.88,1,UDA4H28
2026-09-08,102,A,Bruno Costa,34.02,1,28.92,0.0,0.0,34.02,2,EXD8C75|QTA8G91
2026-09-08,201,A,Carla Mendes,0.0,0,0.0,0.0,0.0,0.0,2,UWR6H57|SIZ0Y20
2026-09-08,202,A,Daniel Oliveira,17.32,1,22.0,17.32,0.0,0.0,1,YKD1M12
2026-09-08,301,B,Elena Souza,47.53,1,40.4,0.0,0.0,47.53,2,LLT4Z05|XOR1M10
2026-09-08,302,B,Felipe Santos,10.0,1,8.5,0.0,0.0,10.0,1,RJU9L73
2026-09-08,401,B,Gabriela Lima,19.03,1,19.41,0.0,19.03,0.0,1,YJC3D48
2026-09-08,402,B,Henrique Rocha,52.1,2,44.28,0.0,0.0,52.1,2,IOU5F47|LGV4W87
2026-09-09,101,A,Ana Silva,0.0,0,0.0,0.0,0.0,0.0,1,UDA4H28
2026-09-09,102,A,Bruno Costa,49.13,1,62.4,49.13,0.0,0.0,2,EXD8C75|QTA8G91
2026-09-09,201,A,Carla Mendes,0.0,0,0.0,0.0,0.0,0.0,2,UWR6H57|SIZ0Y20
2026-09-09,202,A,Daniel Oliveira,0.0,0,0.0,0.0,0.0,0.0,1,YKD1M12
2026-09-09,301,B,Elena Souza,26.94,1,22.9,0.0,0.0,26.94,2,LLT4Z05|XOR1M10
2026-09-09,302,B,Felipe Santos,0.0,0,0.0,0.0,0.0,0.0,1,RJU9L73
2026-09-09,401,B,Gabriela Lima,0.0,0,0.0,0.0,0.0,0.0,1,YJC3D48
2026-09-09,402,B,Henrique Rocha,49.18,2,41.81,0.0,0.0,49.18,2,IOU5F47|LGV4W87
2026-09-10,101,A,Ana Silva,22.36,1,19.01,0.0,0.0,22.36,1,UDA4H28
2026-09-10,102,A,Bruno Costa,27.73,1,35.22,27.73,0.0,0.0,2,EXD8C75|QTA8G91
2026-09-10,201,A,Carla Mendes,32.33,1,27.48,0.0,0.0,32.33,2,UWR6H57|SIZ0Y20
2026-09-10,202,A,Daniel Oliveira,0.0,0,0.0,0.0,0.0,0.0,1,YKD1M12
2026-09-10,301,B,Elena Souza,90.88,2,77.25,0.0,0.0,90.88,2,LLT4Z05|XOR1M10
2026-09-10,302,B,Felipe Santos,0.0,0,0.0,0.0,0.0,0.0,1,RJU9L73
2026-09-10,401,B,Gabriela Lima,39.94,1,50.72,39.94,0.0,0.0,1,YJC3D48
2026-09-10,402,B,Henrique Rocha,39.04,1,33.18,0.0,0.0,39.04,2,IOU5F47|LGV4W87
2026-09-11,101,A,Ana Silva,30.82,1,26.2,0.0,0.0,30.82,1,UDA4H28
2026-09-11,102,A,Bruno Costa,31.7,1,40.26,31.7,0.0,0.0,2,EXD8C75|QTA8G91
2026-09-11,201,A,Carla Mendes,0.0,0,0.0,0.0,0.0,0.0,2,UWR6H57|SIZ0Y20
2026-09-11,202,A,Daniel Oliveira,23.07,1,29.3,23.07,0.0,0.0,1,YKD1M12
2026-09-11,301,B,Elena Souza,31.03,1,26.38,0.0,0.0,31.03,2,LLT4Z05|XOR1M10
2026-09-11,302,B,Felipe Santos,0.0,0,0.0,0.0,0.0,0.0,1,RJU9L73
2026-09-11,401,B,Gabriela Lima,0.0,0,0.0,0.0,0.0,0.0,1,YJC3D48
2026-09-11,402,B,Henrique Rocha,0.0,0,0.0,0.0,0.0,0.0,2,IOU5F47|LGV4W87
2026-09-12,101,A,Ana Silva,29.17,1,24.79,0.0,0.0,29.17,1,UDA4H28
2026-09-12,102,A,Bruno Costa,0.0,0,0.0,0.0,0.0,0.0,2,EXD8C75|QTA8G91
2026-09-12,201,A,Carla Mendes,41.12,1,34.95,0.0,0.0,41.12,2,UWR6H57|SIZ0Y20
2026-09-12,202,A,Daniel Oliveira,21.31,1,18.11,0.0,0.0,21.31,1,YKD1M12
2026-09-12,301,B,Elena Souza,109.43,2,93.02,0.0,0.0,109.43,2,LLT4Z05|XOR1M10
2026-09-12,302,B,Felipe Santos,0.0,0,0.0,0.0,0.0,0.0,1,RJU9L73
2026-09-12,401,B,Gabriela Lima,0.0,0,0.0,0.0,0.0,0.0,1,YJC3D48
2026-09-12,402,B,Henrique Rocha,0.0,0,0.0,0.0,0.0,0.0,2,IOU5F47|LGV4W87
2026-09-13,101,A,Ana Silva,0.0,0,0.0,0.0,0.0,0.0,1,UDA4H28
2026-09-13,102,A,Bruno Costa,31.62,1,26.88,0.0,0.0,31.62,2,EXD8C75|QTA8G91
2026-09-13,201,A,Carla Mendes,0.0,0,0.0,0.0,0.0,0.0,2,UWR6H57|SIZ0Y20
2026-09-13,202,A,Daniel Oliveira,32.97,1,28.02,0.0,0.0,32.97,1,YKD1M12
2026-09-13,301,B,Elena Souza,57.88,1,49.2,0.0,0.0,57.88,2,LLT4Z05|XOR1M10
2026-09-13,302,B,Felipe Santos,0.0,0,0.0,0.0,0.0,0.0,0,
2026-09-13,401,B,Gabriela Lima,22.78,1,19.36,0.0,0.0,22.78,1,YJC3D48
2026-09-13,402,B,Henrique Rocha,0.0,0,0.0,0.0,0.0,0.0,2,IOU5F47|LGV4W87
2026-09-14,101,A,Ana Silva,20.19,1,17.16,0.0,0.0,20.19,1,UDA4H28
2026-09-14,102,A,Bruno Costa,58.67,2,65.29,21.78,36.89,0.0,2,EXD8C75|QTA8G91
2026-09-14,201,A,Carla Mendes,0.0,0,0.0,0.0,0.0,0.0,2,UWR6H57|SIZ0Y20
2026-09-14,202,A,Daniel Oliveira,33.51,1,42.56,33.51,0.0,0.0,1,YKD1M12
2026-09-14,301,B,Elena Souza,22.52,1,19.14,0.0,0.0,22.52,2,LLT4Z05|XOR1M10
2026-09-14,302,B,Felipe Santos,0.0,0,0.0,0.0,0.0,0.0,0,
2026-09-14,401,B,Gabriela Lima,0.0,0,0.0,0.0,0.0,0.0,1,YJC3D48
2026-09-14,402,B,Henrique Rocha,72.57,2,61.69,0.0,0.0,72.57,2,IOU5F47|LGV4W87
2026-09-15,101,A,Ana Silva,19.11,1,16.24,0.0,0.0,19.11,1,UDA4H28
2026-09-15,102,A,Bruno Costa,24.67,1,31.33,24.67,0.0,0.0,2,EXD8C75|QTA8G91
2026-09-15,201,A,Carla Mendes,26.51,1,22.53,0.0,0.0,26.51,2,UWR6H57|SIZ0Y20
2026-09-15,202,A,Daniel Oliveira,0.0,0,0.0,0.0,0.0,0.0,1,YKD1M12
2026-09-15,301,B,Elena Souza,24.25,1,20.61,0.0,0.0,24.25,2,LLT4Z05|XOR1M10
2026-09-15,302,B,Felipe Santos,0.0,0,0.0,0.0,0.0,0.0,0,
2026-09-15,401,B,Gabriela Lima,0.0,0,0.0,0.0,0.0,0.0,1,YJC3D48
2026-09-15,402,B,Henrique Rocha,13.97,1,11.87,0.0,0.0,13.97,2,IOU5F47|LGV4W87
2026-09-16,101,A,Ana Silva,19.42,1,16.51,0.0,0.0,19.42,1,UDA4H28
2026-09-16,102,A,Bruno Costa,48.56,1,61.67,48.56,0.0,0.0,2,EXD8C75|QTA8G91
2026-09-16,201,A,Carla Mendes,34.21,1,29.08,0.0,0.0,34.21,2,UWR6H57|SIZ0Y20
2026-09-16,202,A,Daniel Oliveira,30.34,1,38.53,30.34,0.0,0.0,1,YKD1M12
2026-09-16,301,B,Elena Souza,49.18,1,41.8,0.0,0.0,49.18,2,LLT4Z05|XOR1M10
2026-09-16,302,B,Felipe Santos,0.0,0,0.0,0.0,0.0,0.0,0,
2026-09-16,401,B,Gabriela Lima,0.0,0,0.0,0.0,0.0,0.0,1,YJC3D48
2026-09-16,402,B,Henrique Rocha,41.33,1,35.13,0.0,0.0,41.33,2,IOU5F47|LGV4W87
2026-09-17,101,A,Ana Silva,25.91,1,22.02,0.0,0.0,25.91,1,UDA4H28
2026-09-17,102,A,Bruno Costa,50.21,1,63.77,50.21,0.0,0.0,2,EXD8C75|QTA8G91
2026-09-17,201,A,Carla Mendes,26.0,1,22.1,0.0,0.0,26.0,2,UWR6H57|SIZ0Y20
2026-09-17,202,A,Daniel Oliveira,0.0,0,0.0,0.0,0.0,0.0,1,YKD1M12
2026-09-17,301,B,Elena Souza,60.05,1,61.25,0.0,60.05,0.0,2,LLT4Z05|XOR1M10
2026-09-17,302,B,Felipe Santos,0.0,0,0.0,0.0,0.0,0.0,0,
2026-09-17,401,B,Gabriela Lima,0.0,0,0.0,0.0,0.0,0.0,1,YJC3D48
2026-09-17,402,B,Henrique Rocha,47.33,1,40.23,0.0,0.0,47.33,2,IOU5F47|LGV4W87
2026-09-18,101,A,Ana Silva,18.04,1,15.33,0.0,0.0,18.04,1,UDA4H28
2026-09-18,102,A,Bruno Costa,108.05,2,122.93,50.9,57.15,0.0,2,EXD8C75|QTA8G91
2026-09-18,201,A,Carla Mendes,53.19,2,45.21,0.0,0.0,53.19,2,UWR6H57|SIZ0Y20
2026-09-18,202,A,Daniel Oliveira,14.92,1,18.95,14.92,0.0,0.0,1,YKD1M12
2026-09-18,301,B,Elena Souza,61.09,1,62.31,0.0,61.09,0.0,2,LLT4Z05|XOR1M10
2026-09-18,302,B,Felipe Santos,0.0,0,0.0,0.0,0.0,0.0,0,
2026-09-18,401,B,Gabriela Lima,40.87,1,34.74,0.0,0.0,40.87,1,YJC3D48
2026-09-18,402,B,Henrique Rocha,56.69,2,48.19,0.0,0.0,56.69,2,IOU5F47|LGV4W87
2026-09-19,101,A,Ana Silva,0.0,0,0.0,0.0,0.0,0.0,1,UDA4H28
2026-09-19,102,A,Bruno Costa,0.0,0,0.0,0.0,0.0,0.0,2,EXD8C75|QTA8G91
2026-09-19,201,A,Carla Mendes,0.0,0,0.0,0.0,0.0,0.0,2,UWR6H57|SIZ0Y20
2026-09-19,202,A,Daniel Oliveira,13.68,1,11.63,0.0,0.0,13.68,1,YKD1M12
2026-09-19,301,B,Elena Souza,0.0,0,0.0,0.0,0.0,0.0,2,LLT4Z05|XOR1M10
2026-09-19,302,B,Felipe Santos,0.0,0,0.0,0.0,0.0,0.0,0,
2026-09-19,401,B,Gabriela Lima,0.0,0,0.0,0.0,0.0,0.0,1,YJC3D48
2026-09-19,402,B,Henrique Rocha,0.0,0,0.0,0.0,0.0,0.0,2,IOU5F47|LGV4W87
2026-09-20,101,A,Ana Silva,15.52,1,13.19,0.0,0.0,15.52,1,UDA4H28
2026-09-20,102,A,Bruno Costa,0.0,0,0.0,0.0,0.0,0.0,2,EXD8C75|QTA8G91
2026-09-20,201,A,Carla Mendes,42.8,1,36.38,0.0,0.0,42.8,2,UWR6H57|SIZ0Y20
2026-09-20,202,A,Daniel Oliveira,33.64,1,28.59,0.0,0.0,33.64,1,YKD1M12
2026-09-20,301,B,Elena Souza,80.84,2,68.71,0.0,0.0,80.84,2,LLT4Z05|XOR1M10
2026-09-20,302,B,Felipe Santos,0.0,0,0.0,0.0,0.0,0.0,0,
2026-09-20,401,B,Gabriela Lima,0.0,0,0.0,0.0,0.0,0.0,1,YJC3D48
2026-09-20,402,B,Henrique Rocha,0.0,0,0.0,0.0,0.0,0.0,2,IOU5F47|LGV4W87
2026-09-21,101,A,Ana Silva,12.63,1,10.74,0.0,0.0,12.63,1,UDA4H28
2026-09-21,102,A,Bruno Costa,36.83,1,46.77,36.83,0.0,0.0,2,EXD8C75|QTA8G91
2026-09-21,201,A,Carla Mendes,27.6,1,23.46,0.0,0.0,27.6,2,UWR6H57|SIZ0Y20
2026-09-21,202,A,Daniel Oliveira,0.0,0,0.0,0.0,0.0,0.0,1,YKD1M12
2026-09-21,301,B,Elena Souza,70.4,1,71.81,0.0,70.4,0.0,2,LLT4Z05|XOR1M10
2026-09-21,302,B,Felipe Santos,0.0,0,0.0,0.0,0.0,0.0,0,
2026-09-21,401,B,Gabriela Lima,0.0,0,0.0,0.0,0.0,0.0,1,YJC3D48
2026-09-21,402,B,Henrique Rocha,52.95,1,45.01,0.0,0.0,52.95,2,IOU5F47|LGV4W87
2026-09-22,101,A,Ana Silva,24.62,1,20.93,0.0,0.0,24.62,1,UDA4H28
2026-09-22,102,A,Bruno Costa,0.0,0,0.0,0.0,0.0,0.0,2,EXD8C75|QTA8G91
2026-09-22,201,A,Carla Mendes,62.49,2,53.12,0.0,0.0,62.49,2,UWR6H57|SIZ0Y20
2026-09-22,202,A,Daniel Oliveira,0.0,0,0.0,0.0,0.0,0.0,1,YKD1M12
2026-09-22,301,B,Elena Souza,89.32,2,75.92,0.0,0.0,89.32,2,LLT4Z05|XOR1M10
2026-09-22,302,B,Felipe Santos,0.0,0,0.0,0.0,0.0,0.0,0,
2026-09-22,401,B,Gabriela Lima,39.59,1,33.65,0.0,0.0,39.59,1,YJC3D48
2026-09-22,402,B,Henrique Rocha,0.0,0,0.0,0.0,0.0,0.0,2,IOU5F47|LGV4W87
2026-09-23,101,A,Ana Silva,17.55,1,14.92,0.0,0.0,17.55,1,UDA4H28
2026-09-23,102,A,Bruno Costa,62.0,2,72.87,38.52,23.48,0.0,2,EXD8C75|QTA8G91
2026-09-23,201,A,Carla Mendes,0.0,0,0.0,0.0,0.0,0.0,2,UWR6H57|SIZ0Y20
2026-09-23,202,A,Daniel Oliveira,0.0,0,0.0,0.0,0.0,0.0,1,YKD1M12
2026-09-23,301,B,Elena Souza,43.68,1,37.13,0.0,0.0,43.68,2,LLT4Z05|XOR1M10
2026-09-23,302,B,Felipe Santos,0.0,0,0.0,0.0,0.0,0.0,0,
2026-09-23,401,B,Gabriela Lima,0.0,0,0.0,0.0,0.0,0.0,1,YJC3D48
2026-09-23,402,B,Henrique Rocha,47.87,1,40.69,0.0,0.0,47.87,2,IOU5F47|LGV4W87
2026-09-24,101,A,Ana Silva,13.2,1,11.22,0.0,0.0,13.2,1,UDA4H28
2026-09-24,102,A,Bruno Costa,42.42,1,53.87,42.42,0.0,0.0,2,EXD8C75|QTA8G91
2026-09-24,201,A,Carla Mendes,0.0,0,0.0,0.0,0.0,0.0,2,UWR6H57|SIZ0Y20
2026-09-24,202,A,Daniel Oliveira,23.94,1,30.4,23.94,0.0,0.0,1,YKD1M12
2026-09-24,301,B,Elena Souza,42.31,1,35.96,0.0,0.0,42.31,2,LLT4Z05|XOR1M10
2026-09-24,302,B,Felipe Santos,0.0,0,0.0,0.0,0.0,0.0,0,
2026-09-24,401,B,Gabriela Lima,34.92,1,29.68,0.0,0.0,34.92,1,YJC3D48
2026-09-24,402,B,Henrique Rocha,35.78,1,30.41,0.0,0.0,35.78,2,IOU5F47|LGV4W87
2026-09-25,101,A,Ana Silva,16.57,1,14.08,0.0,0.0,16.57,1,UDA4H28
2026-09-25,102,A,Bruno Costa,40.48,1,34.41,0.0,0.0,40.48,2,EXD8C75|QTA8G91
2026-09-25,201,A,Carla Mendes,0.0,0,0.0,0.0,0.0,0.0,2,UWR6H57|SIZ0Y20
2026-09-25,202,A,Daniel Oliveira,0.0,0,0.0,0.0,0.0,0.0,1,YKD1M12
2026-09-25,301,B,Elena Souza,39.61,1,33.67,0.0,0.0,39.61,2,LLT4Z05|XOR1M10
2026-09-25,302,B,Felipe Santos,0.0,0,0.0,0.0,0.0,0.0,0,
2026-09-25,401,B,Gabriela Lima,30.03,1,25.53,0.0,0.0,30.03,1,YJC3D48
2026-09-25,402,B,Henrique Rocha,19.84,1,16.86,0.0,0.0,19.84,2,IOU5F47|LGV4W87
2026-09-26,101,A,Ana Silva,0.0,0,0.0,0.0,0.0,0.0,1,UDA4H28
2026-09-26,102,A,Bruno Costa,46.26,1,39.32,0.0,0.0,46.26,2,EXD8C75|QTA8G91
2026-09-26,201,A,Carla Mendes,58.94,2,50.1,0.0,0.0,58.94,2,UWR6H57|SIZ0Y20
2026-09-26,202,A,Daniel Oliveira,14.69,1,12.49,0.0,0.0,14.69,1,YKD1M12
2026-09-26,301,B,Elena Souza,52.32,1,44.47,0.0,0.0,52.32,2,LLT4Z05|XOR1M10
2026-09-26,302,B,Felipe Santos,0.0,0,0.0,0.0,0.0,0.0,0,
2026-09-26,401,B,Gabriela Lima,38.1,1,32.38,0.0,0.0,38.1,1,YJC3D48
2026-09-26,402,B,Henrique Rocha,59.14,1,50.27,0.0,0.0,59.14,2,IOU5F47|LGV4W87
2026-09-27,101,A,Ana Silva,0.0,0,0.0,0.0,0.0,0.0,1,UDA4H28
2026-09-27,102,A,Bruno Costa,0.0,0,0.0,0.0,0.0,0.0,2,EXD8C75|QTA8G91
2026-09-27,201,A,Carla Mendes,0.0,0,0.0,0.0,0.0,0.0,2,UWR6H57|SIZ0Y20
2026-09-27,202,A,Daniel Oliveira,28.01,1,23.81,0.0,0.0,28.01,1,YKD1M12
2026-09-27,301,B,Elena Souza,63.91,1,54.32,0.0,0.0,63.91,2,LLT4Z05|XOR1M10
2026-09-27,302,B,Felipe Santos,0.0,0,0.0,0.0,0.0,0.0,0,
2026-09-27,401,B,Gabriela Lima,38.2,1,32.47,0.0,0.0,38.2,1,YJC3D48
2026-09-27,402,B,Henrique Rocha,0.0,0,0.0,0.0,0.0,0.0,2,IOU5F47|LGV4W87
2026-09-28,101,A,Ana Silva,14.16,1,12.04,0.0,0.0,14.16,1,UDA4H28
2026-09-28,102,A,Bruno Costa,0.0,0,0.0,0.0,0.0,0.0,2,EXD8C75|QTA8G91
2026-09-28,201,A,Carla Mendes,27.21,1,23.13,0.0,0.0,27.21,2,UWR6H57|SIZ0Y20
2026-09-28,202,A,Daniel Oliveira,29.32,1,37.24,29.32,0.0,0.0,1,YKD1M12
2026-09-28,301,B,Elena Souza,51.55,1,52.58,0.0,51.55,0.0,2,LLT4Z05|XOR1M10
2026-09-28,302,B,Felipe Santos,0.0,0,0.0,0.0,0.0,0.0,0,
2026-09-28,401,B,Gabriela Lima,0.0,0,0.0,0.0,0.0,0.0,1,YJC3D48
2026-09-28,402,B,Henrique Rocha,0.0,0,0.0,0.0,0.0,0.0,2,IOU5F47|LGV4W87
2026-09-29,101,A,Ana Silva,19.0,1,16.15,0.0,0.0,19.0,1,UDA4H28
2026-09-29,102,A,Bruno Costa,28.08,1,23.87,0.0,0.0,28.08,2,EXD8C75|QTA8G91
2026-09-29,201,A,Carla Mendes,46.32,1,39.37,0.0,0.0,46.32,2,UWR6H57|SIZ0Y20
2026-09-29,202,A,Daniel Oliveira,19.14,1,24.31,19.14,0.0,0.0,1,YKD1M12
2026-09-29,301,B,Elena Souza,45.25,1,46.16,0.0,45.25,0.0,2,LLT4Z05|XOR1M10
2026-09-29,302,B,Felipe Santos,0.0,0,0.0,0.0,0.0,0.0,0,
2026-09-29,401,B,Gabriela Lima,0.0,0,0.0,0.0,0.0,0.0,1,YJC3D48
2026-09-29,402,B,Henrique Rocha,13.36,1,11.36,0.0,0.0,13.36,2,IOU5F47|LGV4W87
2026-09-30,101,A,Ana Silva,11.81,1,10.04,0.0,0.0,11.81,1,UDA4H28
2026-09-30,102,A,Bruno Costa,26.82,1,34.06,26.82,0.0,0.0,2,EXD8C75|QTA8G91
2026-09-30,201,A,Carla Mendes,0.0,0,0.0,0.0,0.0,0.0,2,UWR6H57|SIZ0Y20
2026-09-30,202,A,Daniel Oliveira,21.17,1,21.59,0.0,21.17,0.0,1,YKD1M12
2026-09-30,301,B,Elena Souza,57.5,1,48.88,0.0,0.0,57.5,2,LLT4Z05|XOR1M10
2026-09-30,302,B,Felipe Santos,0.0,0,0.0,0.0,0.0,0.0,0,
2026-09-30,401,B,Gabriela Lima,26.24,1,22.3,0.0,0.0,26.24,1,YJC3D48
2026-09-30,402,B,Henrique Rocha,50.67,2,43.07,0.0,0.0,50.67,2,IOU5F47|LGV4W87
2026-10-01,101,A,Ana Silva,13.63,1,11.59,0.0,0.0,13.63,1,UDA4H28
2026-10-01,102,A,Bruno Costa,30.7,1,31.31,0.0,30.7,0.0,2,EXD8C75|QTA8G91
2026-10-01,201,A,Carla Mendes,0.0,0,0.0,0.0,0.0,0.0,2,UWR6H57|SIZ0Y20
2026-10-01,202,A,Daniel Oliveira,0.0,0,0.0,0.0,0.0,0.0,1,YKD1M12
2026-10-01,301,B,Elena Souza,47.9,1,40.71,0.0,0.0,47.9,2,LLT4Z05|XOR1M10
2026-10-01,302,B,Felipe Santos,0.0,0,0.0,0.0,0.0,0.0,0,
2026-10-01,401,B,Gabriela Lima,37.88,1,38.64,0.0,37.88,0.0,1,YJC3D48
2026-10-01,402,B,Henrique Rocha,0.0,0,0.0,0.0,0.0,0.0,2,IOU5F47|LGV4W87
2026-10-02,101,A,Ana Silva,25.04,1,21.28,0.0,0.0,25.04,1,UDA4H28
2026-10-02,102,A,Bruno Costa,52.62,2,49.87,0.0,30.25,22.37,2,EXD8C75|QTA8G91
2026-10-02,201,A,Carla Mendes,46.55,1,39.57,0.0,0.0,46.55,2,UWR6H57|SIZ0Y20
2026-10-02,202,A,Daniel Oliveira,0.0,0,0.0,0.0,0.0,0.0,1,YKD1M12
2026-10-02,301,B,Elena Souza,83.5,2,70.97,0.0,0.0,83.5,2,LLT4Z05|XOR1M10
2026-10-02,302,B,Felipe Santos,0.0,0,0.0,0.0,0.0,0.0,0,
2026-10-02,401,B,Gabriela Lima,24.58,1,25.07,0.0,24.58,0.0,1,YJC3D48
2026-10-02,402,B,Henrique Rocha,84.42,2,71.76,0.0,0.0,84.42,2,IOU5F47|LGV4W87
2026-10-03,101,A,Ana Silva,0.0,0,0.0,0.0,0.0,0.0,1,UDA4H28
2026-10-03,102,A,Bruno Costa,0.0,0,0.0,0.0,0.0,0.0,2,EXD8C75|QTA8G91
2026-10-03,201,A,Carla Mendes,0.0,0,0.0,0.0,0.0,0.0,2,UWR6H57|SIZ0Y20
2026-10-03,202,A,Daniel Oliveira,30.85,1,26.22,0.0,0.0,30.85,1,YKD1M12
2026-10-03,301,B,Elena Souza,0.0,0,0.0,0.0,0.0,0.0,2,LLT4Z05|XOR1M10
2026-10-03,302,B,Felipe Santos,0.0,0,0.0,0.0,0.0,0.0,0,
2026-10-03,401,B,Gabriela Lima,20.29,1,17.25,0.0,0.0,20.29,1,YJC3D48
2026-10-03,402,B,Henrique Rocha,38.29,1,32.55,0.0,0.0,38.29,2,IOU5F47|LGV4W87
2026-10-04,101,A,Ana Silva,0.0,0,0.0,0.0,0.0,0.0,1,UDA4H28
2026-10-04,102,A,Bruno Costa,23.14,1,19.67,0.0,0.0,23.14,2,EXD8C75|QTA8G91
2026-10-04,201,A,Carla Mendes,65.57,2,55.73,0.0,0.0,65.57,2,UWR6H57|SIZ0Y20
2026-10-04,202,A,Daniel Oliveira,33.66,1,28.61,0.0,0.0,33.66,1,YKD1M12
2026-10-04,301,B,Elena Souza,27.21,1,23.13,0.0,0.0,27.21,2,LLT4Z05|XOR1M10
2026-10-04,302,B,Felipe Santos,0.0,0,0.0,0.0,0.0,0.0,0,
2026-10-04,401,B,Gabriela Lima,0.0,0,0.0,0.0,0.0,0.0,1,YJC3D48
2026-10-04,402,B,Henrique Rocha,0.0,0,0.0,0.0,0.0,0.0,2,IOU5F47|LGV4W87
