data,unidade,bloco,proprietario,n_veiculos,placas,veiculos
2026-04-01,101,A,Ana Silva,1,UDA4H28,"BYD Dolphin Mini (UDA4H28, 38.0 kWh, 280 km)"
2026-04-01,102,A,Bruno Costa,2,EXD8C75|NBA1G29,"Tesla Model 3 RWD (EXD8C75, 60.0 kWh, 450 km) | Chevrolet Bolt EUV (NBA1G29, 65.0 kWh, 400 km)"
2026-04-01,201,A,Carla Mendes,1,UWR6H57,"GWM Ora 03 Skin (UWR6H57, 48.0 kWh, 310 km)"
2026-04-01,202,A,Daniel Oliveira,1,WNK4E27,"Nissan Leaf (WNK4E27, 40.0 kWh, 270 km)"
2026-04-01,301,B,Elena Souza,1,LLT4Z05,"BYD Seal (LLT4Z05, 82.5 kWh, 520 km)"
2026-04-01,302,B,Felipe Santos,1,RJU9L73,"Renault Kwid E-Tech (RJU9L73, 26.8 kWh, 185 km)"
2026-04-01,401,B,Gabriela Lima,1,GWC0V29,"Caoa Chery iCar (GWC0V29, 31.0 kWh, 250 km)"
2026-04-01,402,B,Henrique Rocha,1,IOU5F47,"JAC e-JS1 (IOU5F47, 30.2 kWh, 300 km)"
2026-04-02,101,A,Ana Silva,1,UDA4H28,"BYD Dolphin Mini (UDA4H28, 38.0 kWh, 280 km)"
2026-04-02,102,A,Bruno Costa,2,EXD8C75|NBA1G29,"Tesla Model 3 RWD (EXD8C75, 60.0 kWh, 450 km) | Chevrolet Bolt EUV (NBA1G29, 65.0 kWh, 400 km)"
2026-04-02,201,A,Carla Mendes,1,UWR6H57,"GWM Ora 03 Skin (UWR6H57, 48.0 kWh, 310 km)"
2026-04-02,202,A,Daniel Oliveira,1,WNK4E27,"Nissan Leaf (WNK4E27, 40.0 kWh, 270 km)"
2026-04-02,301,B,Elena Souza,1,LLT4Z05,"BYD Seal (LLT4Z05, 82.5 kWh, 520 km)"
2026-04-02,302,B,Felipe Santos,1,RJU9L73,"Renault Kwid E-Tech (RJU9L73, 26.8 kWh, 185 km)"
2026-04-02,401,B,Gabriela Lima,1,GWC0V29,"Caoa Chery iCar (GWC0V29, 31.0 kWh, 250 km)"
2026-04-02,402,B,Henrique Rocha,1,IOU5F47,"JAC e-JS1 (IOU5F47, 30.2 kWh, 300 km)"
2026-04-03,101,A,Ana Silva,1,UDA4H28,"BYD Dolphin Mini (UDA4H28, 38.0 kWh, 280 km)"
2026-04-03,102,A,Bruno Costa,2,EXD8C75|NBA1G29,"Tesla Model 3 RWD (EXD8C75, 60.0 kWh, 450 km) | Chevrolet Bolt EUV (NBA1G29, 65.0 kWh, 400 km)"
2026-04-03,201,A,Carla Mendes,1,UWR6H57,"GWM Ora 03 Skin (UWR6H57, 48.0 kWh, 310 km)"
2026-04-03,202,A,Daniel Oliveira,1,WNK4E27,"Nissan Leaf (WNK4E27, 40.0 kWh, 270 km)"
2026-04-03,301,B,Elena Souza,1,LLT4Z05,"BYD Seal (LLT4Z05, 82.5 kWh, 520 km)"
2026-04-03,302,B,Felipe Santos,1,RJU9L73,"Renault Kwid E-Tech (RJU9L73, 26.8 kWh, 185 km)"
2026-04-03,401,B,Gabriela Lima,1,GWC0V29,"Caoa Chery iCar (GWC0V29, 31.0 kWh, 250 km)"
2026-04-03,402,B,Henrique Rocha,1,IOU5F47,"JAC e-JS1 (IOU5F47, 30.2 kWh, 300 km)"
2026-04-04,101,A,Ana Silva,1,UDA4H28,"BYD Dolphin Mini (UDA4H28, 38.0 kWh, 280 km)"
2026-04-04,102,A,Bruno Costa,2,EXD8C75|NBA1G29,"Tesla Model 3 RWD (EXD8C75, 60.0 kWh, 450 km) | Chevrolet Bolt EUV (NBA1G29, 65.0 kWh, 400 km)"
2026-04-04,201,A,Carla Mendes,1,UWR6H57,"GWM Ora 03 Skin (UWR6H57, 48.0 kWh, 310 km)"
2026-04-04,202,A,Daniel Oliveira,1,WNK4E27,"Nissan Leaf (WNK4E27, 40.0 kWh, 270 km)"
2026-04-04,301,B,Elena Souza,1,LLT4Z05,"BYD Seal (LLT4Z05, 82.5 kWh, 520 km)"
2026-04-04,302,B,Felipe Santos,1,RJU9L73,"Renault Kwid E-Tech (RJU9L73, 26.8 kWh, 185 km)"
2026-04-04,401,B,Gabriela Lima,1,GWC0V29,"Caoa Chery iCar (GWC0V29, 31.0 kWh, 250 km)"
2026-04-04,402,B,Henrique Rocha,1,IOU5F47,"JAC e-JS1 (IOU5F47, 30.2 kWh, 300 km)"
2026-04-05,101,A,Ana Silva,1,UDA4H28,"BYD Dolphin Mini (UDA4H28, 38.0 kWh, 280 km)"
2026-04-05,102,A,Bruno Costa,2,EXD8C75|NBA1G29,"Tesla Model 3 RWD (EXD8C75, 60.0 kWh, 450 km) | Chevrolet Bolt EUV (NBA1G29, 65.0 kWh, 400 km)"
2026-04-05,201,A,Carla Mendes,1,UWR6H57,"GWM Ora 03 Skin (UWR6H57, 48.0 kWh, 310 km)"
2026-04-05,202,A,Daniel Oliveira,1,WNK4E27,"Nissan Leaf (WNK4E27, 40.0 kWh, 270 km)"
2026-04-05,301,B,Elena Souza,1,LLT4Z05,"BYD Seal (LLT4Z05, 82.5 kWh, 520 km)"
2026-04-05,302,B,Felipe Santos,1,RJU9L73,"Renault Kwid E-Tech (RJU9L73, 26.8 kWh, 185 km)"
2026-04-05,401,B,Gabriela Lima,1,GWC0V29,"Caoa Chery iCar (GWC0V29, 31.0 kWh, 250 km)"
2026-04-05,402,B,Henrique Rocha,1,IOU5F47,"JAC e-JS1 (IOU5F47, 30.2 kWh, 300 km)"
2026-04-06,101,A,Ana Silva,1,UDA4H28,"BYD Dolphin Mini (UDA4H28, 38.0 kWh, 280 km)"
2026-04-06,102,A,Bruno Costa,2,EXD8C75|NBA1G29,"Tesla Model 3 RWD (EXD8C75, 60.0 kWh, 450 km) | Chevrolet Bolt EUV (NBA1G29, 65.0 kWh, 400 km)"
2026-04-06,201,A,Carla Mendes,1,UWR6H57,"GWM Ora 03 Skin (UWR6H57, 48.0 kWh, 310 km)"
2026-04-06,202,A,Daniel Oliveira,1,WNK4E27,"Nissan Leaf (WNK4E27, 40.0 kWh, 270 km)"
2026-04-06,301,B,Elena Souza,1,LLT4Z05,"BYD Seal (LLT4Z05, 82.5 kWh, 520 km)"
2026-04-06,302,B,Felipe Santos,1,RJU9L73,"Renault Kwid E-Tech (RJU9L73, 26.8 kWh, 185 km)"
2026-04-06,401,B,Gabriela Lima,1,GWC0V29,"Caoa Chery iCar (GWC0V29, 31.0 kWh, 250 km)"
2026-04-06,402,B,Henrique Rocha,1,IOU5F47,"JAC e-JS1 (IOU5F47, 30.2 kWh, 300 km)"
2026-04-07,101,A,Ana Silva,1,UDA4H28,"BYD Dolphin Mini (UDA4H28, 38.0 kWh, 280 km)"
2026-04-07,102,A,Bruno Costa,2,EXD8C75|NBA1G29,"Tesla Model 3 RWD (EXD8C75, 60.0 kWh, 450 km) | Chevrolet Bolt EUV (NBA1G29, 65.0 kWh, 400 km)"
2026-04-07,201,A,Carla Mendes,1,UWR6H57,"GWM Ora 03 Skin (UWR6H57, 48.0 kWh, 310 km)"
2026-04-07,202,A,Daniel Oliveira,1,WNK4E27,"Nissan Leaf (WNK4E27, 40.0 kWh, 270 km)"
2026-04-07,301,B,Elena Souza,1,LLT4Z05,"BYD Seal (LLT4Z05, 82.5 kWh, 520 km)"
2026-04-07,302,B,Felipe Santos,1,RJU9L73,"Renault Kwid E-Tech (RJU9L73, 26.8 kWh, 185 km)"
2026-04-07,401,B,Gabriela Lima,1,GWC0V29,"Caoa Chery iCar (GWC0V29, 31.0 kWh, 250 km)"
2026-04-07,402,B,Henrique Rocha,1,IOU5F47,"JAC e-JS1 (IOU5F47, 30.2 kWh, 300 km)"
2026-04-08,101,A,Ana Silva,1,UDA4H28,"BYD Dolphin Mini (UDA4H28, 38.0 kWh, 280 km)"
2026-04-08,102,A,Bruno Costa,2,EXD8C75|NBA1G29,"Tesla Model 3 RWD (EXD8C75, 60.0 kWh, 450 km) | Chevrolet Bolt EUV (NBA1G29, 65.0 kWh, 400 km)"
2026-04-08,201,A,Carla Mendes,1,UWR6H57,"GWM Ora 03 Skin (UWR6H57, 48.0 kWh, 310 km)"
2026-04-08,202,A,Daniel Oliveira,1,WNK4E27,"Nissan Leaf (WNK4E27, 40.0 kWh, 270 km)"
2026-04-08,301,B,Elena Souza,1,LLT4Z05,"BYD Seal (LLT4Z05, 82.5 kWh, 520 km)"
2026-04-08,302,B,Felipe Santos,1,RJU9L73,"Renault Kwid E-Tech (RJU9L73, 26.8 kWh, 185 km)"
2026-04-08,401,B,Gabriela Lima,1,GWC0V29,"Caoa Chery iCar (GWC0V29, 31.0 kWh, 250 km)"
2026-04-08,402,B,Henrique Rocha,1,IOU5F47,"JAC e-JS1 (IOU5F47, 30.2 kWh, 300 km)"
2026-04-09,101,A,Ana Silva,1,UDA4H28,"BYD Dolphin Mini (UDA4H28, 38.0 kWh, 280 km)"
2026-04-09,102,A,Bruno Costa,2,EXD8C75|NBA1G29,"Tesla Model 3 RWD (EXD8C75, 60.0 kWh, 450 km) | Chevrolet Bolt EUV (NBA1G29, 65.0 kWh, 400 km)"
2026-04-09,201,A,Carla Mendes,1,UWR6H57,"GWM Ora 03 Skin (UWR6H57, 48.0 kWh, 310 km)"
2026-04-09,202,A,Daniel Oliveira,1,WNK4E27,"Nissan Leaf (WNK4E27, 40.0 kWh, 270 km)"
2026-04-09,301,B,Elena Souza,1,LLT4Z05,"BYD Seal (LLT4Z05, 82.5 kWh, 520 km)"
2026-04-09,302,B,Felipe Santos,1,RJU9L73,"Renault Kwid E-Tech (RJU9L73, 26.8 kWh, 185 km)"
2026-04-09,401,B,Gabriela Lima,1,GWC0V29,"Caoa Chery iCar (GWC0V29, 31.0 kWh, 250 km)"
2026-04-09,402,B,Henrique Rocha,1,IOU5F47,"JAC e-JS1 (IOU5F47, 30.2 kWh, 300 km)"
2026-04-10,101,A,Ana Silva,1,UDA4H28,"BYD Dolphin Mini (UDA4H28, 38.0 kWh, 280 km)"
2026-04-10,102,A,Bruno Costa,2,EXD8C75|NBA1G29,"Tesla Model 3 RWD (EXD8C75, 60.0 kWh, 450 km) | Chevrolet Bolt EUV (NBA1G29, 65.0 kWh, 400 km)"
2026-04-10,201,A,Carla Mendes,1,UWR6H57,"GWM Ora 03 Skin (UWR6H57, 48.0 kWh, 310 km)"
2026-04-10,202,A,Daniel Oliveira,1,WNK4E27,"Nissan Leaf (WNK4E27, 40.0 kWh, 270 km)"
2026-04-10,301,B,Elena Souza,1,LLT4Z05,"BYD Seal (LLT4Z05, 82.5 kWh, 520 km)"
2026-04-10,302,B,Felipe Santos,1,RJU9L73,"Renault Kwid E-Tech (RJU9L73, 26.8 kWh, 185 km)"
2026-04-10,401,B,Gabriela Lima,1,GWC0V29,"Caoa Chery iCar (GWC0V29, 31.0 kWh, 250 km)"
2026-04-10,402,B,Henrique Rocha,1,IOU5F47,"JAC e-JS1 (IOU5F47, 30.2 kWh, 300 km)"
2026-04-11,101,A,Ana Silva,1,UDA4H28,"BYD Dolphin Mini (UDA4H28, 38.0 kWh, 280 km)"
2026-04-11,102,A,Bruno Costa,2,EXD8C75|NBA1G29,"Tesla Model 3 RWD (EXD8C75, 60.0 kWh, 450 km) | Chevrolet Bolt EUV (NBA1G29, 65.0 kWh, 400 km)"
2026-04-11,201,A,Carla Mendes,1,UWR6H57,"GWM Ora 03 Skin (UWR6H57, 48.0 kWh, 310 km)"
2026-04-11,202,A,Daniel Oliveira,1,WNK4E27,"Nissan Leaf (WNK4E27, 40.0 kWh, 270 km)"
2026-04-11,301,B,Elena Souza,1,LLT4Z05,"BYD Seal (LLT4Z05, 82.5 kWh, 520 km)"
2026-04-11,302,B,Felipe Santos,1,RJU9L73,"Renault Kwid E-Tech (RJU9L73, 26.8 kWh, 185 km)"
2026-04-11,401,B,Gabriela Lima,1,GWC0V29,"Caoa Chery iCar (GWC0V29, 31.0 kWh, 250 km)"
2026-04-11,402,B,Henrique Rocha,1,IOU5F47,"JAC e-JS1 (IOU5F47, 30.2 kWh, 300 km)"
2026-04-12,101,A,Ana Silva,1,UDA4H28,"BYD Dolphin Mini (UDA4H28, 38.0 kWh, 280 km)"
2026-04-12,102,A,Bruno Costa,2,EXD8C75|NBA1G29,"Tesla Model 3 RWD (EXD8C75, 60.0 kWh, 450 km) | Chevrolet Bolt EUV (NBA1G29, 65.0 kWh, 400 km)"
2026-04-12,201,A,Carla Mendes,1,UWR6H57,"GWM Ora 03 Skin (UWR6H57, 48.0 kWh, 310 km)"
2026-04-12,202,A,Daniel Oliveira,1,WNK4E27,"Nissan Leaf (WNK4E27, 40.0 kWh, 270 km)"
2026-04-12,301,B,Elena Souza,1,LLT4Z05,"BYD Seal (LLT4Z05, 82.5 kWh, 520 km)"
2026-04-12,302,B,Felipe Santos,1,RJU9L73,"Renault Kwid E-Tech (RJU9L73, 26.8 kWh, 185 km)"
2026-04-12,401,B,Gabriela Lima,1,GWC0V29,"Caoa Chery iCar (GWC0V29, 31.0 kWh, 250 km)"
2026-04-12,402,B,Henrique Rocha,1,IOU5F47,"JAC e-JS1 (IOU5F47, 30.2 kWh, 300 km)"
2026-04-13,101,A,Ana Silva,1,UDA4H28,"BYD Dolphin Mini (UDA4H28, 38.0 kWh, 280 km)"
2026-04-13,102,A,Bruno Costa,2,EXD8C75|NBA1G29,"Tesla Model 3 RWD (EXD8C75, 60.0 kWh, 450 km) | Chevrolet Bolt EUV (NBA1G29, 65.0 kWh, 400 km)"
2026-04-13,201,A,Carla Mendes,1,UWR6H57,"GWM Ora 03 Skin (UWR6H57, 48.0 kWh, 310 km)"
2026-04-13,202,A,Daniel Oliveira,1,WNK4E27,"Nissan Leaf (WNK4E27, 40.0 kWh, 270 km)"
2026-04-13,301,B,Elena Souza,1,LLT4Z05,"BYD Seal (LLT4Z05, 82.5 kWh, 520 km)"
2026-04-13,302,B,Felipe Santos,1,RJU9L73,"Renault Kwid E-Tech (RJU9L73, 26.8 kWh, 185 km)"
2026-04-13,401,B,Gabriela Lima,1,GWC0V29,"Caoa Chery iCar (GWC0V29, 31.0 kWh, 250 km)"
2026-04-13,402,B,Henrique Rocha,1,IOU5F47,"JAC e-JS1 (IOU5F47, 30.2 kWh, 300 km)"
2026-04-14,101,A,Ana Silva,1,UDA4H28,"BYD Dolphin Mini (UDA4H28, 38.0 kWh, 280 km)"
2026-04-14,102,A,Bruno Costa,2,EXD8C75|NBA1G29,"Tesla Model 3 RWD (EXD8C75, 60.0 kWh, 450 km) | Chevrolet Bolt EUV (NBA1G29, 65.0 kWh, 400 km)"
2026-04-14,201,A,Carla Mendes,1,UWR6H57,"GWM Ora 03 Skin (UWR6H57, 48.0 kWh, 310 km)"
2026-04-14,202,A,Daniel Oliveira,1,WNK4E27,"Nissan Leaf (WNK4E27, 40.0 kWh, 270 km)"
2026-04-14,301,B,Elena Souza,1,LLT4Z05,"BYD Seal (LLT4Z05, 82.5 kWh, 520 km)"
2026-04-14,302,B,Felipe Santos,1,RJU9L73,"Renault Kwid E-Tech (RJU9L73, 26.8 kWh, 185 km)"
2026-04-14,401,B,Gabriela Lima,1,GWC0V29,"Caoa Chery iCar (GWC0V29, 31.0 kWh, 250 km)"
2026-04-14,402,B,Henrique Rocha,1,IOU5F47,"JAC e-JS1 (IOU5F47, 30.2 kWh, 300 km)"
2026-04-15,101,A,Ana Silva,1,UDA4H28,"BYD Dolphin Mini (UDA4H28, 38.0 kWh, 280 km)"
2026-04-15,102,A,Bruno Costa,2,EXD8C75|NBA1G29,"Tesla Model 3 RWD (EXD8C75, 60.0 kWh, 450 km) | Chevrolet Bolt EUV (NBA1G29, 65.0 kWh, 400 km)"
2026-04-15,201,A,Carla Mendes,1,UWR6H57,"GWM Ora 03 Skin (UWR6H57, 48.0 kWh, 310 km)"
2026-04-15,202,A,Daniel Oliveira,1,WNK4E27,"Nissan Leaf (WNK4E27, 40.0 kWh, 270 km)"
2026-04-15,301,B,Elena Souza,1,LLT4Z05,"BYD Seal (LLT4Z05, 82.5 kWh, 520 km)"
2026-04-15,302,B,Felipe Santos,1,RJU9L73,"Renault Kwid E-Tech (RJU9L73, 26.8 kWh, 185 km)"
2026-04-15,401,B,Gabriela Lima,1,GWC0V29,"Caoa Chery iCar (GWC0V29, 31.0 kWh, 250 km)"
2026-04-15,402,B,Henrique Rocha,1,IOU5F47,"JAC e-JS1 (IOU5F47, 30.2 kWh, 300 km)"
2026-04-16,101,A,Ana Silva,1,UDA4H28,"BYD Dolphin Mini (UDA4H28, 38.0 kWh, 280 km)"
2026-04-16,102,A,Bruno Costa,2,EXD8C75|NBA1G29,"Tesla Model 3 RWD (EXD8C75, 60.0 kWh, 450 km) | Chevrolet Bolt EUV (NBA1G29, 65.0 kWh, 400 km)"
2026-04-16,201,A,Carla Mendes,1,UWR6H57,"GWM Ora 03 Skin (UWR6H57, 48.0 kWh, 310 km)"
2026-04-16,202,A,Daniel Oliveira,1,WNK4E27,"Nissan Leaf (WNK4E27, 40.0 kWh, 270 km)"
2026-04-16,301,B,Elena Souza,1,LLT4Z05,"BYD Seal (LLT4Z05, 82.5 kWh, 520 km)"
2026-04-16,302,B,Felipe Santos,1,RJU9L73,"Renault Kwid E-Tech (RJU9L73, 26.8 kWh, 185 km)"
2026-04-16,401,B,Gabriela Lima,1,GWC0V29,"Caoa Chery iCar (GWC0V29, 31.0 kWh, 250 km)"
2026-04-16,402,B,Henrique Rocha,1,IOU5F47,"JAC e-JS1 (IOU5F47, 30.2 kWh, 300 km)"
2026-04-17,101,A,Ana Silva,1,UDA4H28,"BYD Dolphin Mini (UDA4H28, 38.0 kWh, 280 km)"
2026-04-17,102,A,Bruno Costa,2,EXD8C75|NBA1G29,"Tesla Model 3 RWD (EXD8C75, 60.0 kWh, 450 km) | Chevrolet Bolt EUV (NBA1G29, 65.0 kWh, 400 km)"
2026-04-17,201,A,Carla Mendes,1,UWR6H57,"GWM Ora 03 Skin (UWR6H57, 48.0 kWh, 310 km)"
2026-04-17,202,A,Daniel Oliveira,1,WNK4E27,"Nissan Leaf (WNK4E27, 40.0 kWh, 270 km)"
2026-04-17,301,B,Elena Souza,1,LLT4Z05,"BYD Seal (LLT4Z05, 82.5 kWh, 520 km)"
2026-04-17,302,B,Felipe Santos,1,RJU9L73,"Renault Kwid E-Tech (RJU9L73, 26.8 kWh, 185 km)"
2026-04-17,401,B,Gabriela Lima,1,GWC0V29,"Caoa Chery iCar (GWC0V29, 31.0 kWh, 250 km)"
2026-04-17,402,B,Henrique Rocha,1,IOU5F47,"JAC e-JS1 (IOU5F47, 30.2 kWh, 300 km)"
2026-04-18,101,A,Ana Silva,1,UDA4H28,"BYD Dolphin Mini (UDA4H28, 38.0 kWh, 280 km)"
2026-04-18,102,A,Bruno Costa,2,EXD8C75|NBA1G29,"Tesla Model 3 RWD (EXD8C75, 60.0 kWh, 450 km) | Chevrolet Bolt EUV (NBA1G29, 65.0 kWh, 400 km)"
2026-04-18,201,A,Carla Mendes,1,UWR6H57,"GWM Ora 03 Skin (UWR6H57, 48.0 kWh, 310 km)"
2026-04-18,202,A,Daniel Oliveira,1,WNK4E27,"Nissan Leaf (WNK4E27, 40.0 kWh, 270 km)"
2026-04-18,301,B,Elena Souza,1,LLT4Z05,"BYD Seal (LLT4Z05, 82.5 kWh, 520 km)"
2026-04-18,302,B,Felipe Santos,1,RJU9L73,"Renault Kwid E-Tech (RJU9L73, 26.8 kWh, 185 km)"
2026-04-18,401,B,Gabriela Lima,1,GWC0V29,"Caoa Chery iCar (GWC0V29, 31.0 kWh, 250 km)"
2026-04-18,402,B,Henrique Rocha,1,IOU5F47,"JAC e-JS1 (IOU5F47, 30.2 kWh, 300 km)"
2026-04-19,101,A,Ana Silva,1,UDA4H28,"BYD Dolphin Mini (UDA4H28, 38.0 kWh, 280 km)"
2026-04-19,102,A,Bruno Costa,2,EXD8C75|NBA1G29,"Tesla Model 3 RWD (EXD8C75, 60.0 kWh, 450 km) | Chevrolet Bolt EUV (NBA1G29, 65.0 kWh, 400 km)"
2026-04-19,201,A,Carla Mendes,1,UWR6H57,"GWM Ora 03 Skin (UWR6H57, 48.0 kWh, 310 km)"
2026-04-19,202,A,Daniel Oliveira,1,WNK4E27,"Nissan Leaf (WNK4E27, 40.0 kWh, 270 km)"
2026-04-19,301,B,Elena Souza,1,LLT4Z05,"BYD Seal (LLT4Z05, 82.5 kWh, 520 km)"
2026-04-19,302,B,Felipe Santos,1,RJU9L73,"Renault Kwid E-Tech (RJU9L73, 26.8 kWh, 185 km)"
2026-04-19,401,B,Gabriela Lima,1,GWC0V29,"Caoa Chery iCar (GWC0V29, 31.0 kWh, 250 km)"
2026-04-19,402,B,Henrique Rocha,1,IOU5F47,"JAC e-JS1 (IOU5F47, 30.2 kWh, 300 km)"
2026-04-20,101,A,Ana Silva,1,UDA4H28,"BYD Dolphin Mini (UDA4H28, 38.0 kWh, 280 km)"
2026-04-20,102,A,Bruno Costa,2,EXD8C75|NBA1G29,"Tesla Model 3 RWD (EXD8C75, 60.0 kWh, 450 km) | Chevrolet Bolt EUV (NBA1G29, 65.0 kWh, 400 km)"
2026-04-20,201,A,Carla Mendes,1,UWR6H57,"GWM Ora 03 Skin (UWR6H57, 48.0 kWh, 310 km)"
2026-04-20,202,A,Daniel Oliveira,1,WNK4E27,"Nissan Leaf (WNK4E27, 40.0 kWh, 270 km)"
2026-04-20,301,B,Elena Souza,1,LLT4Z05,"BYD Seal (LLT4Z05, 82.5 kWh, 520 km)"
2026-04-20,302,B,Felipe Santos,1,RJU9L73,"Renault Kwid E-Tech (RJU9L73, 26.8 kWh, 185 km)"
2026-04-20,401,B,Gabriela Lima,1,GWC0V29,"Caoa Chery iCar (GWC0V29, 31.0 kWh, 250 km)"
2026-04-20,402,B,Henrique Rocha,1,IOU5F47,"JAC e-JS1 (IOU5F47, 30.2 kWh, 300 km)"
2026-04-21,101,A,Ana Silva,1,UDA4H28,"BYD Dolphin Mini (UDA4H28, 38.0 kWh, 280 km)"
2026-04-21,102,A,Bruno Costa,2,EXD8C75|NBA1G29,"Tesla Model 3 RWD (EXD8C75, 60.0 kWh, 450 km) | Chevrolet Bolt EUV (NBA1G29, 65.0 kWh, 400 km)"
2026-04-21,201,A,Carla Mendes,1,UWR6H57,"GWM Ora 03 Skin (UWR6H57, 48.0 kWh, 310 km)"
2026-04-21,202,A,Daniel Oliveira,1,WNK4E27,"Nissan Leaf (WNK4E27, 40.0 kWh, 270 km)"
2026-04-21,301,B,Elena Souza,1,LLT4Z05,"BYD Seal (LLT4Z05, 82.5 kWh, 520 km)"
2026-04-21,302,B,Felipe Santos,1,RJU9L73,"Renault Kwid E-Tech (RJU9L73, 26.8 kWh, 185 km)"
2026-04-21,401,B,Gabriela Lima,1,GWC0V29,"Caoa Chery iCar (GWC0V29, 31.0 kWh, 250 km)"
2026-04-21,402,B,Henrique Rocha,1,IOU5F47,"JAC e-JS1 (IOU5F47, 30.2 kWh, 300 km)"
2026-04-22,101,A,Ana Silva,1,UDA4H28,"BYD Dolphin Mini (UDA4H28, 38.0 kWh, 280 km)"
2026-04-22,102,A,Bruno Costa,2,EXD8C75|NBA1G29,"Tesla Model 3 RWD (EXD8C75, 60.0 kWh, 450 km) | Chevrolet Bolt EUV (NBA1G29, 65.0 kWh, 400 km)"
2026-04-22,201,A,Carla Mendes,1,UWR6H57,"GWM Ora 03 Skin (UWR6H57, 48.0 kWh, 310 km)"
2026-04-22,202,A,Daniel Oliveira,1,WNK4E27,"Nissan Leaf (WNK4E27, 40.0 kWh, 270 km)"
2026-04-22,301,B,Elena Souza,1,LLT4Z05,"BYD Seal (LLT4Z05, 82.5 kWh, 520 km)"
2026-04-22,302,B,Felipe Santos,1,RJU9L73,"Renault Kwid E-Tech (RJU9L73, 26.8 kWh, 185 km)"
2026-04-22,401,B,Gabriela Lima,1,GWC0V29,"Caoa Chery iCar (GWC0V29, 31.0 kWh, 250 km)"
2026-04-22,402,B,Henrique Rocha,1,IOU5F47,"JAC e-JS1 (IOU5F47, 30.2 kWh, 300 km)"
2026-04-23,101,A,Ana Silva,1,UDA4H28,"BYD Dolphin Mini (UDA4H28, 38.0 kWh, 280 km)"
2026-04-23,102,A,Bruno Costa,2,EXD8C75|NBA1G29,"Tesla Model 3 RWD (EXD8C75, 60.0 kWh, 450 km) | Chevrolet Bolt EUV (NBA1G29, 65.0 kWh, 400 km)"
2026-04-23,201,A,Carla Mendes,1,UWR6H57,"GWM Ora 03 Skin (UWR6H57, 48.0 kWh, 310 km)"
2026-04-23,202,A,Daniel Oliveira,1,WNK4E27,"Nissan Leaf (WNK4E27, 40.0 kWh, 270 km)"
2026-04-23,301,B,Elena Souza,1,LLT4Z05,"BYD Seal (LLT4Z05, 82.5 kWh, 520 km)"
2026-04-23,302,B,Felipe Santos,1,RJU9L73,"Renault Kwid E-Tech (RJU9L73, 26.8 kWh, 185 km)"
2026-04-23,401,B,Gabriela Lima,1,GWC0V29,"Caoa Chery iCar (GWC0V29, 31.0 kWh, 250 km)"
2026-04-23,402,B,Henrique Rocha,1,IOU5F47,"JAC e-JS1 (IOU5F47, 30.2 kWh, 300 km)"
2026-04-24,101,A,Ana Silva,1,UDA4H28,"BYD Dolphin Mini (UDA4H28, 38.0 kWh, 280 km)"
2026-04-24,102,A,Bruno Costa,2,EXD8C75|NBA1G29,"Tesla Model 3 RWD (EXD8C75, 60.0 kWh, 450 km) | Chevrolet Bolt EUV (NBA1G29, 65.0 kWh, 400 km)"
2026-04-24,201,A,Carla Mendes,1,UWR6H57,"GWM Ora 03 Skin (UWR6H57, 48.0 kWh, 310 km)"
2026-04-24,202,A,Daniel Oliveira,1,WNK4E27,"Nissan Leaf (WNK4E27, 40.0 kWh, 270 km)"
2026-04-24,301,B,Elena Souza,1,LLT4Z05,"BYD Seal (LLT4Z05, 82.5 kWh, 520 km)"
2026-04-24,302,B,Felipe Santos,1,RJU9L73,"Renault Kwid E-Tech (RJU9L73, 26.8 kWh, 185 km)"
2026-04-24,401,B,Gabriela Lima,1,GWC0V29,"Caoa Chery iCar (GWC0V29, 31.0 kWh, 250 km)"
2026-04-24,402,B,Henrique Rocha,1,IOU5F47,"JAC e-JS1 (IOU5F47, 30.2 kWh, 300 km)"
2026-04-25,101,A,Ana Silva,1,UDA4H28,"BYD Dolphin Mini (UDA4H28, 38.0 kWh, 280 km)"
2026-04-25,102,A,Bruno Costa,2,EXD8C75|NBA1G29,"Tesla Model 3 RWD (EXD8C75, 60.0 kWh, 450 km) | Chevrolet Bolt EUV (NBA1G29, 65.0 kWh, 400 km)"
2026-04-25,201,A,Carla Mendes,1,UWR6H57,"GWM Ora 03 Skin (UWR6H57, 48.0 kWh, 310 km)"
2026-04-25,202,A,Daniel Oliveira,1,WNK4E27,"Nissan Leaf (WNK4E27, 40.0 kWh, 270 km)"
2026-04-25,301,B,Elena Souza,1,LLT4Z05,"BYD Seal (LLT4Z05, 82.5 kWh, 520 km)"
2026-04-25,302,B,Felipe Santos,1,RJU9L73,"Renault Kwid E-Tech (RJU9L73, 26.8 kWh, 185 km)"
2026-04-25,401,B,Gabriela Lima,1,GWC0V29,"Caoa Chery iCar (GWC0V29, 31.0 kWh, 250 km)"
2026-04-25,402,B,Henrique Rocha,1,IOU5F47,"JAC e-JS1 (IOU5F47, 30.2 kWh, 300 km)"
2026-04-26,101,A,Ana Silva,1,UDA4H28,"BYD Dolphin Mini (UDA4H28, 38.0 kWh, 280 km)"
2026-04-26,102,A,Bruno Costa,2,EXD8C75|NBA1G29,"Tesla Model 3 RWD (EXD8C75, 60.0 kWh, 450 km) | Chevrolet Bolt EUV (NBA1G29, 65.0 kWh, 400 km)"
2026-04-26,201,A,Carla Mendes,1,UWR6H57,"GWM Ora 03 Skin (UWR6H57, 48.0 kWh, 310 km)"
2026-04-26,202,A,Daniel Oliveira,1,WNK4E27,"Nissan Leaf (WNK4E27, 40.0 kWh, 270 km)"
2026-04-26,301,B,Elena Souza,1,LLT4Z05,"BYD Seal (LLT4Z05, 82.5 kWh, 520 km)"
2026-04-26,302,B,Felipe Santos,1,RJU9L73,"Renault Kwid E-Tech (RJU9L73, 26.8 kWh, 185 km)"
2026-04-26,401,B,Gabriela Lima,1,GWC0V29,"Caoa Chery iCar (GWC0V29, 31.0 kWh, 250 km)"
2026-04-26,402,B,Henrique Rocha,1,IOU5F47,"JAC e-JS1 (IOU5F47, 30.2 kWh, 300 km)"
2026-04-27,101,A,Ana Silva,1,UDA4H28,"BYD Dolphin Mini (UDA4H28, 38.0 kWh, 280 km)"
2026-04-27,102,A,Bruno Costa,2,EXD8C75|NBA1G29,"Tesla Model 3 RWD (EXD8C75, 60.0 kWh, 450 km) | Chevrolet Bolt EUV (NBA1G29, 65.0 kWh, 400 km)"
2026-04-27,201,A,Carla Mendes,1,UWR6H57,"GWM Ora 03 Skin (UWR6H57, 48.0 kWh, 310 km)"
2026-04-27,202,A,Daniel Oliveira,1,WNK4E27,"Nissan Leaf (WNK4E27, 40.0 kWh, 270 km)"
2026-04-27,301,B,Elena Souza,1,LLT4Z05,"BYD Seal (LLT4Z05, 82.5 kWh, 520 km)"
2026-04-27,302,B,Felipe Santos,1,RJU9L73,"Renault Kwid E-Tech (RJU9L73, 26.8 kWh, 185 km)"
2026-04-27,401,B,Gabriela Lima,1,GWC0V29,"Caoa Chery iCar (GWC0V29, 31.0 kWh, 250 km)"
2026-04-27,402,B,Henrique Rocha,1,IOU5F47,"JAC e-JS1 (IOU5F47, 30.2 kWh, 300 km)"
2026-04-28,101,A,Ana Silva,1,UDA4H28,"BYD Dolphin Mini (UDA4H28, 38.0 kWh, 280 km)"
2026-04-28,102,A,Bruno Costa,2,EXD8C75|NBA1G29,"Tesla Model 3 RWD (EXD8C75, 60.0 kWh, 450 km) | Chevrolet Bolt EUV (NBA1G29, 65.0 kWh, 400 km)"
2026-04-28,201,A,Carla Mendes,1,UWR6H57,"GWM Ora 03 Skin (UWR6H57, 48.0 kWh, 310 km)"
2026-04-28,202,A,Daniel Oliveira,1,WNK4E27,"Nissan Leaf (WNK4E27, 40.0 kWh, 270 km)"
2026-04-28,301,B,Elena Souza,1,LLT4Z05,"BYD Seal (LLT4Z05, 82.5 kWh, 520 km)"
2026-04-28,302,B,Felipe Santos,1,RJU9L73,"Renault Kwid E-Tech (RJU9L73, 26.8 kWh, 185 km)"
2026-04-28,401,B,Gabriela Lima,1,GWC0V29,"Caoa Chery iCar (GWC0V29, 31.0 kWh, 250 km)"
2026-04-28,402,B,Henrique Rocha,1,IOU5F47,"JAC e-JS1 (IOU5F47, 30.2 kWh, 300 km)"
2026-04-29,101,A,Ana Silva,1,UDA4H28,"BYD Dolphin Mini (UDA4H28, 38.0 kWh, 280 km)"
2026-04-29,102,A,Bruno Costa,2,EXD8C75|NBA1G29,"Tesla Model 3 RWD (EXD8C75, 60.0 kWh, 450 km) | Chevrolet Bolt EUV (NBA1G29, 65.0 kWh, 400 km)"
2026-04-29,201,A,Carla Mendes,1,UWR6H57,"GWM Ora 03 Skin (UWR6H57, 48.0 kWh, 310 km)"
2026-04-29,202,A,Daniel Oliveira,1,WNK4E27,"Nissan Leaf (WNK4E27, 40.0 kWh, 270 km)"
2026-04-29,301,B,Elena Souza,1,LLT4Z05,"BYD Seal (LLT4Z05, 82.5 kWh, 520 km)"
2026-04-29,302,B,Felipe Santos,1,RJU9L73,"Renault Kwid E-Tech (RJU9L73, 26.8 kWh, 185 km)"
2026-04-29,401,B,Gabriela Lima,1,GWC0V29,"Caoa Chery iCar (GWC0V29, 31.0 kWh, 250 km)"
2026-04-29,402,B,Henrique Rocha,1,IOU5F47,"JAC e-JS1 (IOU5F47, 30.2 kWh, 300 km)"
2026-04-30,101,A,Ana Silva,1,UDA4H28,"BYD Dolphin Mini (UDA4H28, 38.0 kWh, 280 km)"
2026-04-30,102,A,Bruno Costa,2,EXD8C75|NBA1G29,"Tesla Model 3 RWD (EXD8C75, 60.0 kWh, 450 km) | Chevrolet Bolt EUV (NBA1G29, 65.0 kWh, 400 km)"
2026-04-30,201,A,Carla Mendes,1,UWR6H57,"GWM Ora 03 Skin (UWR6H57, 48.0 kWh, 310 km)"
2026-04-30,202,A,Daniel Oliveira,1,WNK4E27,"Nissan Leaf (WNK4E27, 40.0 kWh, 270 km)"
2026-04-30,301,B,Elena Souza,1,LLT4Z05,"BYD Seal (LLT4Z05, 82.5 kWh, 520 km)"
2026-04-30,302,B,Felipe Santos,1,RJU9L73,"Renault Kwid E-Tech (RJU9L73, 26.8 kWh, 185 km)"
2026-04-30,401,B,Gabriela Lima,1,GWC0V29,"Caoa Chery iCar (GWC0V29, 31.0 kWh, 250 km)"
2026-04-30,402,B,Henrique Rocha,1,IOU5F47,"JAC e-JS1 (IOU5F47, 30.2 kWh, 300 km)"
2026-05-01,101,A,Ana Silva,1,UDA4H28,"BYD Dolphin Mini (UDA4H28, 38.0 kWh, 280 km)"
2026-05-01,102,A,Bruno Costa,2,EXD8C75|NBA1G29,"Tesla Model 3 RWD (EXD8C75, 60.0 kWh, 450 km) | Chevrolet Bolt EUV (NBA1G29, 65.0 kWh, 400 km)"
2026-05-01,201,A,Carla Mendes,1,UWR6H57,"GWM Ora 03 Skin (UWR6H57, 48.0 kWh, 310 km)"
2026-05-01,202,A,Daniel Oliveira,1,WNK4E27,"Nissan Leaf (WNK4E27, 40.0 kWh, 270 km)"
2026-05-01,301,B,Elena Souza,1,LLT4Z05,"BYD Seal (LLT4Z05, 82.5 kWh, 520 km)"
2026-05-01,302,B,Felipe Santos,1,RJU9L73,"Renault Kwid E-Tech (RJU9L73, 26.8 kWh, 185 km)"
2026-05-01,401,B,Gabriela Lima,1,GWC0V29,"Caoa Chery iCar (GWC0V29, 31.0 kWh, 250 km)"
2026-05-01,402,B,Henrique Rocha,1,IOU5F47,"JAC e-JS1 (IOU5F47, 30.2 kWh, 300 km)"
2026-05-02,101,A,Ana Silva,1,UDA4H28,"BYD Dolphin Mini (UDA4H28, 38.0 kWh, 280 km)"
2026-05-02,102,A,Bruno Costa,2,EXD8C75|NBA1G29,"Tesla Model 3 RWD (EXD8C75, 60.0 kWh, 450 km) | Chevrolet Bolt EUV (NBA1G29, 65.0 kWh, 400 km)"
2026-05-02,201,A,Carla Mendes,1,UWR6H57,"GWM Ora 03 Skin (UWR6H57, 48.0 kWh, 310 km)"
2026-05-02,202,A,Daniel Oliveira,1,WNK4E27,"Nissan Leaf (WNK4E27, 40.0 kWh, 270 km)"
2026-05-02,301,B,Elena Souza,1,LLT4Z05,"BYD Seal (LLT4Z05, 82.5 kWh, 520 km)"
2026-05-02,302,B,Felipe Santos,1,RJU9L73,"Renault Kwid E-Tech (RJU9L73, 26.8 kWh, 185 km)"
2026-05-02,401,B,Gabriela Lima,1,GWC0V29,"Caoa Chery iCar (GWC0V29, 31.0 kWh, 250 km)"
2026-05-02,402,B,Henrique Rocha,1,IOU5F47,"JAC e-JS1 (IOU5F47, 30.2 kWh, 300 km)"
2026-05-03,101,A,Ana Silva,1,UDA4H28,"BYD Dolphin Mini (UDA4H28, 38.0 kWh, 280 km)"
2026-05-03,102,A,Bruno Costa,2,EXD8C75|NBA1G29,"Tesla Model 3 RWD (EXD8C75, 60.0 kWh, 450 km) | Chevrolet Bolt EUV (NBA1G29, 65.0 kWh, 400 km)"
2026-05-03,201,A,Carla Mendes,1,UWR6H57,"GWM Ora 03 Skin (UWR6H57, 48.0 kWh, 310 km)"
2026-05-03,202,A,Daniel Oliveira,1,WNK4E27,"Nissan Leaf (WNK4E27, 40.0 kWh, 270 km)"
2026-05-03,301,B,Elena Souza,1,LLT4Z05,"BYD Seal (LLT4Z05, 82.5 kWh, 520 km)"
2026-05-03,302,B,Felipe Santos,1,RJU9L73,"Renault Kwid E-Tech (RJU9L73, 26.8 kWh, 185 km)"
2026-05-03,401,B,Gabriela Lima,1,GWC0V29,"Caoa Chery iCar (GWC0V29, 31.0 kWh, 250 km)"
2026-05-03,402,B,Henrique Rocha,1,IOU5F47,"JAC e-JS1 (IOU5F47, 30.2 kWh, 300 km)"
2026-05-04,101,A,Ana Silva,1,UDA4H28,"BYD Dolphin Mini (UDA4H28, 38.0 kWh, 280 km)"
2026-05-04,102,A,Bruno Costa,2,EXD8C75|NBA1G29,"Tesla Model 3 RWD (EXD8C75, 60.0 kWh, 450 km) | Chevrolet Bolt EUV (NBA1G29, 65.0 kWh, 400 km)"
2026-05-04,201,A,Carla Mendes,1,UWR6H57,"GWM Ora 03 Skin (UWR6H57, 48.0 kWh, 310 km)"
2026-05-04,202,A,Daniel Oliveira,1,WNK4E27,"Nissan Leaf (WNK4E27, 40.0 kWh, 270 km)"
2026-05-04,301,B,Elena Souza,1,LLT4Z05,"BYD Seal (LLT4Z05, 82.5 kWh, 520 km)"
2026-05-04,302,B,Felipe Santos,1,RJU9L73,"Renault Kwid E-Tech (RJU9L73, 26.8 kWh, 185 km)"
2026-05-04,401,B,Gabriela Lima,1,GWC0V29,"Caoa Chery iCar (GWC0V29, 31.0 kWh, 250 km)"
2026-05-04,402,B,Henrique Rocha,1,IOU5F47,"JAC e-JS1 (IOU5F47, 30.2 kWh, 300 km)"
2026-05-05,101,A,Ana Silva,1,UDA4H28,"BYD Dolphin Mini (UDA4H28, 38.0 kWh, 280 km)"
2026-05-05,102,A,Bruno Costa,2,EXD8C75|NBA1G29,"Tesla Model 3 RWD (EXD8C75, 60.0 kWh, 450 km) | Chevrolet Bolt EUV (NBA1G29, 65.0 kWh, 400 km)"
2026-05-05,201,A,Carla Mendes,1,UWR6H57,"GWM Ora 03 Skin (UWR6H57, 48.0 kWh, 310 km)"
2026-05-05,202,A,Daniel Oliveira,1,WNK4E27,"Nissan Leaf (WNK4E27, 40.0 kWh, 270 km)"
2026-05-05,301,B,Elena Souza,1,LLT4Z05,"BYD Seal (LLT4Z05, 82.5 kWh, 520 km)"
2026-05-05,302,B,Felipe Santos,1,RJU9L73,"Renault Kwid E-Tech (RJU9L73, 26.8 kWh, 185 km)"
2026-05-05,401,B,Gabriela Lima,1,GWC0V29,"Caoa Chery iCar (GWC0V29, 31.0 kWh, 250 km)"
2026-05-05,402,B,Henrique Rocha,1,IOU5F47,"JAC e-JS1 (IOU5F47, 30.2 kWh, 300 km)"
2026-05-06,101,A,Ana Silva,1,UDA4H28,"BYD Dolphin Mini (UDA4H28, 38.0 kWh, 280 km)"
2026-05-06,102,A,Bruno Costa,2,EXD8C75|NBA1G29,"Tesla Model 3 RWD (EXD8C75, 60.0 kWh, 450 km) | Chevrolet Bolt EUV (NBA1G29, 65.0 kWh, 400 km)"
2026-05-06,201,A,Carla Mendes,1,UWR6H57,"GWM Ora 03 Skin (UWR6H57, 48.0 kWh, 310 km)"
2026-05-06,202,A,Daniel Oliveira,1,WNK4E27,"Nissan Leaf (WNK4E27, 40.0 kWh, 270 km)"
2026-05-06,301,B,Elena Souza,1,LLT4Z05,"BYD Seal (LLT4Z05, 82.5 kWh, 520 km)"
2026-05-06,302,B,Felipe Santos,1,RJU9L73,"Renault Kwid E-Tech (RJU9L73, 26.8 kWh, 185 km)"
2026-05-06,401,B,Gabriela Lima,1,GWC0V29,"Caoa Chery iCar (GWC0V29, 31.0 kWh, 250 km)"
2026-05-06,402,B,Henrique Rocha,1,IOU5F47,"JAC e-JS1 (IOU5F47, 30.2 kWh, 300 km)"
2026-05-07,101,A,Ana Silva,1,UDA4H28,"BYD Dolphin Mini (UDA4H28, 38.0 kWh, 280 km)"
2026-05-07,102,A,Bruno Costa,2,EXD8C75|NBA1G29,"Tesla Model 3 RWD (EXD8C75, 60.0 kWh, 450 km) | Chevrolet Bolt EUV (NBA1G29, 65.0 kWh, 400 km)"
2026-05-07,201,A,Carla Mendes,1,UWR6H57,"GWM Ora 03 Skin (UWR6H57, 48.0 kWh, 310 km)"
2026-05-07,202,A,Daniel Oliveira,1,WNK4E27,"Nissan Leaf (WNK4E27, 40.0 kWh, 270 km)"
2026-05-07,301,B,Elena Souza,1,LLT4Z05,"BYD Seal (LLT4Z05, 82.5 kWh, 520 km)"
2026-05-07,302,B,Felipe Santos,1,RJU9L73,"Renault Kwid E-Tech (RJU9L73, 26.8 kWh, 185 km)"
2026-05-07,401,B,Gabriela Lima,1,GWC0V29,"Caoa Chery iCar (GWC0V29, 31.0 kWh, 250 km)"
2026-05-07,402,B,Henrique Rocha,1,IOU5F47,"JAC e-JS1 (IOU5F47, 30.2 kWh, 300 km)"
2026-05-08,101,A,Ana Silva,1,UDA4H28,"BYD Dolphin Mini (UDA4H28, 38.0 kWh, 280 km)"
2026-05-08,102,A,Bruno Costa,2,EXD8C75|NBA1G29,"Tesla Model 3 RWD (EXD8C75, 60.0 kWh, 450 km) | Chevrolet Bolt EUV (NBA1G29, 65.0 kWh, 400 km)"
2026-05-08,201,A,Carla Mendes,1,UWR6H57,"GWM Ora 03 Skin (UWR6H57, 48.0 kWh, 310 km)"
2026-05-08,202,A,Daniel Oliveira,1,WNK4E27,"Nissan Leaf (WNK4E27, 40.0 kWh, 270 km)"
2026-05-08,301,B,Elena Souza,1,LLT4Z05,"BYD Seal (LLT4Z05, 82.5 kWh, 520 km)"
2026-05-08,302,B,Felipe Santos,1,RJU9L73,"Renault Kwid E-Tech (RJU9L73, 26.8 kWh, 185 km)"
2026-05-08,401,B,Gabriela Lima,1,GWC0V29,"Caoa Chery iCar (GWC0V29, 31.0 kWh, 250 km)"
2026-05-08,402,B,Henrique Rocha,1,IOU5F47,"JAC e-JS1 (IOU5F47, 30.2 kWh, 300 km)"
2026-05-09,101,A,Ana Silva,1,UDA4H28,"BYD Dolphin Mini (UDA4H28, 38.0 kWh, 280 km)"
2026-05-09,102,A,Bruno Costa,2,EXD8C75|NBA1G29,"Tesla Model 3 RWD (EXD8C75, 60.0 kWh, 450 km) | Chevrolet Bolt EUV (NBA1G29, 65.0 kWh, 400 km)"
2026-05-09,201,A,Carla Mendes,1,UWR6H57,"GWM Ora 03 Skin (UWR6H57, 48.0 kWh, 310 km)"
2026-05-09,202,A,Daniel Oliveira,1,WNK4E27,"Nissan Leaf (WNK4E27, 40.0 kWh, 270 km)"
2026-05-09,301,B,Elena Souza,1,LLT4Z05,"BYD Seal (LLT4Z05, 82.5 kWh, 520 km)"
2026-05-09,302,B,Felipe Santos,1,RJU9L73,"Renault Kwid E-Tech (RJU9L73, 26.8 kWh, 185 km)"
2026-05-09,401,B,Gabriela Lima,1,GWC0V29,"Caoa Chery iCar (GWC0V29, 31.0 kWh, 250 km)"
2026-05-09,402,B,Henrique Rocha,1,IOU5F47,"JAC e-JS1 (IOU5F47, 30.2 kWh, 300 km)"
2026-05-10,101,A,Ana Silva,1,UDA4H28,"BYD Dolphin Mini (UDA4H28, 38.0 kWh, 280 km)"
2026-05-10,102,A,Bruno Costa,2,EXD8C75|NBA1G29,"Tesla Model 3 RWD (EXD8C75, 60.0 kWh, 450 km) | Chevrolet Bolt EUV (NBA1G29, 65.0 kWh, 400 km)"
2026-05-10,201,A,Carla Mendes,1,UWR6H57,"GWM Ora 03 Skin (UWR6H57, 48.0 kWh, 310 km)"
2026-05-10,202,A,Daniel Oliveira,1,WNK4E27,"Nissan Leaf (WNK4E27, 40.0 kWh, 270 km)"
2026-05-10,301,B,Elena Souza,2,LLT4Z05|XOR1M10,"BYD Seal (LLT4Z05, 82.5 kWh, 520 km) | BYD Yuan Plus (XOR1M10, 60.5 kWh, 430 km)"
2026-05-10,302,B,Felipe Santos,1,RJU9L73,"Renault Kwid E-Tech (RJU9L73, 26.8 kWh, 185 km)"
2026-05-10,401,B,Gabriela Lima,1,GWC0V29,"Caoa Chery iCar (GWC0V29, 31.0 kWh, 250 km)"
2026-05-10,402,B,Henrique Rocha,1,IOU5F47,"JAC e-JS1 (IOU5F47, 30.2 kWh, 300 km)"
2026-05-11,101,A,Ana Silva,1,UDA4H28,"BYD Dolphin Mini (UDA4H28, 38.0 kWh, 280 km)"
2026-05-11,102,A,Bruno Costa,2,EXD8C75|NBA1G29,"Tesla Model 3 RWD (EXD8C75, 60.0 kWh, 450 km) | Chevrolet Bolt EUV (NBA1G29, 65.0 kWh, 400 km)"
2026-05-11,201,A,Carla Mendes,1,UWR6H57,"GWM Ora 03 Skin (UWR6H57, 48.0 kWh, 310 km)"
2026-05-11,202,A,Daniel Oliveira,1,WNK4E27,"Nissan Leaf (WNK4E27, 40.0 kWh, 270 km)"
2026-05-11,301,B,Elena Souza,2,LLT4Z05|XOR1M10,"BYD Seal (LLT4Z05, 82.5 kWh, 520 km) | BYD Yuan Plus (XOR1M10, 60.5 kWh, 430 km)"
2026-05-11,302,B,Felipe Santos,1,RJU9L73,"Renault Kwid E-Tech (RJU9L73, 26.8 kWh, 185 km)"
2026-05-11,401,B,Gabriela Lima,1,GWC0V29,"Caoa Chery iCar (GWC0V29, 31.0 kWh, 250 km)"
2026-05-11,402,B,Henrique Rocha,1,IOU5F47,"JAC e-JS1 (IOU5F47, 30.2 kWh, 300 km)"
2026-05-12,101,A,Ana Silva,1,UDA4H28,"BYD Dolphin Mini (UDA4H28, 38.0 kWh, 280 km)"
2026-05-12,102,A,Bruno Costa,2,EXD8C75|NBA1G29,"Tesla Model 3 RWD (EXD8C75, 60.0 kWh, 450 km) | Chevrolet Bolt EUV (NBA1G29, 65.0 kWh, 400 km)"
2026-05-12,201,A,Carla Mendes,1,UWR6H57,"GWM Ora 03 Skin (UWR6H57, 48.0 kWh, 310 km)"
2026-05-12,202,A,Daniel Oliveira,1,WNK4E27,"Nissan Leaf (WNK4E27, 40.0 kWh, 270 km)"
2026-05-12,301,B,Elena Souza,2,LLT4Z05|XOR1M10,"BYD Seal (LLT4Z05, 82.5 kWh, 520 km) | BYD Yuan Plus (XOR1M10, 60.5 kWh, 430 km)"
2026-05-12,302,B,Felipe Santos,1,RJU9L73,"Renault Kwid E-Tech (RJU9L73, 26.8 kWh, 185 km)"
2026-05-12,401,B,Gabriela Lima,1,GWC0V29,"Caoa Chery iCar (GWC0V29, 31.0 kWh, 250 km)"
2026-05-12,402,B,Henrique Rocha,1,IOU5F47,"JAC e-JS1 (IOU5F47, 30.2 kWh, 300 km)"
2026-05-13,101,A,Ana Silva,1,UDA4H28,"BYD Dolphin Mini (UDA4H28, 38.0 kWh, 280 km)"
2026-05-13,102,A,Bruno Costa,2,EXD8C75|NBA1G29,"Tesla Model 3 RWD (EXD8C75, 60.0 kWh, 450 km) | Chevrolet Bolt EUV (NBA1G29, 65.0 kWh, 400 km)"
2026-05-13,201,A,Carla Mendes,1,UWR6H57,"GWM Ora 03 Skin (UWR6H57, 48.0 kWh, 310 km)"
2026-05-13,202,A,Daniel Oliveira,1,WNK4E27,"Nissan Leaf (WNK4E27, 40.0 kWh, 270 km)"
2026-05-13,301,B,Elena Souza,2,LLT4Z05|XOR1M10,"BYD Seal (LLT4Z05, 82.5 kWh, 520 km) | BYD Yuan Plus (XOR1M10, 60.5 kWh, 430 km)"
2026-05-13,302,B,Felipe Santos,1,RJU9L73,"Renault Kwid E-Tech (RJU9L73, 26.8 kWh, 185 km)"
2026-05-13,401,B,Gabriela Lima,1,GWC0V29,"Caoa Chery iCar (GWC0V29, 31.0 kWh, 250 km)"
2026-05-13,402,B,Henrique Rocha,1,IOU5F47,"JAC e-JS1 (IOU5F47, 30.2 kWh, 300 km)"
2026-05-14,101,A,Ana Silva,1,UDA4H28,"BYD Dolphin Mini (UDA4H28, 38.0 kWh, 280 km)"
2026-05-14,102,A,Bruno Costa,2,EXD8C75|NBA1G29,"Tesla Model 3 RWD (EXD8C75, 60.0 kWh, 450 km) | Chevrolet Bolt EUV (NBA1G29, 65.0 kWh, 400 km)"
2026-05-14,201,A,Carla Mendes,1,UWR6H57,"GWM Ora 03 Skin (UWR6H57, 48.0 kWh, 310 km)"
2026-05-14,202,A,Daniel Oliveira,1,WNK4E27,"Nissan Leaf (WNK4E27, 40.0 kWh, 270 km)"
2026-05-14,301,B,Elena Souza,2,LLT4Z05|XOR1M10,"BYD Seal (LLT4Z05, 82.5 kWh, 520 km) | BYD Yuan Plus (XOR1M10, 60.5 kWh, 430 km)"
2026-05-14,302,B,Felipe Santos,1,RJU9L73,"Renault Kwid E-Tech (RJU9L73, 26.8 kWh, 185 km)"
2026-05-14,401,B,Gabriela Lima,1,GWC0V29,"Caoa Chery iCar (GWC0V29, 31.0 kWh, 250 km)"
2026-05-14,402,B,Henrique Rocha,1,IOU5F47,"JAC e-JS1 (IOU5F47, 30.2 kWh, 300 km)"
2026-05-15,101,A,Ana Silva,1,UDA4H28,"BYD Dolphin Mini (UDA4H28, 38.0 kWh, 280 km)"
2026-05-15,102,A,Bruno Costa,2,EXD8C75|NBA1G29,"Tesla Model 3 RWD (EXD8C75, 60.0 kWh, 450 km) | Chevrolet Bolt EUV (NBA1G29, 65.0 kWh, 400 km)"
2026-05-15,201,A,Carla Mendes,1,UWR6H57,"GWM Ora 03 Skin (UWR6H57, 48.0 kWh, 310 km)"
2026-05-15,202,A,Daniel Oliveira,1,WNK4E27,"Nissan Leaf (WNK4E27, 40.0 kWh, 270 km)"
2026-05-15,301,B,Elena Souza,2,LLT4Z05|XOR1M10,"BYD Seal (LLT4Z05, 82.5 kWh, 520 km) | BYD Yuan Plus (XOR1M10, 60.5 kWh, 430 km)"
2026-05-15,302,B,Felipe Santos,1,RJU9L73,"Renault Kwid E-Tech (RJU9L73, 26.8 kWh, 185 km)"
2026-05-15,401,B,Gabriela Lima,1,GWC0V29,"Caoa Chery iCar (GWC0V29, 31.0 kWh, 250 km)"
2026-05-15,402,B,Henrique Rocha,1,IOU5F47,"JAC e-JS1 (IOU5F47, 30.2 kWh, 300 km)"
2026-05-16,101,A,Ana Silva,1,UDA4H28,"BYD Dolphin Mini (UDA4H28, 38.0 kWh, 280 km)"
2026-05-16,102,A,Bruno Costa,2,EXD8C75|NBA1G29,"Tesla Model 3 RWD (EXD8C75, 60.0 kWh, 450 km) | Chevrolet Bolt EUV (NBA1G29, 65.0 kWh, 400 km)"
2026-05-16,201,A,Carla Mendes,1,UWR6H57,"GWM Ora 03 Skin (UWR6H57, 48.0 kWh, 310 km)"
2026-05-16,202,A,Daniel Oliveira,1,WNK4E27,"Nissan Leaf (WNK4E27, 40.0 kWh, 270 km)"
2026-05-16,301,B,Elena Souza,2,LLT4Z05|XOR1M10,"BYD Seal (LLT4Z05, 82.5 kWh, 520 km) | BYD Yuan Plus (XOR1M10, 60.5 kWh, 430 km)"
2026-05-16,302,B,Felipe Santos,1,RJU9L73,"Renault Kwid E-Tech (RJU9L73, 26.8 kWh, 185 km)"
2026-05-16,401,B,Gabriela Lima,1,GWC0V29,"Caoa Chery iCar (GWC0V29, 31.0 kWh, 250 km)"
2026-05-16,402,B,Henrique Rocha,1,IOU5F47,"JAC e-JS1 (IOU5F47, 30.2 kWh, 300 km)"
2026-05-17,101,A,Ana Silva,1,UDA4H28,"BYD Dolphin Mini (UDA4H28, 38.0 kWh, 280 km)"
2026-05-17,102,A,Bruno Costa,2,EXD8C75|NBA1G29,"Tesla Model 3 RWD (EXD8C75, 60.0 kWh, 450 km) | Chevrolet Bolt EUV (NBA1G29, 65.0 kWh, 400 km)"
2026-05-17,201,A,Carla Mendes,1,UWR6H57,"GWM Ora 03 Skin (UWR6H57, 48.0 kWh, 310 km)"
2026-05-17,202,A,Daniel Oliveira,1,WNK4E27,"Nissan Leaf (WNK4E27, 40.0 kWh, 270 km)"
2026-05-17,301,B,Elena Souza,2,LLT4Z05|XOR1M10,"BYD Seal (LLT4Z05, 82.5 kWh, 520 km) | BYD Yuan Plus (XOR1M10, 60.5 kWh, 430 km)"
2026-05-17,302,B,Felipe Santos,1,RJU9L73,"Renault Kwid E-Tech (RJU9L73, 26.8 kWh, 185 km)"
2026-05-17,401,B,Gabriela Lima,1,GWC0V29,"Caoa Chery iCar (GWC0V29, 31.0 kWh, 250 km)"
2026-05-17,402,B,Henrique Rocha,1,IOU5F47,"JAC e-JS1 (IOU5F47, 30.2 kWh, 300 km)"
2026-05-18,101,A,Ana Silva,1,UDA4H28,"BYD Dolphin Mini (UDA4H28, 38.0 kWh, 280 km)"
2026-05-18,102,A,Bruno Costa,2,EXD8C75|NBA1G29,"Tesla Model 3 RWD (EXD8C75, 60.0 kWh, 450 km) | Chevrolet Bolt EUV (NBA1G29, 65.0 kWh, 400 km)"
2026-05-18,201,A,Carla Mendes,1,UWR6H57,"GWM Ora 03 Skin (UWR6H57, 48.0 kWh, 310 km)"
2026-05-18,202,A,Daniel Oliveira,1,WNK4E27,"Nissan Leaf (WNK4E27, 40.0 kWh, 270 km)"
2026-05-18,301,B,Elena Souza,2,LLT4Z05|XOR1M10,"BYD Seal (LLT4Z05, 82.5 kWh, 520 km) | BYD Yuan Plus (XOR1M10, 60.5 kWh, 430 km)"
2026-05-18,302,B,Felipe Santos,1,RJU9L73,"Renault Kwid E-Tech (RJU9L73, 26.8 kWh, 185 km)"
2026-05-18,401,B,Gabriela Lima,1,GWC0V29,"Caoa Chery iCar (GWC0V29, 31.0 kWh, 250 km)"
2026-05-18,402,B,Henrique Rocha,1,IOU5F47,"JAC e-JS1 (IOU5F47, 30.2 kWh, 300 km)"
2026-05-19,101,A,Ana Silva,1,UDA4H28,"BYD Dolphin Mini (UDA4H28, 38.0 kWh, 280 km)"
2026-05-19,102,A,Bruno Costa,2,EXD8C75|NBA1G29,"Tesla Model 3 RWD (EXD8C75, 60.0 kWh, 450 km) | Chevrolet Bolt EUV (NBA1G29, 65.0 kWh, 400 km)"
2026-05-19,201,A,Carla Mendes,1,UWR6H57,"GWM Ora 03 Skin (UWR6H57, 48.0 kWh, 310 km)"
2026-05-19,202,A,Daniel Oliveira,1,WNK4E27,"Nissan Leaf (WNK4E27, 40.0 kWh, 270 km)"
2026-05-19,301,B,Elena Souza,2,LLT4Z05|XOR1M10,"BYD Seal (LLT4Z05, 82.5 kWh, 520 km) | BYD Yuan Plus (XOR1M10, 60.5 kWh, 430 km)"
2026-05-19,302,B,Felipe Santos,1,RJU9L73,"Renault Kwid E-Tech (RJU9L73, 26.8 kWh, 185 km)"
2026-05-19,401,B,Gabriela Lima,1,GWC0V29,"Caoa Chery iCar (GWC0V29, 31.0 kWh, 250 km)"
2026-05-19,402,B,Henrique Rocha,1,IOU5F47,"JAC e-JS1 (IOU5F47, 30.2 kWh, 300 km)"
2026-05-20,101,A,Ana Silva,1,UDA4H28,"BYD Dolphin Mini (UDA4H28, 38.0 kWh, 280 km)"
2026-05-20,102,A,Bruno Costa,2,EXD8C75|NBA1G29,"Tesla Model 3 RWD (EXD8C75, 60.0 kWh, 450 km) | Chevrolet Bolt EUV (NBA1G29, 65.0 kWh, 400 km)"
2026-05-20,201,A,Carla Mendes,1,UWR6H57,"GWM Ora 03 Skin (UWR6H57, 48.0 kWh, 310 km)"
2026-05-20,202,A,Daniel Oliveira,1,WNK4E27,"Nissan Leaf (WNK4E27, 40.0 kWh, 270 km)"
2026-05-20,301,B,Elena Souza,2,LLT4Z05|XOR1M10,"BYD Seal (LLT4Z05, 82.5 kWh, 520 km) | BYD Yuan Plus (XOR1M10, 60.5 kWh, 430 km)"
2026-05-20,302,B,Felipe Santos,1,RJU9L73,"Renault Kwid E-Tech (RJU9L73, 26.8 kWh, 185 km)"
2026-05-20,401,B,Gabriela Lima,1,GWC0V29,"Caoa Chery iCar (GWC0V29, 31.0 kWh, 250 km)"
2026-05-20,402,B,Henrique Rocha,1,IOU5F47,"JAC e-JS1 (IOU5F47, 30.2 kWh, 300 km)"
2026-05-21,101,A,Ana Silva,1,UDA4H28,"BYD Dolphin Mini (UDA4H28, 38.0 kWh, 280 km)"
2026-05-21,102,A,Bruno Costa,2,EXD8C75|NBA1G29,"Tesla Model 3 RWD (EXD8C75, 60.0 kWh, 450 km) | Chevrolet Bolt EUV (NBA1G29, 65.0 kWh, 400 km)"
2026-05-21,201,A,Carla Mendes,1,UWR6H57,"GWM Ora 03 Skin (UWR6H57, 48.0 kWh, 310 km)"
2026-05-21,202,A,Daniel Oliveira,1,WNK4E27,"Nissan Leaf (WNK4E27, 40.0 kWh, 270 km)"
2026-05-21,301,B,Elena Souza,2,LLT4Z05|XOR1M10,"BYD Seal (LLT4Z05, 82.5 kWh, 520 km) | BYD Yuan Plus (XOR1M10, 60.5 kWh, 430 km)"
2026-05-21,302,B,Felipe Santos,1,RJU9L73,"Renault Kwid E-Tech (RJU9L73, 26.8 kWh, 185 km)"
2026-05-21,401,B,Gabriela Lima,1,GWC0V29,"Caoa Chery iCar (GWC0V29, 31.0 kWh, 250 km)"
2026-05-21,402,B,Henrique Rocha,1,IOU5F47,"JAC e-JS1 (IOU5F47, 30.2 kWh, 300 km)"
2026-05-22,101,A,Ana Silva,1,UDA4H28,"BYD Dolphin Mini (UDA4H28, 38.0 kWh, 280 km)"
2026-05-22,102,A,Bruno Costa,2,EXD8C75|NBA1G29,"Tesla Model 3 RWD (EXD8C75, 60.0 kWh, 450 km) | Chevrolet Bolt EUV (NBA1G29, 65.0 kWh, 400 km)"
2026-05-22,201,A,Carla Mendes,1,UWR6H57,"GWM Ora 03 Skin (UWR6H57, 48.0 kWh, 310 km)"
2026-05-22,202,A,Daniel Oliveira,1,WNK4E27,"Nissan Leaf (WNK4E27, 40.0 kWh, 270 km)"
2026-05-22,301,B,Elena Souza,2,LLT4Z05|XOR1M10,"BYD Seal (LLT4Z05, 82.5 kWh, 520 km) | BYD Yuan Plus (XOR1M10, 60.5 kWh, 430 km)"
2026-05-22,302,B,Felipe Santos,1,RJU9L73,"Renault Kwid E-Tech (RJU9L73, 26.8 kWh, 185 km)"
2026-05-22,401,B,Gabriela Lima,1,GWC0V29,"Caoa Chery iCar (GWC0V29, 31.0 kWh, 250 km)"
2026-05-22,402,B,Henrique Rocha,1,IOU5F47,"JAC e-JS1 (IOU5F47, 30.2 kWh, 300 km)"
2026-05-23,101,A,Ana Silva,1,UDA4H28,"BYD Dolphin Mini (UDA4H28, 38.0 kWh, 280 km)"
2026-05-23,102,A,Bruno Costa,2,EXD8C75|NBA1G29,"Tesla Model 3 RWD (EXD8C75, 60.0 kWh, 450 km) | Chevrolet Bolt EUV (NBA1G29, 65.0 kWh, 400 km)"
2026-05-23,201,A,Carla Mendes,1,UWR6H57,"GWM Ora 03 Skin (UWR6H57, 48.0 kWh, 310 km)"
2026-05-23,202,A,Daniel Oliveira,1,WNK4E27,"Nissan Leaf (WNK4E27, 40.0 kWh, 270 km)"
2026-05-23,301,B,Elena Souza,2,LLT4Z05|XOR1M10,"BYD Seal (LLT4Z05, 82.5 kWh, 520 km) | BYD Yuan Plus (XOR1M10, 60.5 kWh, 430 km)"
2026-05-23,302,B,Felipe Santos,1,RJU9L73,"Renault Kwid E-Tech (RJU9L73, 26.8 kWh, 185 km)"
2026-05-23,401,B,Gabriela Lima,1,GWC0V29,"Caoa Chery iCar (GWC0V29, 31.0 kWh, 250 km)"
2026-05-23,402,B,Henrique Rocha,1,IOU5F47,"JAC e-JS1 (IOU5F47, 30.2 kWh, 300 km)"
2026-05-24,101,A,Ana Silva,1,UDA4H28,"BYD Dolphin Mini (UDA4H28, 38.0 kWh, 280 km)"
2026-05-24,102,A,Bruno Costa,2,EXD8C75|NBA1G29,"Tesla Model 3 RWD (EXD8C75, 60.0 kWh, 450 km) | Chevrolet Bolt EUV (NBA1G29, 65.0 kWh, 400 km)"
2026-05-24,201,A,Carla Mendes,1,UWR6H57,"GWM Ora 03 Skin (UWR6H57, 48.0 kWh, 310 km)"
2026-05-24,202,A,Daniel Oliveira,1,WNK4E27,"Nissan Leaf (WNK4E27, 40.0 kWh, 270 km)"
2026-05-24,301,B,Elena Souza,2,LLT4Z05|XOR1M10,"BYD Seal (LLT4Z05, 82.5 kWh, 520 km) | BYD Yuan Plus (XOR1M10, 60.5 kWh, 430 km)"
2026-05-24,302,B,Felipe Santos,1,RJU9L73,"Renault Kwid E-Tech (RJU9L73, 26.8 kWh, 185 km)"
2026-05-24,401,B,Gabriela Lima,1,GWC0V29,"Caoa Chery iCar (GWC0V29, 31.0 kWh, 250 km)"
2026-05-24,402,B,Henrique Rocha,1,IOU5F47,"JAC e-JS1 (IOU5F47, 30.2 kWh, 300 km)"
2026-05-25,101,A,Ana Silva,1,UDA4H28,"BYD Dolphin Mini (UDA4H28, 38.0 kWh, 280 km)"
2026-05-25,102,A,Bruno Costa,2,EXD8C75|NBA1G29,"Tesla Model 3 RWD (EXD8C75, 60.0 kWh, 450 km) | Chevrolet Bolt EUV (NBA1G29, 65.0 kWh, 400 km)"
2026-05-25,201,A,Carla Mendes,1,UWR6H57,"GWM Ora 03 Skin (UWR6H57, 48.0 kWh, 310 km)"
2026-05-25,202,A,Daniel Oliveira,1,WNK4E27,"Nissan Leaf (WNK4E27, 40.0 kWh, 270 km)"
2026-05-25,301,B,Elena Souza,2,LLT4Z05|XOR1M10,"BYD Seal (LLT4Z05, 82.5 kWh, 520 km) | BYD Yuan Plus (XOR1M10, 60.5 kWh, 430 km)"
2026-05-25,302,B,Felipe Santos,1,RJU9L73,"Renault Kwid E-Tech (RJU9L73, 26.8 kWh, 185 km)"
2026-05-25,401,B,Gabriela Lima,1,GWC0V29,"Caoa Chery iCar (GWC0V29, 31.0 kWh, 250 km)"
2026-05-25,402,B,Henrique Rocha,1,IOU5F47,"JAC e-JS1 (IOU5F47, 30.2 kWh, 300 km)"
2026-05-26,101,A,Ana Silva,1,UDA4H28,"BYD Dolphin Mini (UDA4H28, 38.0 kWh, 280 km)"
2026-05-26,102,A,Bruno Costa,2,EXD8C75|NBA1G29,"Tesla Model 3 RWD (EXD8C75, 60.0 kWh, 450 km) | Chevrolet Bolt EUV (NBA1G29, 65.0 kWh, 400 km)"
2026-05-26,201,A,Carla Mendes,1,UWR6H57,"GWM Ora 03 Skin (UWR6H57, 48.0 kWh, 310 km)"
2026-05-26,202,A,Daniel Oliveira,1,WNK4E27,"Nissan Leaf (WNK4E27, 40.0 kWh, 270 km)"
2026-05-26,301,B,Elena Souza,2,LLT4Z05|XOR1M10,"BYD Seal (LLT4Z05, 82.5 kWh, 520 km) | BYD Yuan Plus (XOR1M10, 60.5 kWh, 430 km)"
2026-05-26,302,B,Felipe Santos,1,RJU9L73,"Renault Kwid E-Tech (RJU9L73, 26.8 kWh, 185 km)"
2026-05-26,401,B,Gabriela Lima,1,GWC0V29,"Caoa Chery iCar (GWC0V29, 31.0 kWh, 250 km)"
2026-05-26,402,B,Henrique Rocha,1,IOU5F47,"JAC e-JS1 (IOU5F47, 30.2 kWh, 300 km)"
2026-05-27,101,A,Ana Silva,1,UDA4H28,"BYD Dolphin Mini (UDA4H28, 38.0 kWh, 280 km)"
2026-05-27,102,A,Bruno Costa,2,EXD8C75|NBA1G29,"Tesla Model 3 RWD (EXD8C75, 60.0 kWh, 450 km) | Chevrolet Bolt EUV (NBA1G29, 65.0 kWh, 400 km)"
2026-05-27,201,A,Carla Mendes,1,UWR6H57,"GWM Ora 03 Skin (UWR6H57, 48.0 kWh, 310 km)"
2026-05-27,202,A,Daniel Oliveira,1,WNK4E27,"Nissan Leaf (WNK4E27, 40.0 kWh, 270 km)"
2026-05-27,301,B,Elena Souza,2,LLT4Z05|XOR1M10,"BYD Seal (LLT4Z05, 82.5 kWh, 520 km) | BYD Yuan Plus (XOR1M10, 60.5 kWh, 430 km)"
2026-05-27,302,B,Felipe Santos,1,RJU9L73,"Renault Kwid E-Tech (RJU9L73, 26.8 kWh, 185 km)"
2026-05-27,401,B,Gabriela Lima,1,GWC0V29,"Caoa Chery iCar (GWC0V29, 31.0 kWh, 250 km)"
2026-05-27,402,B,Henrique Rocha,1,IOU5F47,"JAC e-JS1 (IOU5F47, 30.2 kWh, 300 km)"
2026-05-28,101,A,Ana Silva,1,UDA4H28,"BYD Dolphin Mini (UDA4H28, 38.0 kWh, 280 km)"
2026-05-28,102,A,Bruno Costa,2,EXD8C75|NBA1G29,"Tesla Model 3 RWD (EXD8C75, 60.0 kWh, 450 km) | Chevrolet Bolt EUV (NBA1G29, 65.0 kWh, 400 km)"
2026-05-28,201,A,Carla Mendes,1,UWR6H57,"GWM Ora 03 Skin (UWR6H57, 48.0 kWh, 310 km)"
2026-05-28,202,A,Daniel Oliveira,1,WNK4E27,"Nissan Leaf (WNK4E27, 40.0 kWh, 270 km)"
2026-05-28,301,B,Elena Souza,2,LLT4Z05|XOR1M10,"BYD Seal (LLT4Z05, 82.5 kWh, 520 km) | BYD Yuan Plus (XOR1M10, 60.5 kWh, 430 km)"
2026-05-28,302,B,Felipe Santos,1,RJU9L73,"Renault Kwid E-Tech (RJU9L73, 26.8 kWh, 185 km)"
2026-05-28,401,B,Gabriela Lima,1,GWC0V29,"Caoa Chery iCar (GWC0V29, 31.0 kWh, 250 km)"
2026-05-28,402,B,Henrique Rocha,1,IOU5F47,"JAC e-JS1 (IOU5F47, 30.2 kWh, 300 km)"
2026-05-29,101,A,Ana Silva,1,UDA4H28,"BYD Dolphin Mini (UDA4H28, 38.0 kWh, 280 km)"
2026-05-29,102,A,Bruno Costa,2,EXD8C75|NBA1G29,"Tesla Model 3 RWD (EXD8C75, 60.0 kWh, 450 km) | Chevrolet Bolt EUV (NBA1G29, 65.0 kWh, 400 km)"
2026-05-29,201,A,Carla Mendes,1,UWR6H57,"GWM Ora 03 Skin (UWR6H57, 48.0 kWh, 310 km)"
2026-05-29,202,A,Daniel Oliveira,1,WNK4E27,"Nissan Leaf (WNK4E27, 40.0 kWh, 270 km)"
2026-05-29,301,B,Elena Souza,2,LLT4Z05|XOR1M10,"BYD Seal (LLT4Z05, 82.5 kWh, 520 km) | BYD Yuan Plus (XOR1M10, 60.5 kWh, 430 km)"
2026-05-29,302,B,Felipe Santos,1,RJU9L73,"Renault Kwid E-Tech (RJU9L73, 26.8 kWh, 185 km)"
2026-05-29,401,B,Gabriela Lima,1,GWC0V29,"Caoa Chery iCar (GWC0V29, 31.0 kWh, 250 km)"
2026-05-29,402,B,Henrique Rocha,1,IOU5F47,"JAC e-JS1 (IOU5F47, 30.2 kWh, 300 km)"
2026-05-30,101,A,Ana Silva,1,UDA4H28,"BYD Dolphin Mini (UDA4H28, 38.0 kWh, 280 km)"
2026-05-30,102,A,Bruno Costa,2,EXD8C75|NBA1G29,"Tesla Model 3 RWD (EXD8C75, 60.0 kWh, 450 km) | Chevrolet Bolt EUV (NBA1G29, 65.0 kWh, 400 km)"
2026-05-30,201,A,Carla Mendes,1,UWR6H57,"GWM Ora 03 Skin (UWR6H57, 48.0 kWh, 310 km)"
2026-05-30,202,A,Daniel Oliveira,1,WNK4E27,"Nissan Leaf (WNK4E27, 40.0 kWh, 270 km)"
2026-05-30,301,B,Elena Souza,2,LLT4Z05|XOR1M10,"BYD Seal (LLT4Z05, 82.5 kWh, 520 km) | BYD Yuan Plus (XOR1M10, 60.5 kWh, 430 km)"
2026-05-30,302,B,Felipe Santos,1,RJU9L73,"Renault Kwid E-Tech (RJU9L73, 26.8 kWh, 185 km)"
2026-05-30,401,B,Gabriela Lima,1,GWC0V29,"Caoa Chery iCar (GWC0V29, 31.0 kWh, 250 km)"
2026-05-30,402,B,Henrique Rocha,1,IOU5F47,"JAC e-JS1 (IOU5F47, 30.2 kWh, 300 km)"
2026-05-31,101,A,Ana Silva,1,UDA4H28,"BYD Dolphin Mini (UDA4H28, 38.0 kWh, 280 km)"
2026-05-31,102,A,Bruno Costa,2,EXD8C75|NBA1G29,"Tesla Model 3 RWD (EXD8C75, 60.0 kWh, 450 km) | Chevrolet Bolt EUV (NBA1G29, 65.0 kWh, 400 km)"
2026-05-31,201,A,Carla Mendes,1,UWR6H57,"GWM Ora 03 Skin (UWR6H57, 48.0 kWh, 310 km)"
2026-05-31,202,A,Daniel Oliveira,1,WNK4E27,"Nissan Leaf (WNK4E27, 40.0 kWh, 270 km)"
2026-05-31,301,B,Elena Souza,2,LLT4Z05|XOR1M10,"BYD Seal (LLT4Z05, 82.5 kWh, 520 km) | BYD Yuan Plus (XOR1M10, 60.5 kWh, 430 km)"
2026-05-31,302,B,Felipe Santos,1,RJU9L73,"Renault Kwid E-Tech (RJU9L73, 26.8 kWh, 185 km)"
2026-05-31,401,B,Gabriela Lima,1,GWC0V29,"Caoa Chery iCar (GWC0V29, 31.0 kWh, 250 km)"
2026-05-31,402,B,Henrique Rocha,1,IOU5F47,"JAC e-JS1 (IOU5F47, 30.2 kWh, 300 km)"
2026-06-01,101,A,Ana Silva,1,UDA4H28,"BYD Dolphin Mini (UDA4H28, 38.0 kWh, 280 km)"
2026-06-01,102,A,Bruno Costa,2,EXD8C75|NBA1G29,"Tesla Model 3 RWD (EXD8C75, 60.0 kWh, 450 km) | Chevrolet Bolt EUV (NBA1G29, 65.0 kWh, 400 km)"
2026-06-01,201,A,Carla Mendes,1,UWR6H57,"GWM Ora 03 Skin (UWR6H57, 48.0 kWh, 310 km)"
2026-06-01,202,A,Daniel Oliveira,1,WNK4E27,"Nissan Leaf (WNK4E27, 40.0 kWh, 270 km)"
2026-06-01,301,B,Elena Souza,2,LLT4Z05|XOR1M10,"BYD Seal (LLT4Z05, 82.5 kWh, 520 km) | BYD Yuan Plus (XOR1M10, 60.5 kWh, 430 km)"
2026-06-01,302,B,Felipe Santos,1,RJU9L73,"Renault Kwid E-Tech (RJU9L73, 26.8 kWh, 185 km)"
2026-06-01,401,B,Gabriela Lima,1,GWC0V29,"Caoa Chery iCar (GWC0V29, 31.0 kWh, 250 km)"
2026-06-01,402,B,Henrique Rocha,1,IOU5F47,"JAC e-JS1 (IOU5F47, 30.2 kWh, 300 km)"
2026-06-02,101,A,Ana Silva,1,UDA4H28,"BYD Dolphin Mini (UDA4H28, 38.0 kWh, 280 km)"
2026-06-02,102,A,Bruno Costa,2,EXD8C75|NBA1G29,"Tesla Model 3 RWD (EXD8C75, 60.0 kWh, 450 km) | Chevrolet Bolt EUV (NBA1G29, 65.0 kWh, 400 km)"
2026-06-02,201,A,Carla Mendes,1,UWR6H57,"GWM Ora 03 Skin (UWR6H57, 48.0 kWh, 310 km)"
2026-06-02,202,A,Daniel Oliveira,1,WNK4E27,"Nissan Leaf (WNK4E27, 40.0 kWh, 270 km)"
2026-06-02,301,B,Elena Souza,2,LLT4Z05|XOR1M10,"BYD Seal (LLT4Z05, 82.5 kWh, 520 km) | BYD Yuan Plus (XOR1M10, 60.5 kWh, 430 km)"
2026-06-02,302,B,Felipe Santos,1,RJU9L73,"Renault Kwid E-Tech (RJU9L73, 26.8 kWh, 185 km)"
2026-06-02,401,B,Gabriela Lima,1,GWC0V29,"Caoa Chery iCar (GWC0V29, 31.0 kWh, 250 km)"
2026-06-02,402,B,Henrique Rocha,1,IOU5F47,"JAC e-JS1 (IOU5F47, 30.2 kWh, 300 km)"
2026-06-03,101,A,Ana Silva,1,UDA4H28,"BYD Dolphin Mini (UDA4H28, 38.0 kWh, 280 km)"
2026-06-03,102,A,Bruno Costa,2,EXD8C75|NBA1G29,"Tesla Model 3 RWD (EXD8C75, 60.0 kWh, 450 km) | Chevrolet Bolt EUV (NBA1G29, 65.0 kWh, 400 km)"
2026-06-03,201,A,Carla Mendes,1,UWR6H57,"GWM Ora 03 Skin (UWR6H57, 48.0 kWh, 310 km)"
2026-06-03,202,A,Daniel Oliveira,1,WNK4E27,"Nissan Leaf (WNK4E27, 40.0 kWh, 270 km)"
2026-06-03,301,B,Elena Souza,2,LLT4Z05|XOR1M10,"BYD Seal (LLT4Z05, 82.5 kWh, 520 km) | BYD Yuan Plus (XOR1M10, 60.5 kWh, 430 km)"
2026-06-03,302,B,Felipe Santos,1,RJU9L73,"Renault Kwid E-Tech (RJU9L73, 26.8 kWh, 185 km)"
2026-06-03,401,B,Gabriela Lima,1,GWC0V29,"Caoa Chery iCar (GWC0V29, 31.0 kWh, 250 km)"
2026-06-03,402,B,Henrique Rocha,1,IOU5F47,"JAC e-JS1 (IOU5F47, 30.2 kWh, 300 km)"
2026-06-04,101,A,Ana Silva,1,UDA4H28,"BYD Dolphin Mini (UDA4H28, 38.0 kWh, 280 km)"
2026-06-04,102,A,Bruno Costa,2,EXD8C75|NBA1G29,"Tesla Model 3 RWD (EXD8C75, 60.0 kWh, 450 km) | Chevrolet Bolt EUV (NBA1G29, 65.0 kWh, 400 km)"
2026-06-04,201,A,Carla Mendes,1,UWR6H57,"GWM Ora 03 Skin (UWR6H57, 48.0 kWh, 310 km)"
2026-06-04,202,A,Daniel Oliveira,1,WNK4E27,"Nissan Leaf (WNK4E27, 40.0 kWh, 270 km)"
2026-06-04,301,B,Elena Souza,2,LLT4Z05|XOR1M10,"BYD Seal (LLT4Z05, 82.5 kWh, 520 km) | BYD Yuan Plus (XOR1M10, 60.5 kWh, 430 km)"
2026-06-04,302,B,Felipe Santos,1,RJU9L73,"Renault Kwid E-Tech (RJU9L73, 26.8 kWh, 185 km)"
2026-06-04,401,B,Gabriela Lima,1,GWC0V29,"Caoa Chery iCar (GWC0V29, 31.0 kWh, 250 km)"
2026-06-04,402,B,Henrique Rocha,1,IOU5F47,"JAC e-JS1 (IOU5F47, 30.2 kWh, 300 km)"
2026-06-05,101,A,Ana Silva,1,UDA4H28,"BYD Dolphin Mini (UDA4H28, 38.0 kWh, 280 km)"
2026-06-05,102,A,Bruno Costa,2,EXD8C75|NBA1G29,"Tesla Model 3 RWD (EXD8C75, 60.0 kWh, 450 km) | Chevrolet Bolt EUV (NBA1G29, 65.0 kWh, 400 km)"
2026-06-05,201,A,Carla Mendes,1,UWR6H57,"GWM Ora 03 Skin (UWR6H57, 48.0 kWh, 310 km)"
2026-06-05,202,A,Daniel Oliveira,1,WNK4E27,"Nissan Leaf (WNK4E27, 40.0 kWh, 270 km)"
2026-06-05,301,B,Elena Souza,2,LLT4Z05|XOR1M10,"BYD Seal (LLT4Z05, 82.5 kWh, 520 km) | BYD Yuan Plus (XOR1M10, 60.5 kWh, 430 km)"
2026-06-05,302,B,Felipe Santos,1,RJU9L73,"Renault Kwid E-Tech (RJU9L73, 26.8 kWh, 185 km)"
2026-06-05,401,B,Gabriela Lima,1,GWC0V29,"Caoa Chery iCar (GWC0V29, 31.0 kWh, 250 km)"
2026-06-05,402,B,Henrique Rocha,1,IOU5F47,"JAC e-JS1 (IOU5F47, 30.2 kWh, 300 km)"
2026-06-06,101,A,Ana Silva,1,UDA4H28,"BYD Dolphin Mini (UDA4H28, 38.0 kWh, 280 km)"
2026-06-06,102,A,Bruno Costa,2,EXD8C75|NBA1G29,"Tesla Model 3 RWD (EXD8C75, 60.0 kWh, 450 km) | Chevrolet Bolt EUV (NBA1G29, 65.0 kWh, 400 km)"
2026-06-06,201,A,Carla Mendes,1,UWR6H57,"GWM Ora 03 Skin (UWR6H57, 48.0 kWh, 310 km)"
2026-06-06,202,A,Daniel Oliveira,1,WNK4E27,"Nissan Leaf (WNK4E27, 40.0 kWh, 270 km)"
2026-06-06,301,B,Elena Souza,2,LLT4Z05|XOR1M10,"BYD Seal (LLT4Z05, 82.5 kWh, 520 km) | BYD Yuan Plus (XOR1M10, 60.5 kWh, 430 km)"
2026-06-06,302,B,Felipe Santos,1,RJU9L73,"Renault Kwid E-Tech (RJU9L73, 26.8 kWh, 185 km)"
2026-06-06,401,B,Gabriela Lima,1,GWC0V29,"Caoa Chery iCar (GWC0V29, 31.0 kWh, 250 km)"
2026-06-06,402,B,Henrique Rocha,1,IOU5F47,"JAC e-JS1 (IOU5F47, 30.2 kWh, 300 km)"
2026-06-07,101,A,Ana Silva,1,UDA4H28,"BYD Dolphin Mini (UDA4H28, 38.0 kWh, 280 km)"
2026-06-07,102,A,Bruno Costa,2,EXD8C75|NBA1G29,"Tesla Model 3 RWD (EXD8C75, 60.0 kWh, 450 km) | Chevrolet Bolt EUV (NBA1G29, 65.0 kWh, 400 km)"
2026-06-07,201,A,Carla Mendes,1,UWR6H57,"GWM Ora 03 Skin (UWR6H57, 48.0 kWh, 310 km)"
2026-06-07,202,A,Daniel Oliveira,1,WNK4E27,"Nissan Leaf (WNK4E27, 40.0 kWh, 270 km)"
2026-06-07,301,B,Elena Souza,2,LLT4Z05|XOR1M10,"BYD Seal (LLT4Z05, 82.5 kWh, 520 km) | BYD Yuan Plus (XOR1M10, 60.5 kWh, 430 km)"
2026-06-07,302,B,Felipe Santos,1,RJU9L73,"Renault Kwid E-Tech (RJU9L73, 26.8 kWh, 185 km)"
2026-06-07,401,B,Gabriela Lima,1,GWC0V29,"Caoa Chery iCar (GWC0V29, 31.0 kWh, 250 km)"
2026-06-07,402,B,Henrique Rocha,1,IOU5F47,"JAC e-JS1 (IOU5F47, 30.2 kWh, 300 km)"
2026-06-08,101,A,Ana Silva,1,UDA4H28,"BYD Dolphin Mini (UDA4H28, 38.0 kWh, 280 km)"
2026-06-08,102,A,Bruno Costa,3,EXD8C75|NBA1G29|QTA8G91,"Tesla Model 3 RWD (EXD8C75, 60.0 kWh, 450 km) | Chevrolet Bolt EUV (NBA1G29, 65.0 kWh, 400 km) | BMW iX1 (QTA8G91, 66.5 kWh, 430 km)"
2026-06-08,201,A,Carla Mendes,1,UWR6H57,"GWM Ora 03 Skin (UWR6H57, 48.0 kWh, 310 km)"
2026-06-08,202,A,Daniel Oliveira,1,WNK4E27,"Nissan Leaf (WNK4E27, 40.0 kWh, 270 km)"
2026-06-08,301,B,Elena Souza,2,LLT4Z05|XOR1M10,"BYD Seal (LLT4Z05, 82.5 kWh, 520 km) | BYD Yuan Plus (XOR1M10, 60.5 kWh, 430 km)"
2026-06-08,302,B,Felipe Santos,1,RJU9L73,"Renault Kwid E-Tech (RJU9L73, 26.8 kWh, 185 km)"
2026-06-08,401,B,Gabriela Lima,1,GWC0V29,"Caoa Chery iCar (GWC0V29, 31.0 kWh, 250 km)"
2026-06-08,402,B,Henrique Rocha,1,IOU5F47,"JAC e-JS1 (IOU5F47, 30.2 kWh, 300 km)"
2026-06-09,101,A,Ana Silva,1,UDA4H28,"BYD Dolphin Mini (UDA4H28, 38.0 kWh, 280 km)"
2026-06-09,102,A,Bruno Costa,3,EXD8C75|NBA1G29|QTA8G91,"Tesla Model 3 RWD (EXD8C75, 60.0 kWh, 450 km) | Chevrolet Bolt EUV (NBA1G29, 65.0 kWh, 400 km) | BMW iX1 (QTA8G91, 66.5 kWh, 430 km)"
2026-06-09,201,A,Carla Mendes,1,UWR6H57,"GWM Ora 03 Skin (UWR6H57, 48.0 kWh, 310 km)"
2026-06-09,202,A,Daniel Oliveira,1,WNK4E27,"Nissan Leaf (WNK4E27, 40.0 kWh, 270 km)"
2026-06-09,301,B,Elena Souza,2,LLT4Z05|XOR1M10,"BYD Seal (LLT4Z05, 82.5 kWh, 520 km) | BYD Yuan Plus (XOR1M10, 60.5 kWh, 430 km)"
2026-06-09,302,B,Felipe Santos,1,RJU9L73,"Renault Kwid E-Tech (RJU9L73, 26.8 kWh, 185 km)"
2026-06-09,401,B,Gabriela Lima,1,GWC0V29,"Caoa Chery iCar (GWC0V29, 31.0 kWh, 250 km)"
2026-06-09,402,B,Henrique Rocha,1,IOU5F47,"JAC e-JS1 (IOU5F47, 30.2 kWh, 300 km)"
2026-06-10,101,A,Ana Silva,1,UDA4H28,"BYD Dolphin Mini (UDA4H28, 38.0 kWh, 280 km)"
2026-06-10,102,A,Bruno Costa,3,EXD8C75|NBA1G29|QTA8G91,"Tesla Model 3 RWD (EXD8C75, 60.0 kWh, 450 km) | Chevrolet Bolt EUV (NBA1G29, 65.0 kWh, 400 km) | BMW iX1 (QTA8G91, 66.5 kWh, 430 km)"
2026-06-10,201,A,Carla Mendes,1,UWR6H57,"GWM Ora 03 Skin (UWR6H57, 48.0 kWh, 310 km)"
2026-06-10,202,A,Daniel Oliveira,1,WNK4E27,"Nissan Leaf (WNK4E27, 40.0 kWh, 270 km)"
2026-06-10,301,B,Elena Souza,2,LLT4Z05|XOR1M10,"BYD Seal (LLT4Z05, 82.5 kWh, 520 km) | BYD Yuan Plus (XOR1M10, 60.5 kWh, 430 km)"
2026-06-10,302,B,Felipe Santos,1,RJU9L73,"Renault Kwid E-Tech (RJU9L73, 26.8 kWh, 185 km)"
2026-06-10,401,B,Gabriela Lima,1,GWC0V29,"Caoa Chery iCar (GWC0V29, 31.0 kWh, 250 km)"
2026-06-10,402,B,Henrique Rocha,1,IOU5F47,"JAC e-JS1 (IOU5F47, 30.2 kWh, 300 km)"
2026-06-11,101,A,Ana Silva,1,UDA4H28,"BYD Dolphin Mini (UDA4H28, 38.0 kWh, 280 km)"
2026-06-11,102,A,Bruno Costa,3,EXD8C75|NBA1G29|QTA8G91,"Tesla Model 3 RWD (EXD8C75, 60.0 kWh, 450 km) | Chevrolet Bolt EUV (NBA1G29, 65.0 kWh, 400 km) | BMW iX1 (QTA8G91, 66.5 kWh, 430 km)"
2026-06-11,201,A,Carla Mendes,1,UWR6H57,"GWM Ora 03 Skin (UWR6H57, 48.0 kWh, 310 km)"
2026-06-11,202,A,Daniel Oliveira,1,WNK4E27,"Nissan Leaf (WNK4E27, 40.0 kWh, 270 km)"
2026-06-11,301,B,Elena Souza,2,LLT4Z05|XOR1M10,"BYD Seal (LLT4Z05, 82.5 kWh, 520 km) | BYD Yuan Plus (XOR1M10, 60.5 kWh, 430 km)"
2026-06-11,302,B,Felipe Santos,1,RJU9L73,"Renault Kwid E-Tech (RJU9L73, 26.8 kWh, 185 km)"
2026-06-11,401,B,Gabriela Lima,1,GWC0V29,"Caoa Chery iCar (GWC0V29, 31.0 kWh, 250 km)"
2026-06-11,402,B,Henrique Rocha,1,IOU5F47,"JAC e-JS1 (IOU5F47, 30.2 kWh, 300 km)"
2026-06-12,101,A,Ana Silva,1,UDA4H28,"BYD Dolphin Mini (UDA4H28, 38.0 kWh, 280 km)"
2026-06-12,102,A,Bruno Costa,3,EXD8C75|NBA1G29|QTA8G91,"Tesla Model 3 RWD (EXD8C75, 60.0 kWh, 450 km) | Chevrolet Bolt EUV (NBA1G29, 65.0 kWh, 400 km) | BMW iX1 (QTA8G91, 66.5 kWh, 430 km)"
2026-06-12,201,A,Carla Mendes,1,UWR6H57,"GWM Ora 03 Skin (UWR6H57, 48.0 kWh, 310 km)"
2026-06-12,202,A,Daniel Oliveira,1,WNK4E27,"Nissan Leaf (WNK4E27, 40.0 kWh, 270 km)"
2026-06-12,301,B,Elena Souza,2,LLT4Z05|XOR1M10,"BYD Seal (LLT4Z05, 82.5 kWh, 520 km) | BYD Yuan Plus (XOR1M10, 60.5 kWh, 430 km)"
2026-06-12,302,B,Felipe Santos,1,RJU9L73,"Renault Kwid E-Tech (RJU9L73, 26.8 kWh, 185 km)"
2026-06-12,401,B,Gabriela Lima,1,GWC0V29,"Caoa Chery iCar (GWC0V29, 31.0 kWh, 250 km)"
2026-06-12,402,B,Henrique Rocha,1,IOU5F47,"JAC e-JS1 (IOU5F47, 30.2 kWh, 300 km)"
2026-06-13,101,A,Ana Silva,1,UDA4H28,"BYD Dolphin Mini (UDA4H28, 38.0 kWh, 280 km)"
2026-06-13,102,A,Bruno Costa,3,EXD8C75|NBA1G29|QTA8G91,"Tesla Model 3 RWD (EXD8C75, 60.0 kWh, 450 km) | Chevrolet Bolt EUV (NBA1G29, 65.0 kWh, 400 km) | BMW iX1 (QTA8G91, 66.5 kWh, 430 km)"
2026-06-13,201,A,Carla Mendes,1,UWR6H57,"GWM Ora 03 Skin (UWR6H57, 48.0 kWh, 310 km)"
2026-06-13,202,A,Daniel Oliveira,1,WNK4E27,"Nissan Leaf (WNK4E27, 40.0 kWh, 270 km)"
2026-06-13,301,B,Elena Souza,2,LLT4Z05|XOR1M10,"BYD Seal (LLT4Z05, 82.5 kWh, 520 km) | BYD Yuan Plus (XOR1M10, 60.5 kWh, 430 km)"
2026-06-13,302,B,Felipe Santos,1,RJU9L73,"Renault Kwid E-Tech (RJU9L73, 26.8 kWh, 185 km)"
2026-06-13,401,B,Gabriela Lima,1,GWC0V29,"Caoa Chery iCar (GWC0V29, 31.0 kWh, 250 km)"
2026-06-13,402,B,Henrique Rocha,1,IOU5F47,"JAC e-JS1 (IOU5F47, 30.2 kWh, 300 km)"
2026-06-14,101,A,Ana Silva,1,UDA4H28,"BYD Dolphin Mini (UDA4H28, 38.0 kWh, 280 km)"
2026-06-14,102,A,Bruno Costa,3,EXD8C75|NBA1G29|QTA8G91,"Tesla Model 3 RWD (EXD8C75, 60.0 kWh, 450 km) | Chevrolet Bolt EUV (NBA1G29, 65.0 kWh, 400 km) | BMW iX1 (QTA8G91, 66.5 kWh, 430 km)"
2026-06-14,201,A,Carla Mendes,1,UWR6H57,"GWM Ora 03 Skin (UWR6H57, 48.0 kWh, 310 km)"
2026-06-14,202,A,Daniel Oliveira,1,WNK4E27,"Nissan Leaf (WNK4E27, 40.0 kWh, 270 km)"
2026-06-14,301,B,Elena Souza,2,LLT4Z05|XOR1M10,"BYD Seal (LLT4Z05, 82.5 kWh, 520 km) | BYD Yuan Plus (XOR1M10, 60.5 kWh, 430 km)"
2026-06-14,302,B,Felipe Santos,1,RJU9L73,"Renault Kwid E-Tech (RJU9L73, 26.8 kWh, 185 km)"
2026-06-14,401,B,Gabriela Lima,1,GWC0V29,"Caoa Chery iCar (GWC0V29, 31.0 kWh, 250 km)"
2026-06-14,402,B,Henrique Rocha,1,IOU5F47,"JAC e-JS1 (IOU5F47, 30.2 kWh, 300 km)"
2026-06-15,101,A,Ana Silva,1,UDA4H28,"BYD Dolphin Mini (UDA4H28, 38.0 kWh, 280 km)"
2026-06-15,102,A,Bruno Costa,3,EXD8C75|NBA1G29|QTA8G91,"Tesla Model 3 RWD (EXD8C75, 60.0 kWh, 450 km) | Chevrolet Bolt EUV (NBA1G29, 65.0 kWh, 400 km) | BMW iX1 (QTA8G91, 66.5 kWh, 430 km)"
2026-06-15,201,A,Carla Mendes,2,UWR6H57|SIZ0Y20,"GWM Ora 03 Skin (UWR6H57, 48.0 kWh, 310 km) | Volvo EX30 (SIZ0Y20, 51.0 kWh, 340 km)"
2026-06-15,202,A,Daniel Oliveira,1,WNK4E27,"Nissan Leaf (WNK4E27, 40.0 kWh, 270 km)"
2026-06-15,301,B,Elena Souza,2,LLT4Z05|XOR1M10,"BYD Seal (LLT4Z05, 82.5 kWh, 520 km) | BYD Yuan Plus (XOR1M10, 60.5 kWh, 430 km)"
2026-06-15,302,B,Felipe Santos,1,RJU9L73,"Renault Kwid E-Tech (RJU9L73, 26.8 kWh, 185 km)"
2026-06-15,401,B,Gabriela Lima,1,GWC0V29,"Caoa Chery iCar (GWC0V29, 31.0 kWh, 250 km)"
2026-06-15,402,B,Henrique Rocha,1,IOU5F47,"JAC e-JS1 (IOU5F47, 30.2 kWh, 300 km)"
2026-06-16,101,A,Ana Silva,1,UDA4H28,"BYD Dolphin Mini (UDA4H28, 38.0 kWh, 280 km)"
2026-06-16,102,A,Bruno Costa,3,EXD8C75|NBA1G29|QTA8G91,"Tesla Model 3 RWD (EXD8C75, 60.0 kWh, 450 km) | Chevrolet Bolt EUV (NBA1G29, 65.0 kWh, 400 km) | BMW iX1 (QTA8G91, 66.5 kWh, 430 km)"
2026-06-16,201,A,Carla Mendes,2,UWR6H57|SIZ0Y20,"GWM Ora 03 Skin (UWR6H57, 48.0 kWh, 310 km) | Volvo EX30 (SIZ0Y20, 51.0 kWh, 340 km)"
2026-06-16,202,A,Daniel Oliveira,1,WNK4E27,"Nissan Leaf (WNK4E27, 40.0 kWh, 270 km)"
2026-06-16,301,B,Elena Souza,2,LLT4Z05|XOR1M10,"BYD Seal (LLT4Z05, 82.5 kWh, 520 km) | BYD Yuan Plus (XOR1M10, 60.5 kWh, 430 km)"
2026-06-16,302,B,Felipe Santos,1,RJU9L73,"Renault Kwid E-Tech (RJU9L73, 26.8 kWh, 185 km)"
2026-06-16,401,B,Gabriela Lima,1,GWC0V29,"Caoa Chery iCar (GWC0V29, 31.0 kWh, 250 km)"
2026-06-16,402,B,Henrique Rocha,1,IOU5F47,"JAC e-JS1 (IOU5F47, 30.2 kWh, 300 km)"
2026-06-17,101,A,Ana Silva,1,UDA4H28,"BYD Dolphin Mini (UDA4H28, 38.0 kWh, 280 km)"
2026-06-17,102,A,Bruno Costa,3,EXD8C75|NBA1G29|QTA8G91,"Tesla Model 3 RWD (EXD8C75, 60.0 kWh, 450 km) | Chevrolet Bolt EUV (NBA1G29, 65.0 kWh, 400 km) | BMW iX1 (QTA8G91, 66.5 kWh, 430 km)"
2026-06-17,201,A,Carla Mendes,2,UWR6H57|SIZ0Y20,"GWM Ora 03 Skin (UWR6H57, 48.0 kWh, 310 km) | Volvo EX30 (SIZ0Y20, 51.0 kWh, 340 km)"
2026-06-17,202,A,Daniel Oliveira,1,WNK4E27,"Nissan Leaf (WNK4E27, 40.0 kWh, 270 km)"
2026-06-17,301,B,Elena Souza,2,LLT4Z05|XOR1M10,"BYD Seal (LLT4Z05, 82.5 kWh, 520 km) | BYD Yuan Plus (XOR1M10, 60.5 kWh, 430 km)"
2026-06-17,302,B,Felipe Santos,1,RJU9L73,"Renault Kwid E-Tech (RJU9L73, 26.8 kWh, 185 km)"
2026-06-17,401,B,Gabriela Lima,1,GWC0V29,"Caoa Chery iCar (GWC0V29, 31.0 kWh, 250 km)"
2026-06-17,402,B,Henrique Rocha,1,IOU5F47,"JAC e-JS1 (IOU5F47, 30.2 kWh, 300 km)"
2026-06-18,101,A,Ana Silva,1,UDA4H28,"BYD Dolphin Mini (UDA4H28, 38.0 kWh, 280 km)"
2026-06-18,102,A,Bruno Costa,3,EXD8C75|NBA1G29|QTA8G91,"Tesla Model 3 RWD (EXD8C75, 60.0 kWh, 450 km) | Chevrolet Bolt EUV (NBA1G29, 65.0 kWh, 400 km) | BMW iX1 (QTA8G91, 66.5 kWh, 430 km)"
2026-06-18,201,A,Carla Mendes,2,UWR6H57|SIZ0Y20,"GWM Ora 03 Skin (UWR6H57, 48.0 kWh, 310 km) | Volvo EX30 (SIZ0Y20, 51.0 kWh, 340 km)"
2026-06-18,202,A,Daniel Oliveira,1,WNK4E27,"Nissan Leaf (WNK4E27, 40.0 kWh, 270 km)"
2026-06-18,301,B,Elena Souza,2,LLT4Z05|XOR1M10,"BYD Seal (LLT4Z05, 82.5 kWh, 520 km) | BYD Yuan Plus (XOR1M10, 60.5 kWh, 430 km)"
2026-06-18,302,B,Felipe Santos,1,RJU9L73,"Renault Kwid E-Tech (RJU9L73, 26.8 kWh, 185 km)"
2026-06-18,401,B,Gabriela Lima,1,GWC0V29,"Caoa Chery iCar (GWC0V29, 31.0 kWh, 250 km)"
2026-06-18,402,B,Henrique Rocha,1,IOU5F47,"JAC e-JS1 (IOU5F47, 30.2 kWh, 300 km)"
2026-06-19,101,A,Ana Silva,1,UDA4H28,"BYD Dolphin Mini (UDA4H28, 38.0 kWh, 280 km)"
2026-06-19,102,A,Bruno Costa,3,EXD8C75|NBA1G29|QTA8G91,"Tesla Model 3 RWD (EXD8C75, 60.0 kWh, 450 km) | Chevrolet Bolt EUV (NBA1G29, 65.0 kWh, 400 km) | BMW iX1 (QTA8G91, 66.5 kWh, 430 km)"
2026-06-19,201,A,Carla Mendes,2,UWR6H57|SIZ0Y20,"GWM Ora 03 Skin (UWR6H57, 48.0 kWh, 310 km) | Volvo EX30 (SIZ0Y20, 51.0 kWh, 340 km)"
2026-06-19,202,A,Daniel Oliveira,1,WNK4E27,"Nissan Leaf (WNK4E27, 40.0 kWh, 270 km)"
2026-06-19,301,B,Elena Souza,2,LLT4Z05|XOR1M10,"BYD Seal (LLT4Z05, 82.5 kWh, 520 km) | BYD Yuan Plus (XOR1M10, 60.5 kWh, 430 km)"
2026-06-19,302,B,Felipe Santos,1,RJU9L73,"Renault Kwid E-Tech (RJU9L73, 26.8 kWh, 185 km)"
2026-06-19,401,B,Gabriela Lima,1,GWC0V29,"Caoa Chery iCar (GWC0V29, 31.0 kWh, 250 km)"
2026-06-19,402,B,Henrique Rocha,1,IOU5F47,"JAC e-JS1 (IOU5F47, 30.2 kWh, 300 km)"
2026-06-20,101,A,Ana Silva,1,UDA4H28,"BYD Dolphin Mini (UDA4H28, 38.0 kWh, 280 km)"
2026-06-20,102,A,Bruno Costa,3,EXD8C75|NBA1G29|QTA8G91,"Tesla Model 3 RWD (EXD8C75, 60.0 kWh, 450 km) | Chevrolet Bolt EUV (NBA1G29, 65.0 kWh, 400 km) | BMW iX1 (QTA8G91, 66.5 kWh, 430 km)"
2026-06-20,201,A,Carla Mendes,2,UWR6H57|SIZ0Y20,"GWM Ora 03 Skin (UWR6H57, 48.0 kWh, 310 km) | Volvo EX30 (SIZ0Y20, 51.0 kWh, 340 km)"
2026-06-20,202,A,Daniel Oliveira,1,WNK4E27,"Nissan Leaf (WNK4E27, 40.0 kWh, 270 km)"
2026-06-20,301,B,Elena Souza,2,LLT4Z05|XOR1M10,"BYD Seal (LLT4Z05, 82.5 kWh, 520 km) | BYD Yuan Plus (XOR1M10, 60.5 kWh, 430 km)"
2026-06-20,302,B,Felipe Santos,1,RJU9L73,"Renault Kwid E-Tech (RJU9L73, 26.8 kWh, 185 km)"
2026-06-20,401,B,Gabriela Lima,1,GWC0V29,"Caoa Chery iCar (GWC0V29, 31.0 kWh, 250 km)"
2026-06-20,402,B,Henrique Rocha,1,IOU5F47,"JAC e-JS1 (IOU5F47, 30.2 kWh, 300 km)"
2026-06-21,101,A,Ana Silva,1,UDA4H28,"BYD Dolphin Mini (UDA4H28, 38.0 kWh, 280 km)"
2026-06-21,102,A,Bruno Costa,3,EXD8C75|NBA1G29|QTA8G91,"Tesla Model 3 RWD (EXD8C75, 60.0 kWh, 450 km) | Chevrolet Bolt EUV (NBA1G29, 65.0 kWh, 400 km) | BMW iX1 (QTA8G91, 66.5 kWh, 430 km)"
2026-06-21,201,A,Carla Mendes,2,UWR6H57|SIZ0Y20,"GWM Ora 03 Skin (UWR6H57, 48.0 kWh, 310 km) | Volvo EX30 (SIZ0Y20, 51.0 kWh, 340 km)"
2026-06-21,202,A,Daniel Oliveira,1,WNK4E27,"Nissan Leaf (WNK4E27, 40.0 kWh, 270 km)"
2026-06-21,301,B,Elena Souza,2,LLT4Z05|XOR1M10,"BYD Seal (LLT4Z05, 82.5 kWh, 520 km) | BYD Yuan Plus (XOR1M10, 60.5 kWh, 430 km)"
2026-06-21,302,B,Felipe Santos,1,RJU9L73,"Renault Kwid E-Tech (RJU9L73, 26.8 kWh, 185 km)"
2026-06-21,401,B,Gabriela Lima,1,GWC0V29,"Caoa Chery iCar (GWC0V29, 31.0 kWh, 250 km)"
2026-06-21,402,B,Henrique Rocha,1,IOU5F47,"JAC e-JS1 (IOU5F47, 30.2 kWh, 300 km)"
2026-06-22,101,A,Ana Silva,1,UDA4H28,"BYD Dolphin Mini (UDA4H28, 38.0 kWh, 280 km)"
2026-06-22,102,A,Bruno Costa,3,EXD8C75|NBA1G29|QTA8G91,"Tesla Model 3 RWD (EXD8C75, 60.0 kWh, 450 km) | Chevrolet Bolt EUV (NBA1G29, 65.0 kWh, 400 km) | BMW iX1 (QTA8G91, 66.5 kWh, 430 km)"
2026-06-22,201,A,Carla Mendes,2,UWR6H57|SIZ0Y20,"GWM Ora 03 Skin (UWR6H57, 48.0 kWh, 310 km) | Volvo EX30 (SIZ0Y20, 51.0 kWh, 340 km)"
2026-06-22,202,A,Daniel Oliveira,1,WNK4E27,"Nissan Leaf (WNK4E27, 40.0 kWh, 270 km)"
2026-06-22,301,B,Elena Souza,2,LLT4Z05|XOR1M10,"BYD Seal (LLT4Z05, 82.5 kWh, 520 km) | BYD Yuan Plus (XOR1M10, 60.5 kWh, 430 km)"
2026-06-22,302,B,Felipe Santos,1,RJU9L73,"Renault Kwid E-Tech (RJU9L73, 26.8 kWh, 185 km)"
2026-06-22,401,B,Gabriela Lima,1,GWC0V29,"Caoa Chery iCar (GWC0V29, 31.0 kWh, 250 km)"
2026-06-22,402,B,Henrique Rocha,1,IOU5F47,"JAC e-JS1 (IOU5F47, 30.2 kWh, 300 km)"
2026-06-23,101,A,Ana Silva,1,UDA4H28,"BYD Dolphin Mini (UDA4H28, 38.0 kWh, 280 km)"
2026-06-23,102,A,Bruno Costa,3,EXD8C75|NBA1G29|QTA8G91,"Tesla Model 3 RWD (EXD8C75, 60.0 kWh, 450 km) | Chevrolet Bolt EUV (NBA1G29, 65.0 kWh, 400 km) | BMW iX1 (QTA8G91, 66.5 kWh, 430 km)"
2026-06-23,201,A,Carla Mendes,2,UWR6H57|SIZ0Y20,"GWM Ora 03 Skin (UWR6H57, 48.0 kWh, 310 km) | Volvo EX30 (SIZ0Y20, 51.0 kWh, 340 km)"
2026-06-23,202,A,Daniel Oliveira,1,WNK4E27,"Nissan Leaf (WNK4E27, 40.0 kWh, 270 km)"
2026-06-23,301,B,Elena Souza,2,LLT4Z05|XOR1M10,"BYD Seal (LLT4Z05, 82.5 kWh, 520 km) | BYD Yuan Plus (XOR1M10, 60.5 kWh, 430 km)"
2026-06-23,302,B,Felipe Santos,1,RJU9L73,"Renault Kwid E-Tech (RJU9L73, 26.8 kWh, 185 km)"
2026-06-23,401,B,Gabriela Lima,1,GWC0V29,"Caoa Chery iCar (GWC0V29, 31.0 kWh, 250 km)"
2026-06-23,402,B,Henrique Rocha,1,IOU5F47,"JAC e-JS1 (IOU5F47, 30.2 kWh, 300 km)"
2026-06-24,101,A,Ana Silva,1,UDA4H28,"BYD Dolphin Mini (UDA4H28, 38.0 kWh, 280 km)"
2026-06-24,102,A,Bruno Costa,3,EXD8C75|NBA1G29|QTA8G91,"Tesla Model 3 RWD (EXD8C75, 60.0 kWh, 450 km) | Chevrolet Bolt EUV (NBA1G29, 65.0 kWh, 400 km) | BMW iX1 (QTA8G91, 66.5 kWh, 430 km)"
2026-06-24,201,A,Carla Mendes,2,UWR6H57|SIZ0Y20,"GWM Ora 03 Skin (UWR6H57, 48.0 kWh, 310 km) | Volvo EX30 (SIZ0Y20, 51.0 kWh, 340 km)"
2026-06-24,202,A,Daniel Oliveira,1,WNK4E27,"Nissan Leaf (WNK4E27, 40.0 kWh, 270 km)"
2026-06-24,301,B,Elena Souza,2,LLT4Z05|XOR1M10,"BYD Seal (LLT4Z05, 82.5 kWh, 520 km) | BYD Yuan Plus (XOR1M10, 60.5 kWh, 430 km)"
2026-06-24,302,B,Felipe Santos,1,RJU9L73,"Renault Kwid E-Tech (RJU9L73, 26.8 kWh, 185 km)"
2026-06-24,401,B,Gabriela Lima,1,GWC0V29,"Caoa Chery iCar (GWC0V29, 31.0 kWh, 250 km)"
2026-06-24,402,B,Henrique Rocha,1,IOU5F47,"JAC e-JS1 (IOU5F47, 30.2 kWh, 300 km)"
2026-06-25,101,A,Ana Silva,1,UDA4H28,"BYD Dolphin Mini (UDA4H28, 38.0 kWh, 280 km)"
2026-06-25,102,A,Bruno Costa,3,EXD8C75|NBA1G29|QTA8G91,"Tesla Model 3 RWD (EXD8C75, 60.0 kWh, 450 km) | Chevrolet Bolt EUV (NBA1G29, 65.0 kWh, 400 km) | BMW iX1 (QTA8G91, 66.5 kWh, 430 km)"
2026-06-25,201,A,Carla Mendes,2,UWR6H57|SIZ0Y20,"GWM Ora 03 Skin (UWR6H57, 48.0 kWh, 310 km) | Volvo EX30 (SIZ0Y20, 51.0 kWh, 340 km)"
2026-06-25,202,A,Daniel Oliveira,1,WNK4E27,"Nissan Leaf (WNK4E27, 40.0 kWh, 270 km)"
2026-06-25,301,B,Elena Souza,2,LLT4Z05|XOR1M10,"BYD Seal (LLT4Z05, 82.5 kWh, 520 km) | BYD Yuan Plus (XOR1M10, 60.5 kWh, 430 km)"
2026-06-25,302,B,Felipe Santos,1,RJU9L73,"Renault Kwid E-Tech (RJU9L73, 26.8 kWh, 185 km)"
2026-06-25,401,B,Gabriela Lima,1,GWC0V29,"Caoa Chery iCar (GWC0V29, 31.0 kWh, 250 km)"
2026-06-25,402,B,Henrique Rocha,1,IOU5F47,"JAC e-JS1 (IOU5F47, 30.2 kWh, 300 km)"
2026-06-26,101,A,Ana Silva,1,UDA4H28,"BYD Dolphin Mini (UDA4H28, 38.0 kWh, 280 km)"
2026-06-26,102,A,Bruno Costa,3,EXD8C75|NBA1G29|QTA8G91,"Tesla Model 3 RWD (EXD8C75, 60.0 kWh, 450 km) | Chevrolet Bolt EUV (NBA1G29, 65.0 kWh, 400 km) | BMW iX1 (QTA8G91, 66.5 kWh, 430 km)"
2026-06-26,201,A,Carla Mendes,2,UWR6H57|SIZ0Y20,"GWM Ora 03 Skin (UWR6H57, 48.0 kWh, 310 km) | Volvo EX30 (SIZ0Y20, 51.0 kWh, 340 km)"
2026-06-26,202,A,Daniel Oliveira,1,WNK4E27,"Nissan Leaf (WNK4E27, 40.0 kWh, 270 km)"
2026-06-26,301,B,Elena Souza,2,LLT4Z05|XOR1M10,"BYD Seal (LLT4Z05, 82.5 kWh, 520 km) | BYD Yuan Plus (XOR1M10, 60.5 kWh, 430 km)"
2026-06-26,302,B,Felipe Santos,1,RJU9L73,"Renault Kwid E-Tech (RJU9L73, 26.8 kWh, 185 km)"
2026-06-26,401,B,Gabriela Lima,1,GWC0V29,"Caoa Chery iCar (GWC0V29, 31.0 kWh, 250 km)"
2026-06-26,402,B,Henrique Rocha,1,IOU5F47,"JAC e-JS1 (IOU5F47, 30.2 kWh, 300 km)"
2026-06-27,101,A,Ana Silva,1,UDA4H28,"BYD Dolphin Mini (UDA4H28, 38.0 kWh, 280 km)"
2026-06-27,102,A,Bruno Costa,3,EXD8C75|NBA1G29|QTA8G91,"Tesla Model 3 RWD (EXD8C75, 60.0 kWh, 450 km) | Chevrolet Bolt EUV (NBA1G29, 65.0 kWh, 400 km) | BMW iX1 (QTA8G91, 66.5 kWh, 430 km)"
2026-06-27,201,A,Carla Mendes,2,UWR6H57|SIZ0Y20,"GWM Ora 03 Skin (UWR6H57, 48.0 kWh, 310 km) | Volvo EX30 (SIZ0Y20, 51.0 kWh, 340 km)"
2026-06-27,202,A,Daniel Oliveira,1,WNK4E27,"Nissan Leaf (WNK4E27, 40.0 kWh, 270 km)"
2026-06-27,301,B,Elena Souza,2,LLT4Z05|XOR1M10,"BYD Seal (LLT4Z05, 82.5 kWh, 520 km) | BYD Yuan Plus (XOR1M10, 60.5 kWh, 430 km)"
2026-06-27,302,B,Felipe Santos,1,RJU9L73,"Renault Kwid E-Tech (RJU9L73, 26.8 kWh, 185 km)"
2026-06-27,401,B,Gabriela Lima,1,GWC0V29,"Caoa Chery iCar (GWC0V29, 31.0 kWh, 250 km)"
2026-06-27,402,B,Henrique Rocha,1,IOU5F47,"JAC e-JS1 (IOU5F47, 30.2 kWh, 300 km)"
2026-06-28,101,A,Ana Silva,1,UDA4H28,"BYD Dolphin Mini (UDA4H28, 38.0 kWh, 280 km)"
2026-06-28,102,A,Bruno Costa,3,EXD8C75|NBA1G29|QTA8G91,"Tesla Model 3 RWD (EXD8C75, 60.0 kWh, 450 km) | Chevrolet Bolt EUV (NBA1G29, 65.0 kWh, 400 km) | BMW iX1 (QTA8G91, 66.5 kWh, 430 km)"
2026-06-28,201,A,Carla Mendes,2,UWR6H57|SIZ0Y20,"GWM Ora 03 Skin (UWR6H57, 48.0 kWh, 310 km) | Volvo EX30 (SIZ0Y20, 51.0 kWh, 340 km)"
2026-06-28,202,A,Daniel Oliveira,1,WNK4E27,"Nissan Leaf (WNK4E27, 40.0 kWh, 270 km)"
2026-06-28,301,B,Elena Souza,2,LLT4Z05|XOR1M10,"BYD Seal (LLT4Z05, 82.5 kWh, 520 km) | BYD Yuan Plus (XOR1M10, 60.5 kWh, 430 km)"
2026-06-28,302,B,Felipe Santos,1,RJU9L73,"Renault Kwid E-Tech (RJU9L73, 26.8 kWh, 185 km)"
2026-06-28,401,B,Gabriela Lima,1,GWC0V29,"Caoa Chery iCar (GWC0V29, 31.0 kWh, 250 km)"
2026-06-28,402,B,Henrique Rocha,1,IOU5F47,"JAC e-JS1 (IOU5F47, 30.2 kWh, 300 km)"
2026-06-29,101,A,Ana Silva,1,UDA4H28,"BYD Dolphin Mini (UDA4H28, 38.0 kWh, 280 km)"
2026-06-29,102,A,Bruno Costa,3,EXD8C75|NBA1G29|QTA8G91,"Tesla Model 3 RWD (EXD8C75, 60.0 kWh, 450 km) | Chevrolet Bolt EUV (NBA1G29, 65.0 kWh, 400 km) | BMW iX1 (QTA8G91, 66.5 kWh, 430 km)"
2026-06-29,201,A,Carla Mendes,2,UWR6H57|SIZ0Y20,"GWM Ora 03 Skin (UWR6H57, 48.0 kWh, 310 km) | Volvo EX30 (SIZ0Y20, 51.0 kWh, 340 km)"
2026-06-29,202,A,Daniel Oliveira,1,WNK4E27,"Nissan Leaf (WNK4E27, 40.0 kWh, 270 km)"
2026-06-29,301,B,Elena Souza,2,LLT4Z05|XOR1M10,"BYD Seal (LLT4Z05, 82.5 kWh, 520 km) | BYD Yuan Plus (XOR1M10, 60.5 kWh, 430 km)"
2026-06-29,302,B,Felipe Santos,1,RJU9L73,"Renault Kwid E-Tech (RJU9L73, 26.8 kWh, 185 km)"
2026-06-29,401,B,Gabriela Lima,1,GWC0V29,"Caoa Chery iCar (GWC0V29, 31.0 kWh, 250 km)"
2026-06-29,402,B,Henrique Rocha,1,IOU5F47,"JAC e-JS1 (IOU5F47, 30.2 kWh, 300 km)"
2026-06-30,101,A,Ana Silva,1,UDA4H28,"BYD Dolphin Mini (UDA4H28, 38.0 kWh, 280 km)"
2026-06-30,102,A,Bruno Costa,3,EXD8C75|NBA1G29|QTA8G91,"Tesla Model 3 RWD (EXD8C75, 60.0 kWh, 450 km) | Chevrolet Bolt EUV (NBA1G29, 65.0 kWh, 400 km) | BMW iX1 (QTA8G91, 66.5 kWh, 430 km)"
2026-06-30,201,A,Carla Mendes,2,UWR6H57|SIZ0Y20,"GWM Ora 03 Skin (UWR6H57, 48.0 kWh, 310 km) | Volvo EX30 (SIZ0Y20, 51.0 kWh, 340 km)"
2026-06-30,202,A,Daniel Oliveira,1,WNK4E27,"Nissan Leaf (WNK4E27, 40.0 kWh, 270 km)"
2026-06-30,301,B,Elena Souza,2,LLT4Z05|XOR1M10,"BYD Seal (LLT4Z05, 82.5 kWh, 520 km) | BYD Yuan Plus (XOR1M10, 60.5 kWh, 430 km)"
2026-06-30,302,B,Felipe Santos,1,RJU9L73,"Renault Kwid E-Tech (RJU9L73, 26.8 kWh, 185 km)"
2026-06-30,401,B,Gabriela Lima,1,GWC0V29,"Caoa Chery iCar (GWC0V29, 31.0 kWh, 250 km)"
2026-06-30,402,B,Henrique Rocha,1,IOU5F47,"JAC e-JS1 (IOU5F47, 30.2 kWh, 300 km)"
2026-07-01,101,A,Ana Silva,1,UDA4H28,"BYD Dolphin Mini (UDA4H28, 38.0 kWh, 280 km)"
2026-07-01,102,A,Bruno Costa,3,EXD8C75|NBA1G29|QTA8G91,"Tesla Model 3 RWD (EXD8C75, 60.0 kWh, 450 km) | Chevrolet Bolt EUV (NBA1G29, 65.0 kWh, 400 km) | BMW iX1 (QTA8G91, 66.5 kWh, 430 km)"
2026-07-01,201,A,Carla Mendes,2,UWR6H57|SIZ0Y20,"GWM Ora 03 Skin (UWR6H57, 48.0 kWh, 310 km) | Volvo EX30 (SIZ0Y20, 51.0 kWh, 340 km)"
2026-07-01,202,A,Daniel Oliveira,1,WNK4E27,"Nissan Leaf (WNK4E27, 40.0 kWh, 270 km)"
2026-07-01,301,B,Elena Souza,2,LLT4Z05|XOR1M10,"BYD Seal (LLT4Z05, 82.5 kWh, 520 km) | BYD Yuan Plus (XOR1M10, 60.5 kWh, 430 km)"
2026-07-01,302,B,Felipe Santos,1,RJU9L73,"Renault Kwid E-Tech (RJU9L73, 26.8 kWh, 185 km)"
2026-07-01,401,B,Gabriela Lima,1,GWC0V29,"Caoa Chery iCar (GWC0V29, 31.0 kWh, 250 km)"
2026-07-01,402,B,Henrique Rocha,1,IOU5F47,"JAC e-JS1 (IOU5F47, 30.2 kWh, 300 km)"
2026-07-02,101,A,Ana Silva,1,UDA4H28,"BYD Dolphin Mini (UDA4H28, 38.0 kWh, 280 km)"
2026-07-02,102,A,Bruno Costa,3,EXD8C75|NBA1G29|QTA8G91,"Tesla Model 3 RWD (EXD8C75, 60.0 kWh, 450 km) | Chevrolet Bolt EUV (NBA1G29, 65.0 kWh, 400 km) | BMW iX1 (QTA8G91, 66.5 kWh, 430 km)"
2026-07-02,201,A,Carla Mendes,2,UWR6H57|SIZ0Y20,"GWM Ora 03 Skin (UWR6H57, 48.0 kWh, 310 km) | Volvo EX30 (SIZ0Y20, 51.0 kWh, 340 km)"
2026-07-02,202,A,Daniel Oliveira,1,WNK4E27,"Nissan Leaf (WNK4E27, 40.0 kWh, 270 km)"
2026-07-02,301,B,Elena Souza,2,LLT4Z05|XOR1M10,"BYD Seal (LLT4Z05, 82.5 kWh, 520 km) | BYD Yuan Plus (XOR1M10, 60.5 kWh, 430 km)"
2026-07-02,302,B,Felipe Santos,1,RJU9L73,"Renault Kwid E-Tech (RJU9L73, 26.8 kWh, 185 km)"
2026-07-02,401,B,Gabriela Lima,1,GWC0V29,"Caoa Chery iCar (GWC0V29, 31.0 kWh, 250 km)"
2026-07-02,402,B,Henrique Rocha,1,IOU5F47,"JAC e-JS1 (IOU5F47, 30.2 kWh, 300 km)"
2026-07-03,101,A,Ana Silva,1,UDA4H28,"BYD Dolphin Mini (UDA4H28, 38.0 kWh, 280 km)"
2026-07-03,102,A,Bruno Costa,3,EXD8C75|NBA1G29|QTA8G91,"Tesla Model 3 RWD (EXD8C75, 60.0 kWh, 450 km) | Chevrolet Bolt EUV (NBA1G29, 65.0 kWh, 400 km) | BMW iX1 (QTA8G91, 66.5 kWh, 430 km)"
2026-07-03,201,A,Carla Mendes,2,UWR6H57|SIZ0Y20,"GWM Ora 03 Skin (UWR6H57, 48.0 kWh, 310 km) | Volvo EX30 (SIZ0Y20, 51.0 kWh, 340 km)"
2026-07-03,202,A,Daniel Oliveira,1,WNK4E27,"Nissan Leaf (WNK4E27, 40.0 kWh, 270 km)"
2026-07-03,301,B,Elena Souza,2,LLT4Z05|XOR1M10,"BYD Seal (LLT4Z05, 82.5 kWh, 520 km) | BYD Yuan Plus (XOR1M10, 60.5 kWh, 430 km)"
2026-07-03,302,B,Felipe Santos,1,RJU9L73,"Renault Kwid E-Tech (RJU9L73, 26.8 kWh, 185 km)"
2026-07-03,401,B,Gabriela Lima,1,GWC0V29,"Caoa Chery iCar (GWC0V29, 31.0 kWh, 250 km)"
2026-07-03,402,B,Henrique Rocha,1,IOU5F47,"JAC e-JS1 (IOU5F47, 30.2 kWh, 300 km)"
2026-07-04,101,A,Ana Silva,1,UDA4H28,"BYD Dolphin Mini (UDA4H28, 38.0 kWh, 280 km)"
2026-07-04,102,A,Bruno Costa,3,EXD8C75|NBA1G29|QTA8G91,"Tesla Model 3 RWD (EXD8C75, 60.0 kWh, 450 km) | Chevrolet Bolt EUV (NBA1G29, 65.0 kWh, 400 km) | BMW iX1 (QTA8G91, 66.5 kWh, 430 km)"
2026-07-04,201,A,Carla Mendes,2,UWR6H57|SIZ0Y20,"GWM Ora 03 Skin (UWR6H57, 48.0 kWh, 310 km) | Volvo EX30 (SIZ0Y20, 51.0 kWh, 340 km)"
2026-07-04,202,A,Daniel Oliveira,1,WNK4E27,"Nissan Leaf (WNK4E27, 40.0 kWh, 270 km)"
2026-07-04,301,B,Elena Souza,2,LLT4Z05|XOR1M10,"BYD Seal (LLT4Z05, 82.5 kWh, 520 km) | BYD Yuan Plus (XOR1M10, 60.5 kWh, 430 km)"
2026-07-04,302,B,Felipe Santos,1,RJU9L73,"Renault Kwid E-Tech (RJU9L73, 26.8 kWh, 185 km)"
2026-07-04,401,B,Gabriela Lima,1,GWC0V29,"Caoa Chery iCar (GWC0V29, 31.0 kWh, 250 km)"
2026-07-04,402,B,Henrique Rocha,1,IOU5F47,"JAC e-JS1 (IOU5F47, 30.2 kWh, 300 km)"
2026-07-05,101,A,Ana Silva,1,UDA4H28,"BYD Dolphin Mini (UDA4H28, 38.0 kWh, 280 km)"
2026-07-05,102,A,Bruno Costa,3,EXD8C75|NBA1G29|QTA8G91,"Tesla Model 3 RWD (EXD8C75, 60.0 kWh, 450 km) | Chevrolet Bolt EUV (NBA1G29, 65.0 kWh, 400 km) | BMW iX1 (QTA8G91, 66.5 kWh, 430 km)"
2026-07-05,201,A,Carla Mendes,2,UWR6H57|SIZ0Y20,"GWM Ora 03 Skin (UWR6H57, 48.0 kWh, 310 km) | Volvo EX30 (SIZ0Y20, 51.0 kWh, 340 km)"
2026-07-05,202,A,Daniel Oliveira,1,WNK4E27,"Nissan Leaf (WNK4E27, 40.0 kWh, 270 km)"
2026-07-05,301,B,Elena Souza,2,LLT4Z05|XOR1M10,"BYD Seal (LLT4Z05, 82.5 kWh, 520 km) | BYD Yuan Plus (XOR1M10, 60.5 kWh, 430 km)"
2026-07-05,302,B,Felipe Santos,1,RJU9L73,"Renault Kwid E-Tech (RJU9L73, 26.8 kWh, 185 km)"
2026-07-05,401,B,Gabriela Lima,1,GWC0V29,"Caoa Chery iCar (GWC0V29, 31.0 kWh, 250 km)"
2026-07-05,402,B,Henrique Rocha,1,IOU5F47,"JAC e-JS1 (IOU5F47, 30.2 kWh, 300 km)"
2026-07-06,101,A,Ana Silva,1,UDA4H28,"BYD Dolphin Mini (UDA4H28, 38.0 kWh, 280 km)"
2026-07-06,102,A,Bruno Costa,3,EXD8C75|NBA1G29|QTA8G91,"Tesla Model 3 RWD (EXD8C75, 60.0 kWh, 450 km) | Chevrolet Bolt EUV (NBA1G29, 65.0 kWh, 400 km) | BMW iX1 (QTA8G91, 66.5 kWh, 430 km)"
2026-07-06,201,A,Carla Mendes,2,UWR6H57|SIZ0Y20,"GWM Ora 03 Skin (UWR6H57, 48.0 kWh, 310 km) | Volvo EX30 (SIZ0Y20, 51.0 kWh, 340 km)"
2026-07-06,202,A,Daniel Oliveira,1,WNK4E27,"Nissan Leaf (WNK4E27, 40.0 kWh, 270 km)"
2026-07-06,301,B,Elena Souza,2,LLT4Z05|XOR1M10,"BYD Seal (LLT4Z05, 82.5 kWh, 520 km) | BYD Yuan Plus (XOR1M10, 60.5 kWh, 430 km)"
2026-07-06,302,B,Felipe Santos,1,RJU9L73,"Renault Kwid E-Tech (RJU9L73, 26.8 kWh, 185 km)"
2026-07-06,401,B,Gabriela Lima,1,GWC0V29,"Caoa Chery iCar (GWC0V29, 31.0 kWh, 250 km)"
2026-07-06,402,B,Henrique Rocha,1,IOU5F47,"JAC e-JS1 (IOU5F47, 30.2 kWh, 300 km)"
2026-07-07,101,A,Ana Silva,1,UDA4H28,"BYD Dolphin Mini (UDA4H28, 38.0 kWh, 280 km)"
2026-07-07,102,A,Bruno Costa,3,EXD8C75|NBA1G29|QTA8G91,"Tesla Model 3 RWD (EXD8C75, 60.0 kWh, 450 km) | Chevrolet Bolt EUV (NBA1G29, 65.0 kWh, 400 km) | BMW iX1 (QTA8G91, 66.5 kWh, 430 km)"
2026-07-07,201,A,Carla Mendes,2,UWR6H57|SIZ0Y20,"GWM Ora 03 Skin (UWR6H57, 48.0 kWh, 310 km) | Volvo EX30 (SIZ0Y20, 51.0 kWh, 340 km)"
2026-07-07,202,A,Daniel Oliveira,1,WNK4E27,"Nissan Leaf (WNK4E27, 40.0 kWh, 270 km)"
2026-07-07,301,B,Elena Souza,2,LLT4Z05|XOR1M10,"BYD Seal (LLT4Z05, 82.5 kWh, 520 km) | BYD Yuan Plus (XOR1M10, 60.5 kWh, 430 km)"
2026-07-07,302,B,Felipe Santos,1,RJU9L73,"Renault Kwid E-Tech (RJU9L73, 26.8 kWh, 185 km)"
2026-07-07,401,B,Gabriela Lima,1,GWC0V29,"Caoa Chery iCar (GWC0V29, 31.0 kWh, 250 km)"
2026-07-07,402,B,Henrique Rocha,1,IOU5F47,"JAC e-JS1 (IOU5F47, 30.2 kWh, 300 km)"
2026-07-08,101,A,Ana Silva,1,UDA4H28,"BYD Dolphin Mini (UDA4H28, 38.0 kWh, 280 km)"
2026-07-08,102,A,Bruno Costa,3,EXD8C75|NBA1G29|QTA8G91,"Tesla Model 3 RWD (EXD8C75, 60.0 kWh, 450 km) | Chevrolet Bolt EUV (NBA1G29, 65.0 kWh, 400 km) | BMW iX1 (QTA8G91, 66.5 kWh, 430 km)"
2026-07-08,201,A,Carla Mendes,2,UWR6H57|SIZ0Y20,"GWM Ora 03 Skin (UWR6H57, 48.0 kWh, 310 km) | Volvo EX30 (SIZ0Y20, 51.0 kWh, 340 km)"
2026-07-08,202,A,Daniel Oliveira,1,WNK4E27,"Nissan Leaf (WNK4E27, 40.0 kWh, 270 km)"
2026-07-08,301,B,Elena Souza,2,LLT4Z05|XOR1M10,"BYD Seal (LLT4Z05, 82.5 kWh, 520 km) | BYD Yuan Plus (XOR1M10, 60.5 kWh, 430 km)"
2026-07-08,302,B,Felipe Santos,1,RJU9L73,"Renault Kwid E-Tech (RJU9L73, 26.8 kWh, 185 km)"
2026-07-08,401,B,Gabriela Lima,1,GWC0V29,"Caoa Chery iCar (GWC0V29, 31.0 kWh, 250 km)"
2026-07-08,402,B,Henrique Rocha,1,IOU5F47,"JAC e-JS1 (IOU5F47, 30.2 kWh, 300 km)"
2026-07-09,101,A,Ana Silva,1,UDA4H28,"BYD Dolphin Mini (UDA4H28, 38.0 kWh, 280 km)"
2026-07-09,102,A,Bruno Costa,3,EXD8C75|NBA1G29|QTA8G91,"Tesla Model 3 RWD (EXD8C75, 60.0 kWh, 450 km) | Chevrolet Bolt EUV (NBA1G29, 65.0 kWh, 400 km) | BMW iX1 (QTA8G91, 66.5 kWh, 430 km)"
2026-07-09,201,A,Carla Mendes,2,UWR6H57|SIZ0Y20,"GWM Ora 03 Skin (UWR6H57, 48.0 kWh, 310 km) | Volvo EX30 (SIZ0Y20, 51.0 kWh, 340 km)"
2026-07-09,202,A,Daniel Oliveira,1,WNK4E27,"Nissan Leaf (WNK4E27, 40.0 kWh, 270 km)"
2026-07-09,301,B,Elena Souza,2,LLT4Z05|XOR1M10,"BYD Seal (LLT4Z05, 82.5 kWh, 520 km) | BYD Yuan Plus (XOR1M10, 60.5 kWh, 430 km)"
2026-07-09,302,B,Felipe Santos,1,RJU9L73,"Renault Kwid E-Tech (RJU9L73, 26.8 kWh, 185 km)"
2026-07-09,401,B,Gabriela Lima,0,,
2026-07-09,402,B,Henrique Rocha,1,IOU5F47,"JAC e-JS1 (IOU5F47, 30.2 kWh, 300 km)"
2026-07-10,101,A,Ana Silva,1,UDA4H28,"BYD Dolphin Mini (UDA4H28, 38.0 kWh, 280 km)"
2026-07-10,102,A,Bruno Costa,3,EXD8C75|NBA1G29|QTA8G91,"Tesla Model 3 RWD (EXD8C75, 60.0 kWh, 450 km) | Chevrolet Bolt EUV (NBA1G29, 65.0 kWh, 400 km) | BMW iX1 (QTA8G91, 66.5 kWh, 430 km)"
2026-07-10,201,A,Carla Mendes,2,UWR6H57|SIZ0Y20,"GWM Ora 03 Skin (UWR6H57, 48.0 kWh, 310 km) | Volvo EX30 (SIZ0Y20, 51.0 kWh, 340 km)"
2026-07-10,202,A,Daniel Oliveira,1,WNK4E27,"Nissan Leaf (WNK4E27, 40.0 kWh, 270 km)"
2026-07-10,301,B,Elena Souza,2,LLT4Z05|XOR1M10,"BYD Seal (LLT4Z05, 82.5 kWh, 520 km) | BYD Yuan Plus (XOR1M10, 60.5 kWh, 430 km)"
2026-07-10,302,B,Felipe Santos,1,RJU9L73,"Renault Kwid E-Tech (RJU9L73, 26.8 kWh, 185 km)"
2026-07-10,401,B,Gabriela Lima,0,,
2026-07-10,402,B,Henrique Rocha,1,IOU5F47,"JAC e-JS1 (IOU5F47, 30.2 kWh, 300 km)"
2026-07-11,101,A,Ana Silva,1,UDA4H28,"BYD Dolphin Mini (UDA4H28, 38.0 kWh, 280 km)"
2026-07-11,102,A,Bruno Costa,3,EXD8C75|NBA1G29|QTA8G91,"Tesla Model 3 RWD (EXD8C75, 60.0 kWh, 450 km) | Chevrolet Bolt EUV (NBA1G29, 65.0 kWh, 400 km) | BMW iX1 (QTA8G91, 66.5 kWh, 430 km)"
2026-07-11,201,A,Carla Mendes,2,UWR6H57|SIZ0Y20,"GWM Ora 03 Skin (UWR6H57, 48.0 kWh, 310 km) | Volvo EX30 (SIZ0Y20, 51.0 kWh, 340 km)"
2026-07-11,202,A,Daniel Oliveira,1,WNK4E27,"Nissan Leaf (WNK4E27, 40.0 kWh, 270 km)"
2026-07-11,301,B,Elena Souza,2,LLT4Z05|XOR1M10,"BYD Seal (LLT4Z05, 82.5 kWh, 520 km) | BYD Yuan Plus (XOR1M10, 60.5 kWh, 430 km)"
2026-07-11,302,B,Felipe Santos,1,RJU9L73,"Renault Kwid E-Tech (RJU9L73, 26.8 kWh, 185 km)"
2026-07-11,401,B,Gabriela Lima,0,,
2026-07-11,402,B,Henrique Rocha,1,IOU5F47,"JAC e-JS1 (IOU5F47, 30.2 kWh, 300 km)"
2026-07-12,101,A,Ana Silva,1,UDA4H28,"BYD Dolphin Mini (UDA4H28, 38.0 kWh, 280 km)"
2026-07-12,102,A,Bruno Costa,3,EXD8C75|NBA1G29|QTA8G91,"Tesla Model 3 RWD (EXD8C75, 60.0 kWh, 450 km) | Chevrolet Bolt EUV (NBA1G29, 65.0 kWh, 400 km) | BMW iX1 (QTA8G91, 66.5 kWh, 430 km)"
2026-07-12,201,A,Carla Mendes,2,UWR6H57|SIZ0Y20,"GWM Ora 03 Skin (UWR6H57, 48.0 kWh, 310 km) | Volvo EX30 (SIZ0Y20, 51.0 kWh, 340 km)"
2026-07-12,202,A,Daniel Oliveira,1,WNK4E27,"Nissan Leaf (WNK4E27, 40.0 kWh, 270 km)"
2026-07-12,301,B,Elena Souza,2,LLT4Z05|XOR1M10,"BYD Seal (LLT4Z05, 82.5 kWh, 520 km) | BYD Yuan Plus (XOR1M10, 60.5 kWh, 430 km)"
2026-07-12,302,B,Felipe Santos,1,RJU9L73,"Renault Kwid E-Tech (RJU9L73, 26.8 kWh, 185 km)"
2026-07-12,401,B,Gabriela Lima,0,,
2026-07-12,402,B,Henrique Rocha,1,IOU5F47,"JAC e-JS1 (IOU5F47, 30.2 kWh, 300 km)"
2026-07-13,101,A,Ana Silva,1,UDA4H28,"BYD Dolphin Mini (UDA4H28, 38.0 kWh, 280 km)"
2026-07-13,102,A,Bruno Costa,3,EXD8C75|NBA1G29|QTA8G91,"Tesla Model 3 RWD (EXD8C75, 60.0 kWh, 450 km) | Chevrolet Bolt EUV (NBA1G29, 65.0 kWh, 400 km) | BMW iX1 (QTA8G91, 66.5 kWh, 430 km)"
2026-07-13,201,A,Carla Mendes,2,UWR6H57|SIZ0Y20,"GWM Ora 03 Skin (UWR6H57, 48.0 kWh, 310 km) | Volvo EX30 (SIZ0Y20, 51.0 kWh, 340 km)"
2026-07-13,202,A,Daniel Oliveira,1,WNK4E27,"Nissan Leaf (WNK4E27, 40.0 kWh, 270 km)"
2026-07-13,301,B,Elena Souza,2,LLT4Z05|XOR1M10,"BYD Seal (LLT4Z05, 82.5 kWh, 520 km) | BYD Yuan Plus (XOR1M10, 60.5 kWh, 430 km)"
2026-07-13,302,B,Felipe Santos,1,RJU9L73,"Renault Kwid E-Tech (RJU9L73, 26.8 kWh, 185 km)"
2026-07-13,401,B,Gabriela Lima,0,,
2026-07-13,402,B,Henrique Rocha,1,IOU5F47,"JAC e-JS1 (IOU5F47, 30.2 kWh, 300 km)"
2026-07-14,101,A,Ana Silva,1,UDA4H28,"BYD Dolphin Mini (UDA4H28, 38.0 kWh, 280 km)"
2026-07-14,102,A,Bruno Costa,3,EXD8C75|NBA1G29|QTA8G91,"Tesla Model 3 RWD (EXD8C75, 60.0 kWh, 450 km) | Chevrolet Bolt EUV (NBA1G29, 65.0 kWh, 400 km) | BMW iX1 (QTA8G91, 66.5 kWh, 430 km)"
2026-07-14,201,A,Carla Mendes,2,UWR6H57|SIZ0Y20,"GWM Ora 03 Skin (UWR6H57, 48.0 kWh, 310 km) | Volvo EX30 (SIZ0Y20, 51.0 kWh, 340 km)"
2026-07-14,202,A,Daniel Oliveira,1,WNK4E27,"Nissan Leaf (WNK4E27, 40.0 kWh, 270 km)"
2026-07-14,301,B,Elena Souza,2,LLT4Z05|XOR1M10,"BYD Seal (LLT4Z05, 82.5 kWh, 520 km) | BYD Yuan Plus (XOR1M10, 60.5 kWh, 430 km)"
2026-07-14,302,B,Felipe Santos,1,RJU9L73,"Renault Kwid E-Tech (RJU9L73, 26.8 kWh, 185 km)"
2026-07-14,401,B,Gabriela Lima,0,,
2026-07-14,402,B,Henrique Rocha,1,IOU5F47,"JAC e-JS1 (IOU5F47, 30.2 kWh, 300 km)"
2026-07-15,101,A,Ana Silva,1,UDA4H28,"BYD Dolphin Mini (UDA4H28, 38.0 kWh, 280 km)"
2026-07-15,102,A,Bruno Costa,3,EXD8C75|NBA1G29|QTA8G91,"Tesla Model 3 RWD (EXD8C75, 60.0 kWh, 450 km) | Chevrolet Bolt EUV (NBA1G29, 65.0 kWh, 400 km) | BMW iX1 (QTA8G91, 66.5 kWh, 430 km)"
2026-07-15,201,A,Carla Mendes,2,UWR6H57|SIZ0Y20,"GWM Ora 03 Skin (UWR6H57, 48.0 kWh, 310 km) | Volvo EX30 (SIZ0Y20, 51.0 kWh, 340 km)"
2026-07-15,202,A,Daniel Oliveira,1,WNK4E27,"Nissan Leaf (WNK4E27, 40.0 kWh, 270 km)"
2026-07-15,301,B,Elena Souza,2,LLT4Z05|XOR1M10,"BYD Seal (LLT4Z05, 82.5 kWh, 520 km) | BYD Yuan Plus (XOR1M10, 60.5 kWh, 430 km)"
2026-07-15,302,B,Felipe Santos,1,RJU9L73,"Renault Kwid E-Tech (RJU9L73, 26.8 kWh, 185 km)"
2026-07-15,401,B,Gabriela Lima,0,,
2026-07-15,402,B,Henrique Rocha,1,IOU5F47,"JAC e-JS1 (IOU5F47, 30.2 kWh, 300 km)"
2026-07-16,101,A,Ana Silva,1,UDA4H28,"BYD Dolphin Mini (UDA4H28, 38.0 kWh, 280 km)"
2026-07-16,102,A,Bruno Costa,3,EXD8C75|NBA1G29|QTA8G91,"Tesla Model 3 RWD (EXD8C75, 60.0 kWh, 450 km) | Chevrolet Bolt EUV (NBA1G29, 65.0 kWh, 400 km) | BMW iX1 (QTA8G91, 66.5 kWh, 430 km)"
2026-07-16,201,A,Carla Mendes,2,UWR6H57|SIZ0Y20,"GWM Ora 03 Skin (UWR6H57, 48.0 kWh, 310 km) | Volvo EX30 (SIZ0Y20, 51.0 kWh, 340 km)"
2026-07-16,202,A,Daniel Oliveira,1,WNK4E27,"Nissan Leaf (WNK4E27, 40.0 kWh, 270 km)"
2026-07-16,301,B,Elena Souza,2,LLT4Z05|XOR1M10,"BYD Seal (LLT4Z05, 82.5 kWh, 520 km) | BYD Yuan Plus (XOR1M10, 60.5 kWh, 430 km)"
2026-07-16,302,B,Felipe Santos,1,RJU9L73,"Renault Kwid E-Tech (RJU9L73, 26.8 kWh, 185 km)"
2026-07-16,401,B,Gabriela Lima,0,,
2026-07-16,402,B,Henrique Rocha,1,IOU5F47,"JAC e-JS1 (IOU5F47, 30.2 kWh, 300 km)"
2026-07-17,101,A,Ana Silva,1,UDA4H28,"BYD Dolphin Mini (UDA4H28, 38.0 kWh, 280 km)"
2026-07-17,102,A,Bruno Costa,3,EXD8C75|NBA1G29|QTA8G91,"Tesla Model 3 RWD (EXD8C75, 60.0 kWh, 450 km) | Chevrolet Bolt EUV (NBA1G29, 65.0 kWh, 400 km) | BMW iX1 (QTA8G91, 66.5 kWh, 430 km)"
2026-07-17,201,A,Carla Mendes,2,UWR6H57|SIZ0Y20,"GWM Ora 03 Skin (UWR6H57, 48.0 kWh, 310 km) | Volvo EX30 (SIZ0Y20, 51.0 kWh, 340 km)"
2026-07-17,202,A,Daniel Oliveira,1,WNK4E27,"Nissan Leaf (WNK4E27, 40.0 kWh, 270 km)"
2026-07-17,301,B,Elena Souza,2,LLT4Z05|XOR1M10,"BYD Seal (LLT4Z05, 82.5 kWh, 520 km) | BYD Yuan Plus (XOR1M10, 60.5 kWh, 430 km)"
2026-07-17,302,B,Felipe Santos,1,RJU9L73,"Renault Kwid E-Tech (RJU9L73, 26.8 kWh, 185 km)"
2026-07-17,401,B,Gabriela Lima,0,,
2026-07-17,402,B,Henrique Rocha,1,IOU5F47,"JAC e-JS1 (IOU5F47, 30.2 kWh, 300 km)"
2026-07-18,101,A,Ana Silva,1,UDA4H28,"BYD Dolphin Mini (UDA4H28, 38.0 kWh, 280 km)"
2026-07-18,102,A,Bruno Costa,3,EXD8C75|NBA1G29|QTA8G91,"Tesla Model 3 RWD (EXD8C75, 60.0 kWh, 450 km) | Chevrolet Bolt EUV (NBA1G29, 65.0 kWh, 400 km) | BMW iX1 (QTA8G91, 66.5 kWh, 430 km)"
2026-07-18,201,A,Carla Mendes,2,UWR6H57|SIZ0Y20,"GWM Ora 03 Skin (UWR6H57, 48.0 kWh, 310 km) | Volvo EX30 (SIZ0Y20, 51.0 kWh, 340 km)"
2026-07-18,202,A,Daniel Oliveira,1,WNK4E27,"Nissan Leaf (WNK4E27, 40.0 kWh, 270 km)"
2026-07-18,301,B,Elena Souza,2,LLT4Z05|XOR1M10,"BYD Seal (LLT4Z05, 82.5 kWh, 520 km) | BYD Yuan Plus (XOR1M10, 60.5 kWh, 430 km)"
2026-07-18,302,B,Felipe Santos,1,RJU9L73,"Renault Kwid E-Tech (RJU9L73, 26.8 kWh, 185 km)"
2026-07-18,401,B,Gabriela Lima,0,,
2026-07-18,402,B,Henrique Rocha,1,IOU5F47,"JAC e-JS1 (IOU5F47, 30.2 kWh, 300 km)"
2026-07-19,101,A,Ana Silva,1,UDA4H28,"BYD Dolphin Mini (UDA4H28, 38.0 kWh, 280 km)"
2026-07-19,102,A,Bruno Costa,3,EXD8C75|NBA1G29|QTA8G91,"Tesla Model 3 RWD (EXD8C75, 60.0 kWh, 450 km) | Chevrolet Bolt EUV (NBA1G29, 65.0 kWh, 400 km) | BMW iX1 (QTA8G91, 66.5 kWh, 430 km)"
2026-07-19,201,A,Carla Mendes,2,UWR6H57|SIZ0Y20,"GWM Ora 03 Skin (UWR6H57, 48.0 kWh, 310 km) | Volvo EX30 (SIZ0Y20, 51.0 kWh, 340 km)"
2026-07-19,202,A,Daniel Oliveira,1,WNK4E27,"Nissan Leaf (WNK4E27, 40.0 kWh, 270 km)"
2026-07-19,301,B,Elena Souza,2,LLT4Z05|XOR1M10,"BYD Seal (LLT4Z05, 82.5 kWh, 520 km) | BYD Yuan Plus (XOR1M10, 60.5 kWh, 430 km)"
2026-07-19,302,B,Felipe Santos,1,RJU9L73,"Renault Kwid E-Tech (RJU9L73, 26.8 kWh, 185 km)"
2026-07-19,401,B,Gabriela Lima,0,,
2026-07-19,402,B,Henrique Rocha,1,IOU5F47,"JAC e-JS1 (IOU5F47, 30.2 kWh, 300 km)"
2026-07-20,101,A,Ana Silva,1,UDA4H28,"BYD Dolphin Mini (UDA4H28, 38.0 kWh, 280 km)"
2026-07-20,102,A,Bruno Costa,3,EXD8C75|NBA1G29|QTA8G91,"Tesla Model 3 RWD (EXD8C75, 60.0 kWh, 450 km) | Chevrolet Bolt EUV (NBA1G29, 65.0 kWh, 400 km) | BMW iX1 (QTA8G91, 66.5 kWh, 430 km)"
2026-07-20,201,A,Carla Mendes,2,UWR6H57|SIZ0Y20,"GWM Ora 03 Skin (UWR6H57, 48.0 kWh, 310 km) | Volvo EX30 (SIZ0Y20, 51.0 kWh, 340 km)"
2026-07-20,202,A,Daniel Oliveira,1,WNK4E27,"Nissan Leaf (WNK4E27, 40.0 kWh, 270 km)"
2026-07-20,301,B,Elena Souza,2,LLT4Z05|XOR1M10,"BYD Seal (LLT4Z05, 82.5 kWh, 520 km) | BYD Yuan Plus (XOR1M10, 60.5 kWh, 430 km)"
2026-07-20,302,B,Felipe Santos,1,RJU9L73,"Renault Kwid E-Tech (RJU9L73, 26.8 kWh, 185 km)"
2026-07-20,401,B,Gabriela Lima,0,,
2026-07-20,402,B,Henrique Rocha,1,IOU5F47,"JAC e-JS1 (IOU5F47, 30.2 kWh, 300 km)"
2026-07-21,101,A,Ana Silva,1,UDA4H28,"BYD Dolphin Mini (UDA4H28, 38.0 kWh, 280 km)"
2026-07-21,102,A,Bruno Costa,3,EXD8C75|NBA1G29|QTA8G91,"Tesla Model 3 RWD (EXD8C75, 60.0 kWh, 450 km) | Chevrolet Bolt EUV (NBA1G29, 65.0 kWh, 400 km) | BMW iX1 (QTA8G91, 66.5 kWh, 430 km)"
2026-07-21,201,A,Carla Mendes,2,UWR6H57|SIZ0Y20,"GWM Ora 03 Skin (UWR6H57, 48.0 kWh, 310 km) | Volvo EX30 (SIZ0Y20, 51.0 kWh, 340 km)"
2026-07-21,202,A,Daniel Oliveira,0,,
2026-07-21,301,B,Elena Souza,2,LLT4Z05|XOR1M10,"BYD Seal (LLT4Z05, 82.5 kWh, 520 km) | BYD Yuan Plus (XOR1M10, 60.5 kWh, 430 km)"
2026-07-21,302,B,Felipe Santos,1,RJU9L73,"Renault Kwid E-Tech (RJU9L73, 26.8 kWh, 185 km)"
2026-07-21,401,B,Gabriela Lima,0,,
2026-07-21,402,B,Henrique Rocha,1,IOU5F47,"JAC e-JS1 (IOU5F47, 30.2 kWh, 300 km)"
2026-07-22,101,A,Ana Silva,1,UDA4H28,"BYD Dolphin Mini (UDA4H28, 38.0 kWh, 280 km)"
2026-07-22,102,A,Bruno Costa,3,EXD8C75|NBA1G29|QTA8G91,"Tesla Model 3 RWD (EXD8C75, 60.0 kWh, 450 km) | Chevrolet Bolt EUV (NBA1G29, 65.0 kWh, 400 km) | BMW iX1 (QTA8G91, 66.5 kWh, 430 km)"
2026-07-22,201,A,Carla Mendes,2,UWR6H57|SIZ0Y20,"GWM Ora 03 Skin (UWR6H57, 48.0 kWh, 310 km) | Volvo EX30 (SIZ0Y20, 51.0 kWh, 340 km)"
2026-07-22,202,A,Daniel Oliveira,0,,
2026-07-22,301,B,Elena Souza,2,LLT4Z05|XOR1M10,"BYD Seal (LLT4Z05, 82.5 kWh, 520 km) | BYD Yuan Plus (XOR1M10, 60.5 kWh, 430 km)"
2026-07-22,302,B,Felipe Santos,1,RJU9L73,"Renault Kwid E-Tech (RJU9L73, 26.8 kWh, 185 km)"
2026-07-22,401,B,Gabriela Lima,0,,
2026-07-22,402,B,Henrique Rocha,1,IOU5F47,"JAC e-JS1 (IOU5F47, 30.2 kWh, 300 km)"
2026-07-23,101,A,Ana Silva,1,UDA4H28,"BYD Dolphin Mini (UDA4H28, 38.0 kWh, 280 km)"
2026-07-23,102,A,Bruno Costa,3,EXD8C75|NBA1G29|QTA8G91,"Tesla Model 3 RWD (EXD8C75, 60.0 kWh, 450 km) | Chevrolet Bolt EUV (NBA1G29, 65.0 kWh, 400 km) | BMW iX1 (QTA8G91, 66.5 kWh, 430 km)"
2026-07-23,201,A,Carla Mendes,2,UWR6H57|SIZ0Y20,"GWM Ora 03 Skin (UWR6H57, 48.0 kWh, 310 km) | Volvo EX30 (SIZ0Y20, 51.0 kWh, 340 km)"
2026-07-23,202,A,Daniel Oliveira,0,,
2026-07-23,301,B,Elena Souza,2,LLT4Z05|XOR1M10,"BYD Seal (LLT4Z05, 82.5 kWh, 520 km) | BYD Yuan Plus (XOR1M10, 60.5 kWh, 430 km)"
2026-07-23,302,B,Felipe Santos,1,RJU9L73,"Renault Kwid E-Tech (RJU9L73, 26.8 kWh, 185 km)"
2026-07-23,401,B,Gabriela Lima,0,,
2026-07-23,402,B,Henrique Rocha,1,IOU5F47,"JAC e-JS1 (IOU5F47, 30.2 kWh, 300 km)"
2026-07-24,101,A,Ana Silva,1,UDA4H28,"BYD Dolphin Mini (UDA4H28, 38.0 kWh, 280 km)"
2026-07-24,102,A,Bruno Costa,3,EXD8C75|NBA1G29|QTA8G91,"Tesla Model 3 RWD (EXD8C75, 60.0 kWh, 450 km) | Chevrolet Bolt EUV (NBA1G29, 65.0 kWh, 400 km) | BMW iX1 (QTA8G91, 66.5 kWh, 430 km)"
2026-07-24,201,A,Carla Mendes,2,UWR6H57|SIZ0Y20,"GWM Ora 03 Skin (UWR6H57, 48.0 kWh, 310 km) | Volvo EX30 (SIZ0Y20, 51.0 kWh, 340 km)"
2026-07-24,202,A,Daniel Oliveira,0,,
2026-07-24,301,B,Elena Souza,2,LLT4Z05|XOR1M10,"BYD Seal (LLT4Z05, 82.5 kWh, 520 km) | BYD Yuan Plus (XOR1M10, 60.5 kWh, 430 km)"
2026-07-24,302,B,Felipe Santos,1,RJU9L73,"Renault Kwid E-Tech (RJU9L73, 26.8 kWh, 185 km)"
2026-07-24,401,B,Gabriela Lima,0,,
2026-07-24,402,B,Henrique Rocha,1,IOU5F47,"JAC e-JS1 (IOU5F47, 30.2 kWh, 300 km)"
2026-07-25,101,A,Ana Silva,1,UDA4H28,"BYD Dolphin Mini (UDA4H28, 38.0 kWh, 280 km)"
2026-07-25,102,A,Bruno Costa,3,EXD8C75|NBA1G29|QTA8G91,"Tesla Model 3 RWD (EXD8C75, 60.0 kWh, 450 km) | Chevrolet Bolt EUV (NBA1G29, 65.0 kWh, 400 km) | BMW iX1 (QTA8G91, 66.5 kWh, 430 km)"
2026-07-25,201,A,Carla Mendes,2,UWR6H57|SIZ0Y20,"GWM Ora 03 Skin (UWR6H57, 48.0 kWh, 310 km) | Volvo EX30 (SIZ0Y20, 51.0 kWh, 340 km)"
2026-07-25,202,A,Daniel Oliveira,0,,
2026-07-25,301,B,Elena Souza,2,LLT4Z05|XOR1M10,"BYD Seal (LLT4Z05, 82.5 kWh, 520 km) | BYD Yuan Plus (XOR1M10, 60.5 kWh, 430 km)"
2026-07-25,302,B,Felipe Santos,1,RJU9L73,"Renault Kwid E-Tech (RJU9L73, 26.8 kWh, 185 km)"
2026-07-25,401,B,Gabriela Lima,0,,
2026-07-25,402,B,Henrique Rocha,1,IOU5F47,"JAC e-JS1 (IOU5F47, 30.2 kWh, 300 km)"
2026-07-26,101,A,Ana Silva,1,UDA4H28,"BYD Dolphin Mini (UDA4H28, 38.0 kWh, 280 km)"
2026-07-26,102,A,Bruno Costa,3,EXD8C75|NBA1G29|QTA8G91,"Tesla Model 3 RWD (EXD8C75, 60.0 kWh, 450 km) | Chevrolet Bolt EUV (NBA1G29, 65.0 kWh, 400 km) | BMW iX1 (QTA8G91, 66.5 kWh, 430 km)"
2026-07-26,201,A,Carla Mendes,2,UWR6H57|SIZ0Y20,"GWM Ora 03 Skin (UWR6H57, 48.0 kWh, 310 km) | Volvo EX30 (SIZ0Y20, 51.0 kWh, 340 km)"
2026-07-26,202,A,Daniel Oliveira,0,,
2026-07-26,301,B,Elena Souza,2,LLT4Z05|XOR1M10,"BYD Seal (LLT4Z05, 82.5 kWh, 520 km) | BYD Yuan Plus (XOR1M10, 60.5 kWh, 430 km)"
2026-07-26,302,B,Felipe Santos,1,RJU9L73,"Renault Kwid E-Tech (RJU9L73, 26.8 kWh, 185 km)"
2026-07-26,401,B,Gabriela Lima,0,,
2026-07-26,402,B,Henrique Rocha,1,IOU5F47,"JAC e-JS1 (IOU5F47, 30.2 kWh, 300 km)"
2026-07-27,101,A,Ana Silva,1,UDA4H28,"BYD Dolphin Mini (UDA4H28, 38.0 kWh, 280 km)"
2026-07-27,102,A,Bruno Costa,3,EXD8C75|NBA1G29|QTA8G91,"Tesla Model 3 RWD (EXD8C75, 60.0 kWh, 450 km) | Chevrolet Bolt EUV (NBA1G29, 65.0 kWh, 400 km) | BMW iX1 (QTA8G91, 66.5 kWh, 430 km)"
2026-07-27,201,A,Carla Mendes,2,UWR6H57|SIZ0Y20,"GWM Ora 03 Skin (UWR6H57, 48.0 kWh, 310 km) | Volvo EX30 (SIZ0Y20, 51.0 kWh, 340 km)"
2026-07-27,202,A,Daniel Oliveira,0,,
2026-07-27,301,B,Elena Souza,2,LLT4Z05|XOR1M10,"BYD Seal (LLT4Z05, 82.5 kWh, 520 km) | BYD Yuan Plus (XOR1M10, 60.5 kWh, 430 km)"
2026-07-27,302,B,Felipe Santos,1,RJU9L73,"Renault Kwid E-Tech (RJU9L73, 26.8 kWh, 185 km)"
2026-07-27,401,B,Gabriela Lima,0,,
2026-07-27,402,B,Henrique Rocha,1,IOU5F47,"JAC e-JS1 (IOU5F47, 30.2 kWh, 300 km)"
2026-07-28,101,A,Ana Silva,1,UDA4H28,"BYD Dolphin Mini (UDA4H28, 38.0 kWh, 280 km)"
2026-07-28,102,A,Bruno Costa,3,EXD8C75|NBA1G29|QTA8G91,"Tesla Model 3 RWD (EXD8C75, 60.0 kWh, 450 km) | Chevrolet Bolt EUV (NBA1G29, 65.0 kWh, 400 km) | BMW iX1 (QTA8G91, 66.5 kWh, 430 km)"
2026-07-28,201,A,Carla Mendes,2,UWR6H57|SIZ0Y20,"GWM Ora 03 Skin (UWR6H57, 48.0 kWh, 310 km) | Volvo EX30 (SIZ0Y20, 51.0 kWh, 340 km)"
2026-07-28,202,A,Daniel Oliveira,0,,
2026-07-28,301,B,Elena Souza,2,LLT4Z05|XOR1M10,"BYD Seal (LLT4Z05, 82.5 kWh, 520 km) | BYD Yuan Plus (XOR1M10, 60.5 kWh, 430 km)"
2026-07-28,302,B,Felipe Santos,1,RJU9L73,"Renault Kwid E-Tech (RJU9L73, 26.8 kWh, 185 km)"
2026-07-28,401,B,Gabriela Lima,0,,
2026-07-28,402,B,Henrique Rocha,1,IOU5F47,"JAC e-JS1 (IOU5F47, 30.2 kWh, 300 km)"
2026-07-29,101,A,Ana Silva,1,UDA4H28,"BYD Dolphin Mini (UDA4H28, 38.0 kWh, 280 km)"
2026-07-29,102,A,Bruno Costa,3,EXD8C75|NBA1G29|QTA8G91,"Tesla Model 3 RWD (EXD8C75, 60.0 kWh, 450 km) | Chevrolet Bolt EUV (NBA1G29, 65.0 kWh, 400 km) | BMW iX1 (QTA8G91, 66.5 kWh, 430 km)"
2026-07-29,201,A,Carla Mendes,2,UWR6H57|SIZ0Y20,"GWM Ora 03 Skin (UWR6H57, 48.0 kWh, 310 km) | Volvo EX30 (SIZ0Y20, 51.0 kWh, 340 km)"
2026-07-29,202,A,Daniel Oliveira,0,,
2026-07-29,301,B,Elena Souza,2,LLT4Z05|XOR1M10,"BYD Seal (LLT4Z05, 82.5 kWh, 520 km) | BYD Yuan Plus (XOR1M10, 60.5 kWh, 430 km)"
2026-07-29,302,B,Felipe Santos,1,RJU9L73,"Renault Kwid E-Tech (RJU9L73, 26.8 kWh, 185 km)"
2026-07-29,401,B,Gabriela Lima,0,,
2026-07-29,402,B,Henrique Rocha,1,IOU5F47,"JAC e-JS1 (IOU5F47, 30.2 kWh, 300 km)"
2026-07-30,101,A,Ana Silva,1,UDA4H28,"BYD Dolphin Mini (UDA4H28, 38.0 kWh, 280 km)"
2026-07-30,102,A,Bruno Costa,3,EXD8C75|NBA1G29|QTA8G91,"Tesla Model 3 RWD (EXD8C75, 60.0 kWh, 450 km) | Chevrolet Bolt EUV (NBA1G29, 65.0 kWh, 400 km) | BMW iX1 (QTA8G91, 66.5 kWh, 430 km)"
2026-07-30,201,A,Carla Mendes,2,UWR6H57|SIZ0Y20,"GWM Ora 03 Skin (UWR6H57, 48.0 kWh, 310 km) | Volvo EX30 (SIZ0Y20, 51.0 kWh, 340 km)"
2026-07-30,202,A,Daniel Oliveira,0,,
2026-07-30,301,B,Elena Souza,2,LLT4Z05|XOR1M10,"BYD Seal (LLT4Z05, 82.5 kWh, 520 km) | BYD Yuan Plus (XOR1M10, 60.5 kWh, 430 km)"
2026-07-30,302,B,Felipe Santos,1,RJU9L73,"Renault Kwid E-Tech (RJU9L73, 26.8 kWh, 185 km)"
2026-07-30,401,B,Gabriela Lima,0,,
2026-07-30,402,B,Henrique Rocha,1,IOU5F47,"JAC e-JS1 (IOU5F47, 30.2 kWh, 300 km)"
2026-07-31,101,A,Ana Silva,1,UDA4H28,"BYD Dolphin Mini (UDA4H28, 38.0 kWh, 280 km)"
2026-07-31,102,A,Bruno Costa,3,EXD8C75|NBA1G29|QTA8G91,"Tesla Model 3 RWD (EXD8C75, 60.0 kWh, 450 km) | Chevrolet Bolt EUV (NBA1G29, 65.0 kWh, 400 km) | BMW iX1 (QTA8G91, 66.5 kWh, 430 km)"
2026-07-31,201,A,Carla Mendes,2,UWR6H57|SIZ0Y20,"GWM Ora 03 Skin (UWR6H57, 48.0 kWh, 310 km) | Volvo EX30 (SIZ0Y20, 51.0 kWh, 340 km)"
2026-07-31,202,A,Daniel Oliveira,0,,
2026-07-31,301,B,Elena Souza,2,LLT4Z05|XOR1M10,"BYD Seal (LLT4Z05, 82.5 kWh, 520 km) | BYD Yuan Plus (XOR1M10, 60.5 kWh, 430 km)"
2026-07-31,302,B,Felipe Santos,1,RJU9L73,"Renault Kwid E-Tech (RJU9L73, 26.8 kWh, 185 km)"
2026-07-31,401,B,Gabriela Lima,0,,
2026-07-31,402,B,Henrique Rocha,1,IOU5F47,"JAC e-JS1 (IOU5F47, 30.2 kWh, 300 km)"
2026-08-01,101,A,Ana Silva,1,UDA4H28,"BYD Dolphin Mini (UDA4H28, 38.0 kWh, 280 km)"
2026-08-01,102,A,Bruno Costa,3,EXD8C75|NBA1G29|QTA8G91,"Tesla Model 3 RWD (EXD8C75, 60.0 kWh, 450 km) | Chevrolet Bolt EUV (NBA1G29, 65.0 kWh, 400 km) | BMW iX1 (QTA8G91, 66.5 kWh, 430 km)"
2026-08-01,201,A,Carla Mendes,2,UWR6H57|SIZ0Y20,"GWM Ora 03 Skin (UWR6H57, 48.0 kWh, 310 km) | Volvo EX30 (SIZ0Y20, 51.0 kWh, 340 km)"
2026-08-01,202,A,Daniel Oliveira,0,,
2026-08-01,301,B,Elena Souza,2,LLT4Z05|XOR1M10,"BYD Seal (LLT4Z05, 82.5 kWh, 520 km) | BYD Yuan Plus (XOR1M10, 60.5 kWh, 430 km)"
2026-08-01,302,B,Felipe Santos,1,RJU9L73,"Renault Kwid E-Tech (RJU9L73, 26.8 kWh, 185 km)"
2026-08-01,401,B,Gabriela Lima,1,YJC3D48,"Peugeot e-208 (YJC3D48, 51.0 kWh, 360 km)"
2026-08-01,402,B,Henrique Rocha,1,IOU5F47,"JAC e-JS1 (IOU5F47, 30.2 kWh, 300 km)"
2026-08-02,101,A,Ana Silva,1,UDA4H28,"BYD Dolphin Mini (UDA4H28, 38.0 kWh, 280 km)"
2026-08-02,102,A,Bruno Costa,3,EXD8C75|NBA1G29|QTA8G91,"Tesla Model 3 RWD (EXD8C75, 60.0 kWh, 450 km) | Chevrolet Bolt EUV (NBA1G29, 65.0 kWh, 400 km) | BMW iX1 (QTA8G91, 66.5 kWh, 430 km)"
2026-08-02,201,A,Carla Mendes,2,UWR6H57|SIZ0Y20,"GWM Ora 03 Skin (UWR6H57, 48.0 kWh, 310 km) | Volvo EX30 (SIZ0Y20, 51.0 kWh, 340 km)"
2026-08-02,202,A,Daniel Oliveira,0,,
2026-08-02,301,B,Elena Souza,2,LLT4Z05|XOR1M10,"BYD Seal (LLT4Z05, 82.5 kWh, 520 km) | BYD Yuan Plus (XOR1M10, 60.5 kWh, 430 km)"
2026-08-02,302,B,Felipe Santos,1,RJU9L73,"Renault Kwid E-Tech (RJU9L73, 26.8 kWh, 185 km)"
2026-08-02,401,B,Gabriela Lima,1,YJC3D48,"Peugeot e-208 (YJC3D48, 51.0 kWh, 360 km)"
2026-08-02,402,B,Henrique Rocha,1,IOU5F47,"JAC e-JS1 (IOU5F47, 30.2 kWh, 300 km)"
2026-08-03,101,A,Ana Silva,1,UDA4H28,"BYD Dolphin Mini (UDA4H28, 38.0 kWh, 280 km)"
2026-08-03,102,A,Bruno Costa,3,EXD8C75|NBA1G29|QTA8G91,"Tesla Model 3 RWD (EXD8C75, 60.0 kWh, 450 km) | Chevrolet Bolt EUV (NBA1G29, 65.0 kWh, 400 km) | BMW iX1 (QTA8G91, 66.5 kWh, 430 km)"
2026-08-03,201,A,Carla Mendes,2,UWR6H57|SIZ0Y20,"GWM Ora 03 Skin (UWR6H57, 48.0 kWh, 310 km) | Volvo EX30 (SIZ0Y20, 51.0 kWh, 340 km)"
2026-08-03,202,A,Daniel Oliveira,0,,
2026-08-03,301,B,Elena Souza,2,LLT4Z05|XOR1M10,"BYD Seal (LLT4Z05, 82.5 kWh, 520 km) | BYD Yuan Plus (XOR1M10, 60.5 kWh, 430 km)"
2026-08-03,302,B,Felipe Santos,1,RJU9L73,"Renault Kwid E-Tech (RJU9L73, 26.8 kWh, 185 km)"
2026-08-03,401,B,Gabriela Lima,1,YJC3D48,"Peugeot e-208 (YJC3D48, 51.0 kWh, 360 km)"
2026-08-03,402,B,Henrique Rocha,1,IOU5F47,"JAC e-JS1 (IOU5F47, 30.2 kWh, 300 km)"
2026-08-04,101,A,Ana Silva,1,UDA4H28,"BYD Dolphin Mini (UDA4H28, 38.0 kWh, 280 km)"
2026-08-04,102,A,Bruno Costa,3,EXD8C75|NBA1G29|QTA8G91,"Tesla Model 3 RWD (EXD8C75, 60.0 kWh, 450 km) | Chevrolet Bolt EUV (NBA1G29, 65.0 kWh, 400 km) | BMW iX1 (QTA8G91, 66.5 kWh, 430 km)"
2026-08-04,201,A,Carla Mendes,2,UWR6H57|SIZ0Y20,"GWM Ora 03 Skin (UWR6H57, 48.0 kWh, 310 km) | Volvo EX30 (SIZ0Y20, 51.0 kWh, 340 km)"
2026-08-04,202,A,Daniel Oliveira,0,,
2026-08-04,301,B,Elena Souza,2,LLT4Z05|XOR1M10,"BYD Seal (LLT4Z05, 82.5 kWh, 520 km) | BYD Yuan Plus (XOR1M10, 60.5 kWh, 430 km)"
2026-08-04,302,B,Felipe Santos,1,RJU9L73,"Renault Kwid E-Tech (RJU9L73, 26.8 kWh, 185 km)"
2026-08-04,401,B,Gabriela Lima,1,YJC3D48,"Peugeot e-208 (YJC3D48, 51.0 kWh, 360 km)"
2026-08-04,402,B,Henrique Rocha,1,IOU5F47,"JAC e-JS1 (IOU5F47, 30.2 kWh, 300 km)"
2026-08-05,101,A,Ana Silva,1,UDA4H28,"BYD Dolphin Mini (UDA4H28, 38.0 kWh, 280 km)"
2026-08-05,102,A,Bruno Costa,3,EXD8C75|NBA1G29|QTA8G91,"Tesla Model 3 RWD (EXD8C75, 60.0 kWh, 450 km) | Chevrolet Bolt EUV (NBA1G29, 65.0 kWh, 400 km) | BMW iX1 (QTA8G91, 66.5 kWh, 430 km)"
2026-08-05,201,A,Carla Mendes,2,UWR6H57|SIZ0Y20,"GWM Ora 03 Skin (UWR6H57, 48.0 kWh, 310 km) | Volvo EX30 (SIZ0Y20, 51.0 kWh, 340 km)"
2026-08-05,202,A,Daniel Oliveira,1,YKD1M12,"Fiat 500e (YKD1M12, 42.0 kWh, 300 km)"
2026-08-05,301,B,Elena Souza,2,LLT4Z05|XOR1M10,"BYD Seal (LLT4Z05, 82.5 kWh, 520 km) | BYD Yuan Plus (XOR1M10, 60.5 kWh, 430 km)"
2026-08-05,302,B,Felipe Santos,1,RJU9L73,"Renault Kwid E-Tech (RJU9L73, 26.8 kWh, 185 km)"
2026-08-05,401,B,Gabriela Lima,1,YJC3D48,"Peugeot e-208 (YJC3D48, 51.0 kWh, 360 km)"
2026-08-05,402,B,Henrique Rocha,1,IOU5F47,"JAC e-JS1 (IOU5F47, 30.2 kWh, 300 km)"
2026-08-06,101,A,Ana Silva,1,UDA4H28,"BYD Dolphin Mini (UDA4H28, 38.0 kWh, 280 km)"
2026-08-06,102,A,Bruno Costa,3,EXD8C75|NBA1G29|QTA8G91,"Tesla Model 3 RWD (EXD8C75, 60.0 kWh, 450 km) | Chevrolet Bolt EUV (NBA1G29, 65.0 kWh, 400 km) | BMW iX1 (QTA8G91, 66.5 kWh, 430 km)"
2026-08-06,201,A,Carla Mendes,2,UWR6H57|SIZ0Y20,"GWM Ora 03 Skin (UWR6H57, 48.0 kWh, 310 km) | Volvo EX30 (SIZ0Y20, 51.0 kWh, 340 km)"
2026-08-06,202,A,Daniel Oliveira,1,YKD1M12,"Fiat 500e (YKD1M12, 42.0 kWh, 300 km)"
2026-08-06,301,B,Elena Souza,2,LLT4Z05|XOR1M10,"BYD Seal (LLT4Z05, 82.5 kWh, 520 km) | BYD Yuan Plus (XOR1M10, 60.5 kWh, 430 km)"
2026-08-06,302,B,Felipe Santos,1,RJU9L73,"Renault Kwid E-Tech (RJU9L73, 26.8 kWh, 185 km)"
2026-08-06,401,B,Gabriela Lima,1,YJC3D48,"Peugeot e-208 (YJC3D48, 51.0 kWh, 360 km)"
2026-08-06,402,B,Henrique Rocha,1,IOU5F47,"JAC e-JS1 (IOU5F47, 30.2 kWh, 300 km)"
2026-08-07,101,A,Ana Silva,1,UDA4H28,"BYD Dolphin Mini (UDA4H28, 38.0 kWh, 280 km)"
2026-08-07,102,A,Bruno Costa,3,EXD8C75|NBA1G29|QTA8G91,"Tesla Model 3 RWD (EXD8C75, 60.0 kWh, 450 km) | Chevrolet Bolt EUV (NBA1G29, 65.0 kWh, 400 km) | BMW iX1 (QTA8G91, 66.5 kWh, 430 km)"
2026-08-07,201,A,Carla Mendes,2,UWR6H57|SIZ0Y20,"GWM Ora 03 Skin (UWR6H57, 48.0 kWh, 310 km) | Volvo EX30 (SIZ0Y20, 51.0 kWh, 340 km)"
2026-08-07,202,A,Daniel Oliveira,1,YKD1M12,"Fiat 500e (YKD1M12, 42.0 kWh, 300 km)"
2026-08-07,301,B,Elena Souza,2,LLT4Z05|XOR1M10,"BYD Seal (LLT4Z05, 82.5 kWh, 520 km) | BYD Yuan Plus (XOR1M10, 60.5 kWh, 430 km)"
2026-08-07,302,B,Felipe Santos,1,RJU9L73,"Renault Kwid E-Tech (RJU9L73, 26.8 kWh, 185 km)"
2026-08-07,401,B,Gabriela Lima,1,YJC3D48,"Peugeot e-208 (YJC3D48, 51.0 kWh, 360 km)"
2026-08-07,402,B,Henrique Rocha,1,IOU5F47,"JAC e-JS1 (IOU5F47, 30.2 kWh, 300 km)"
2026-08-08,101,A,Ana Silva,1,UDA4H28,"BYD Dolphin Mini (UDA4H28, 38.0 kWh, 280 km)"
2026-08-08,102,A,Bruno Costa,3,EXD8C75|NBA1G29|QTA8G91,"Tesla Model 3 RWD (EXD8C75, 60.0 kWh, 450 km) | Chevrolet Bolt EUV (NBA1G29, 65.0 kWh, 400 km) | BMW iX1 (QTA8G91, 66.5 kWh, 430 km)"
2026-08-08,201,A,Carla Mendes,2,UWR6H57|SIZ0Y20,"GWM Ora 03 Skin (UWR6H57, 48.0 kWh, 310 km) | Volvo EX30 (SIZ0Y20, 51.0 kWh, 340 km)"
2026-08-08,202,A,Daniel Oliveira,1,YKD1M12,"Fiat 500e (YKD1M12, 42.0 kWh, 300 km)"
2026-08-08,301,B,Elena Souza,2,LLT4Z05|XOR1M10,"BYD Seal (LLT4Z05, 82.5 kWh, 520 km) | BYD Yuan Plus (XOR1M10, 60.5 kWh, 430 km)"
2026-08-08,302,B,Felipe Santos,1,RJU9L73,"Renault Kwid E-Tech (RJU9L73, 26.8 kWh, 185 km)"
2026-08-08,401,B,Gabriela Lima,1,YJC3D48,"Peugeot e-208 (YJC3D48, 51.0 kWh, 360 km)"
2026-08-08,402,B,Henrique Rocha,1,IOU5F47,"JAC e-JS1 (IOU5F47, 30.2 kWh, 300 km)"
2026-08-09,101,A,Ana Silva,1,UDA4H28,"BYD Dolphin Mini (UDA4H28, 38.0 kWh, 280 km)"
2026-08-09,102,A,Bruno Costa,3,EXD8C75|NBA1G29|QTA8G91,"Tesla Model 3 RWD (EXD8C75, 60.0 kWh, 450 km) | Chevrolet Bolt EUV (NBA1G29, 65.0 kWh, 400 km) | BMW iX1 (QTA8G91, 66.5 kWh, 430 km)"
2026-08-09,201,A,Carla Mendes,2,UWR6H57|SIZ0Y20,"GWM Ora 03 Skin (UWR6H57, 48.0 kWh, 310 km) | Volvo EX30 (SIZ0Y20, 51.0 kWh, 340 km)"
2026-08-09,202,A,Daniel Oliveira,1,YKD1M12,"Fiat 500e (YKD1M12, 42.0 kWh, 300 km)"
2026-08-09,301,B,Elena Souza,2,LLT4Z05|XOR1M10,"BYD Seal (LLT4Z05, 82.5 kWh, 520 km) | BYD Yuan Plus (XOR1M10, 60.5 kWh, 430 km)"
2026-08-09,302,B,Felipe Santos,1,RJU9L73,"Renault Kwid E-Tech (RJU9L73, 26.8 kWh, 185 km)"
2026-08-09,401,B,Gabriela Lima,1,YJC3D48,"Peugeot e-208 (YJC3D48, 51.0 kWh, 360 km)"
2026-08-09,402,B,Henrique Rocha,1,IOU5F47,"JAC e-JS1 (IOU5F47, 30.2 kWh, 300 km)"
2026-08-10,101,A,Ana Silva,1,UDA4H28,"BYD Dolphin Mini (UDA4H28, 38.0 kWh, 280 km)"
2026-08-10,102,A,Bruno Costa,3,EXD8C75|NBA1G29|QTA8G91,"Tesla Model 3 RWD (EXD8C75, 60.0 kWh, 450 km) | Chevrolet Bolt EUV (NBA1G29, 65.0 kWh, 400 km) | BMW iX1 (QTA8G91, 66.5 kWh, 430 km)"
2026-08-10,201,A,Carla Mendes,2,UWR6H57|SIZ0Y20,"GWM Ora 03 Skin (UWR6H57, 48.0 kWh, 310 km) | Volvo EX30 (SIZ0Y20, 51.0 kWh, 340 km)"
2026-08-10,202,A,Daniel Oliveira,1,YKD1M12,"Fiat 500e (YKD1M12, 42.0 kWh, 300 km)"
2026-08-10,301,B,Elena Souza,2,LLT4Z05|XOR1M10,"BYD Seal (LLT4Z05, 82.5 kWh, 520 km) | BYD Yuan Plus (XOR1M10, 60.5 kWh, 430 km)"
2026-08-10,302,B,Felipe Santos,1,RJU9L73,"Renault Kwid E-Tech (RJU9L73, 26.8 kWh, 185 km)"
2026-08-10,401,B,Gabriela Lima,1,YJC3D48,"Peugeot e-208 (YJC3D48, 51.0 kWh, 360 km)"
2026-08-10,402,B,Henrique Rocha,1,IOU5F47,"JAC e-JS1 (IOU5F47, 30.2 kWh, 300 km)"
2026-08-11,101,A,Ana Silva,1,UDA4H28,"BYD Dolphin Mini (UDA4H28, 38.0 kWh, 280 km)"
2026-08-11,102,A,Bruno Costa,3,EXD8C75|NBA1G29|QTA8G91,"Tesla Model 3 RWD (EXD8C75, 60.0 kWh, 450 km) | Chevrolet Bolt EUV (NBA1G29, 65.0 kWh, 400 km) | BMW iX1 (QTA8G91, 66.5 kWh, 430 km)"
2026-08-11,201,A,Carla Mendes,2,UWR6H57|SIZ0Y20,"GWM Ora 03 Skin (UWR6H57, 48.0 kWh, 310 km) | Volvo EX30 (SIZ0Y20, 51.0 kWh, 340 km)"
2026-08-11,202,A,Daniel Oliveira,1,YKD1M12,"Fiat 500e (YKD1M12, 42.0 kWh, 300 km)"
2026-08-11,301,B,Elena Souza,2,LLT4Z05|XOR1M10,"BYD Seal (LLT4Z05, 82.5 kWh, 520 km) | BYD Yuan Plus (XOR1M10, 60.5 kWh, 430 km)"
2026-08-11,302,B,Felipe Santos,1,RJU9L73,"Renault Kwid E-Tech (RJU9L73, 26.8 kWh, 185 km)"
2026-08-11,401,B,Gabriela Lima,1,YJC3D48,"Peugeot e-208 (YJC3D48, 51.0 kWh, 360 km)"
2026-08-11,402,B,Henrique Rocha,1,IOU5F47,"JAC e-JS1 (IOU5F47, 30.2 kWh, 300 km)"
2026-08-12,101,A,Ana Silva,1,UDA4H28,"BYD Dolphin Mini (UDA4H28, 38.0 kWh, 280 km)"
2026-08-12,102,A,Bruno Costa,3,EXD8C75|NBA1G29|QTA8G91,"Tesla Model 3 RWD (EXD8C75, 60.0 kWh, 450 km) | Chevrolet Bolt EUV (NBA1G29, 65.0 kWh, 400 km) | BMW iX1 (QTA8G91, 66.5 kWh, 430 km)"
2026-08-12,201,A,Carla Mendes,2,UWR6H57|SIZ0Y20,"GWM Ora 03 Skin (UWR6H57, 48.0 kWh, 310 km) | Volvo EX30 (SIZ0Y20, 51.0 kWh, 340 km)"
2026-08-12,202,A,Daniel Oliveira,1,YKD1M12,"Fiat 500e (YKD1M12, 42.0 kWh, 300 km)"
2026-08-12,301,B,Elena Souza,2,LLT4Z05|XOR1M10,"BYD Seal (LLT4Z05, 82.5 kWh, 520 km) | BYD Yuan Plus (XOR1M10, 60.5 kWh, 430 km)"
2026-08-12,302,B,Felipe Santos,1,RJU9L73,"Renault Kwid E-Tech (RJU9L73, 26.8 kWh, 185 km)"
2026-08-12,401,B,Gabriela Lima,1,YJC3D48,"Peugeot e-208 (YJC3D48, 51.0 kWh, 360 km)"
2026-08-12,402,B,Henrique Rocha,1,IOU5F47,"JAC e-JS1 (IOU5F47, 30.2 kWh, 300 km)"
2026-08-13,101,A,Ana Silva,1,UDA4H28,"BYD Dolphin Mini (UDA4H28, 38.0 kWh, 280 km)"
2026-08-13,102,A,Bruno Costa,3,EXD8C75|NBA1G29|QTA8G91,"Tesla Model 3 RWD (EXD8C75, 60.0 kWh, 450 km) | Chevrolet Bolt EUV (NBA1G29, 65.0 kWh, 400 km) | BMW iX1 (QTA8G91, 66.5 kWh, 430 km)"
2026-08-13,201,A,Carla Mendes,2,UWR6H57|SIZ0Y20,"GWM Ora 03 Skin (UWR6H57, 48.0 kWh, 310 km) | Volvo EX30 (SIZ0Y20, 51.0 kWh, 340 km)"
2026-08-13,202,A,Daniel Oliveira,1,YKD1M12,"Fiat 500e (YKD1M12, 42.0 kWh, 300 km)"
2026-08-13,301,B,Elena Souza,2,LLT4Z05|XOR1M10,"BYD Seal (LLT4Z05, 82.5 kWh, 520 km) | BYD Yuan Plus (XOR1M10, 60.5 kWh, 430 km)"
2026-08-13,302,B,Felipe Santos,1,RJU9L73,"Renault Kwid E-Tech (RJU9L73, 26.8 kWh, 185 km)"
2026-08-13,401,B,Gabriela Lima,1,YJC3D48,"Peugeot e-208 (YJC3D48, 51.0 kWh, 360 km)"
2026-08-13,402,B,Henrique Rocha,1,IOU5F47,"JAC e-JS1 (IOU5F47, 30.2 kWh, 300 km)"
2026-08-14,101,A,Ana Silva,1,UDA4H28,"BYD Dolphin Mini (UDA4H28, 38.0 kWh, 280 km)"
2026-08-14,102,A,Bruno Costa,3,EXD8C75|NBA1G29|QTA8G91,"Tesla Model 3 RWD (EXD8C75, 60.0 kWh, 450 km) | Chevrolet Bolt EUV (NBA1G29, 65.0 kWh, 400 km) | BMW iX1 (QTA8G91, 66.5 kWh, 430 km)"
2026-08-14,201,A,Carla Mendes,2,UWR6H57|SIZ0Y20,"GWM Ora 03 Skin (UWR6H57, 48.0 kWh, 310 km) | Volvo EX30 (SIZ0Y20, 51.0 kWh, 340 km)"
2026-08-14,202,A,Daniel Oliveira,1,YKD1M12,"Fiat 500e (YKD1M12, 42.0 kWh, 300 km)"
2026-08-14,301,B,Elena Souza,2,LLT4Z05|XOR1M10,"BYD Seal (LLT4Z05, 82.5 kWh, 520 km) | BYD Yuan Plus (XOR1M10, 60.5 kWh, 430 km)"
2026-08-14,302,B,Felipe Santos,1,RJU9L73,"Renault Kwid E-Tech (RJU9L73, 26.8 kWh, 185 km)"
2026-08-14,401,B,Gabriela Lima,1,YJC3D48,"Peugeot e-208 (YJC3D48, 51.0 kWh, 360 km)"
2026-08-14,402,B,Henrique Rocha,1,IOU5F47,"JAC e-JS1 (IOU5F47, 30.2 kWh, 300 km)"
2026-08-15,101,A,Ana Silva,1,UDA4H28,"BYD Dolphin Mini (UDA4H28, 38.0 kWh, 280 km)"
2026-08-15,102,A,Bruno Costa,3,EXD8C75|NBA1G29|QTA8G91,"Tesla Model 3 RWD (EXD8C75, 60.0 kWh, 450 km) | Chevrolet Bolt EUV (NBA1G29, 65.0 kWh, 400 km) | BMW iX1 (QTA8G91, 66.5 kWh, 430 km)"
2026-08-15,201,A,Carla Mendes,2,UWR6H57|SIZ0Y20,"GWM Ora 03 Skin (UWR6H57, 48.0 kWh, 310 km) | Volvo EX30 (SIZ0Y20, 51.0 kWh, 340 km)"
2026-08-15,202,A,Daniel Oliveira,1,YKD1M12,"Fiat 500e (YKD1M12, 42.0 kWh, 300 km)"
2026-08-15,301,B,Elena Souza,2,LLT4Z05|XOR1M10,"BYD Seal (LLT4Z05, 82.5 kWh, 520 km) | BYD Yuan Plus (XOR1M10, 60.5 kWh, 430 km)"
2026-08-15,302,B,Felipe Santos,1,RJU9L73,"Renault Kwid E-Tech (RJU9L73, 26.8 kWh, 185 km)"
2026-08-15,401,B,Gabriela Lima,1,YJC3D48,"Peugeot e-208 (YJC3D48, 51.0 kWh, 360 km)"
2026-08-15,402,B,Henrique Rocha,1,IOU5F47,"JAC e-JS1 (IOU5F47, 30.2 kWh, 300 km)"
2026-08-16,101,A,Ana Silva,1,UDA4H28,"BYD Dolphin Mini (UDA4H28, 38.0 kWh, 280 km)"
2026-08-16,102,A,Bruno Costa,3,EXD8C75|NBA1G29|QTA8G91,"Tesla Model 3 RWD (EXD8C75, 60.0 kWh, 450 km) | Chevrolet Bolt EUV (NBA1G29, 65.0 kWh, 400 km) | BMW iX1 (QTA8G91, 66.5 kWh, 430 km)"
2026-08-16,201,A,Carla Mendes,2,UWR6H57|SIZ0Y20,"GWM Ora 03 Skin (UWR6H57, 48.0 kWh, 310 km) | Volvo EX30 (SIZ0Y20, 51.0 kWh, 340 km)"
2026-08-16,202,A,Daniel Oliveira,1,YKD1M12,"Fiat 500e (YKD1M12, 42.0 kWh, 300 km)"
2026-08-16,301,B,Elena Souza,2,LLT4Z05|XOR1M10,"BYD Seal (LLT4Z05, 82.5 kWh, 520 km) | BYD Yuan Plus (XOR1M10, 60.5 kWh, 430 km)"
2026-08-16,302,B,Felipe Santos,1,RJU9L73,"Renault Kwid E-Tech (RJU9L73, 26.8 kWh, 185 km)"
2026-08-16,401,B,Gabriela Lima,1,YJC3D48,"Peugeot e-208 (YJC3D48, 51.0 kWh, 360 km)"
2026-08-16,402,B,Henrique Rocha,1,IOU5F47,"JAC e-JS1 (IOU5F47, 30.2 kWh, 300 km)"
2026-08-17,101,A,Ana Silva,1,UDA4H28,"BYD Dolphin Mini (UDA4H28, 38.0 kWh, 280 km)"
2026-08-17,102,A,Bruno Costa,3,EXD8C75|NBA1G29|QTA8G91,"Tesla Model 3 RWD (EXD8C75, 60.0 kWh, 450 km) | Chevrolet Bolt EUV (NBA1G29, 65.0 kWh, 400 km) | BMW iX1 (QTA8G91, 66.5 kWh, 430 km)"
2026-08-17,201,A,Carla Mendes,2,UWR6H57|SIZ0Y20,"GWM Ora 03 Skin (UWR6H57, 48.0 kWh, 310 km) | Volvo EX30 (SIZ0Y20, 51.0 kWh, 340 km)"
2026-08-17,202,A,Daniel Oliveira,1,YKD1M12,"Fiat 500e (YKD1M12, 42.0 kWh, 300 km)"
2026-08-17,301,B,Elena Souza,2,LLT4Z05|XOR1M10,"BYD Seal (LLT4Z05, 82.5 kWh, 520 km) | BYD Yuan Plus (XOR1M10, 60.5 kWh, 430 km)"
2026-08-17,302,B,Felipe Santos,1,RJU9L73,"Renault Kwid E-Tech (RJU9L73, 26.8 kWh, 185 km)"
2026-08-17,401,B,Gabriela Lima,1,YJC3D48,"Peugeot e-208 (YJC3D48, 51.0 kWh, 360 km)"
2026-08-17,402,B,Henrique Rocha,1,IOU5F47,"JAC e-JS1 (IOU5F47, 30.2 kWh, 300 km)"
2026-08-18,101,A,Ana Silva,1,UDA4H28,"BYD Dolphin Mini (UDA4H28, 38.0 kWh, 280 km)"
2026-08-18,102,A,Bruno Costa,3,EXD8C75|NBA1G29|QTA8G91,"Tesla Model 3 RWD (EXD8C75, 60.0 kWh, 450 km) | Chevrolet Bolt EUV (NBA1G29, 65.0 kWh, 400 km) | BMW iX1 (QTA8G91, 66.5 kWh, 430 km)"
2026-08-18,201,A,Carla Mendes,2,UWR6H57|SIZ0Y20,"GWM Ora 03 Skin (UWR6H57, 48.0 kWh, 310 km) | Volvo EX30 (SIZ0Y20, 51.0 kWh, 340 km)"
2026-08-18,202,A,Daniel Oliveira,1,YKD1M12,"Fiat 500e (YKD1M12, 42.0 kWh, 300 km)"
2026-08-18,301,B,Elena Souza,2,LLT4Z05|XOR1M10,"BYD Seal (LLT4Z05, 82.5 kWh, 520 km) | BYD Yuan Plus (XOR1M10, 60.5 kWh, 430 km)"
2026-08-18,302,B,Felipe Santos,1,RJU9L73,"Renault Kwid E-Tech (RJU9L73, 26.8 kWh, 185 km)"
2026-08-18,401,B,Gabriela Lima,1,YJC3D48,"Peugeot e-208 (YJC3D48, 51.0 kWh, 360 km)"
2026-08-18,402,B,Henrique Rocha,1,IOU5F47,"JAC e-JS1 (IOU5F47, 30.2 kWh, 300 km)"
2026-08-19,101,A,Ana Silva,1,UDA4H28,"BYD Dolphin Mini (UDA4H28, 38.0 kWh, 280 km)"
2026-08-19,102,A,Bruno Costa,2,EXD8C75|QTA8G91,"Tesla Model 3 RWD (EXD8C75, 60.0 kWh, 450 km) | BMW iX1 (QTA8G91, 66.5 kWh, 430 km)"
2026-08-19,201,A,Carla Mendes,2,UWR6H57|SIZ0Y20,"GWM Ora 03 Skin (UWR6H57, 48.0 kWh, 310 km) | Volvo EX30 (SIZ0Y20, 51.0 kWh, 340 km)"
2026-08-19,202,A,Daniel Oliveira,1,YKD1M12,"Fiat 500e (YKD1M12, 42.0 kWh, 300 km)"
2026-08-19,301,B,Elena Souza,2,LLT4Z05|XOR1M10,"BYD Seal (LLT4Z05, 82.5 kWh, 520 km) | BYD Yuan Plus (XOR1M10, 60.5 kWh, 430 km)"
2026-08-19,302,B,Felipe Santos,1,RJU9L73,"Renault Kwid E-Tech (RJU9L73, 26.8 kWh, 185 km)"
2026-08-19,401,B,Gabriela Lima,1,YJC3D48,"Peugeot e-208 (YJC3D48, 51.0 kWh, 360 km)"
2026-08-19,402,B,Henrique Rocha,1,IOU5F47,"JAC e-JS1 (IOU5F47, 30.2 kWh, 300 km)"
2026-08-20,101,A,Ana Silva,1,UDA4H28,"BYD Dolphin Mini (UDA4H28, 38.0 kWh, 280 km)"
2026-08-20,102,A,Bruno Costa,2,EXD8C75|QTA8G91,"Tesla Model 3 RWD (EXD8C75, 60.0 kWh, 450 km) | BMW iX1 (QTA8G91, 66.5 kWh, 430 km)"
2026-08-20,201,A,Carla Mendes,2,UWR6H57|SIZ0Y20,"GWM Ora 03 Skin (UWR6H57, 48.0 kWh, 310 km) | Volvo EX30 (SIZ0Y20, 51.0 kWh, 340 km)"
2026-08-20,202,A,Daniel Oliveira,1,YKD1M12,"Fiat 500e (YKD1M12, 42.0 kWh, 300 km)"
2026-08-20,301,B,Elena Souza,2,LLT4Z05|XOR1M10,"BYD Seal (LLT4Z05, 82.5 kWh, 520 km) | BYD Yuan Plus (XOR1M10, 60.5 kWh, 430 km)"
2026-08-20,302,B,Felipe Santos,1,RJU9L73,"Renault Kwid E-Tech (RJU9L73, 26.8 kWh, 185 km)"
2026-08-20,401,B,Gabriela Lima,1,YJC3D48,"Peugeot e-208 (YJC3D48, 51.0 kWh, 360 km)"
2026-08-20,402,B,Henrique Rocha,1,IOU5F47,"JAC e-JS1 (IOU5F47, 30.2 kWh, 300 km)"
2026-08-21,101,A,Ana Silva,1,UDA4H28,"BYD Dolphin Mini (UDA4H28, 38.0 kWh, 280 km)"
2026-08-21,102,A,Bruno Costa,2,EXD8C75|QTA8G91,"Tesla Model 3 RWD (EXD8C75, 60.0 kWh, 450 km) | BMW iX1 (QTA8G91, 66.5 kWh, 430 km)"
2026-08-21,201,A,Carla Mendes,2,UWR6H57|SIZ0Y20,"GWM Ora 03 Skin (UWR6H57, 48.0 kWh, 310 km) | Volvo EX30 (SIZ0Y20, 51.0 kWh, 340 km)"
2026-08-21,202,A,Daniel Oliveira,1,YKD1M12,"Fiat 500e (YKD1M12, 42.0 kWh, 300 km)"
2026-08-21,301,B,Elena Souza,2,LLT4Z05|XOR1M10,"BYD Seal (LLT4Z05, 82.5 kWh, 520 km) | BYD Yuan Plus (XOR1M10, 60.5 kWh, 430 km)"
2026-08-21,302,B,Felipe Santos,1,RJU9L73,"Renault Kwid E-Tech (RJU9L73, 26.8 kWh, 185 km)"
2026-08-21,401,B,Gabriela Lima,1,YJC3D48,"Peugeot e-208 (YJC3D48, 51.0 kWh, 360 km)"
2026-08-21,402,B,Henrique Rocha,1,IOU5F47,"JAC e-JS1 (IOU5F47, 30.2 kWh, 300 km)"
2026-08-22,101,A,Ana Silva,1,UDA4H28,"BYD Dolphin Mini (UDA4H28, 38.0 kWh, 280 km)"
2026-08-22,102,A,Bruno Costa,2,EXD8C75|QTA8G91,"Tesla Model 3 RWD (EXD8C75, 60.0 kWh, 450 km) | BMW iX1 (QTA8G91, 66.5 kWh, 430 km)"
2026-08-22,201,A,Carla Mendes,2,UWR6H57|SIZ0Y20,"GWM Ora 03 Skin (UWR6H57, 48.0 kWh, 310 km) | Volvo EX30 (SIZ0Y20, 51.0 kWh, 340 km)"
2026-08-22,202,A,Daniel Oliveira,1,YKD1M12,"Fiat 500e (YKD1M12, 42.0 kWh, 300 km)"
2026-08-22,301,B,Elena Souza,2,LLT4Z05|XOR1M10,"BYD Seal (LLT4Z05, 82.5 kWh, 520 km) | BYD Yuan Plus (XOR1M10, 60.5 kWh, 430 km)"
2026-08-22,302,B,Felipe Santos,1,RJU9L73,"Renault Kwid E-Tech (RJU9L73, 26.8 kWh, 185 km)"
2026-08-22,401,B,Gabriela Lima,1,YJC3D48,"Peugeot e-208 (YJC3D48, 51.0 kWh, 360 km)"
2026-08-22,402,B,Henrique Rocha,1,IOU5F47,"JAC e-JS1 (IOU5F47, 30.2 kWh, 300 km)"
2026-08-23,101,A,Ana Silva,1,UDA4H28,"BYD Dolphin Mini (UDA4H28, 38.0 kWh, 280 km)"
2026-08-23,102,A,Bruno Costa,2,EXD8C75|QTA8G91,"Tesla Model 3 RWD (EXD8C75, 60.0 kWh, 450 km) | BMW iX1 (QTA8G91, 66.5 kWh, 430 km)"
2026-08-23,201,A,Carla Mendes,2,UWR6H57|SIZ0Y20,"GWM Ora 03 Skin (UWR6H57, 48.0 kWh, 310 km) | Volvo EX30 (SIZ0Y20, 51.0 kWh, 340 km)"
2026-08-23,202,A,Daniel Oliveira,1,YKD1M12,"Fiat 500e (YKD1M12, 42.0 kWh, 300 km)"
2026-08-23,301,B,Elena Souza,2,LLT4Z05|XOR1M10,"BYD Seal (LLT4Z05, 82.5 kWh, 520 km) | BYD Yuan Plus (XOR1M10, 60.5 kWh, 430 km)"
2026-08-23,302,B,Felipe Santos,1,RJU9L73,"Renault Kwid E-Tech (RJU9L73, 26.8 kWh, 185 km)"
2026-08-23,401,B,Gabriela Lima,1,YJC3D48,"Peugeot e-208 (YJC3D48, 51.0 kWh, 360 km)"
2026-08-23,402,B,Henrique Rocha,1,IOU5F47,"JAC e-JS1 (IOU5F47, 30.2 kWh, 300 km)"
2026-08-24,101,A,Ana Silva,1,UDA4H28,"BYD Dolphin Mini (UDA4H28, 38.0 kWh, 280 km)"
2026-08-24,102,A,Bruno Costa,2,EXD8C75|QTA8G91,"Tesla Model 3 RWD (EXD8C75, 60.0 kWh, 450 km) | BMW iX1 (QTA8G91, 66.5 kWh, 430 km)"
2026-08-24,201,A,Carla Mendes,2,UWR6H57|SIZ0Y20,"GWM Ora 03 Skin (UWR6H57, 48.0 kWh, 310 km) | Volvo EX30 (SIZ0Y20, 51.0 kWh, 340 km)"
2026-08-24,202,A,Daniel Oliveira,1,YKD1M12,"Fiat 500e (YKD1M12, 42.0 kWh, 300 km)"
2026-08-24,301,B,Elena Souza,2,LLT4Z05|XOR1M10,"BYD Seal (LLT4Z05, 82.5 kWh, 520 km) | BYD Yuan Plus (XOR1M10, 60.5 kWh, 430 km)"
2026-08-24,302,B,Felipe Santos,1,RJU9L73,"Renault Kwid E-Tech (RJU9L73, 26.8 kWh, 185 km)"
2026-08-24,401,B,Gabriela Lima,1,YJC3D48,"Peugeot e-208 (YJC3D48, 51.0 kWh, 360 km)"
2026-08-24,402,B,Henrique Rocha,1,IOU5F47,"JAC e-JS1 (IOU5F47, 30.2 kWh, 300 km)"
2026-08-25,101,A,Ana Silva,1,UDA4H28,"BYD Dolphin Mini (UDA4H28, 38.0 kWh, 280 km)"
2026-08-25,102,A,Bruno Costa,2,EXD8C75|QTA8G91,"Tesla Model 3 RWD (EXD8C75, 60.0 kWh, 450 km) | BMW iX1 (QTA8G91, 66.5 kWh, 430 km)"
2026-08-25,201,A,Carla Mendes,2,UWR6H57|SIZ0Y20,"GWM Ora 03 Skin (UWR6H57, 48.0 kWh, 310 km) | Volvo EX30 (SIZ0Y20, 51.0 kWh, 340 km)"
2026-08-25,202,A,Daniel Oliveira,1,YKD1M12,"Fiat 500e (YKD1M12, 42.0 kWh, 300 km)"
2026-08-25,301,B,Elena Souza,2,LLT4Z05|XOR1M10,"BYD Seal (LLT4Z05, 82.5 kWh, 520 km) | BYD Yuan Plus (XOR1M10, 60.5 kWh, 430 km)"
2026-08-25,302,B,Felipe Santos,1,RJU9L73,"Renault Kwid E-Tech (RJU9L73, 26.8 kWh, 185 km)"
2026-08-25,401,B,Gabriela Lima,1,YJC3D48,"Peugeot e-208 (YJC3D48, 51.0 kWh, 360 km)"
2026-08-25,402,B,Henrique Rocha,1,IOU5F47,"JAC e-JS1 (IOU5F47, 30.2 kWh, 300 km)"
2026-08-26,101,A,Ana Silva,1,UDA4H28,"BYD Dolphin Mini (UDA4H28, 38.0 kWh, 280 km)"
2026-08-26,102,A,Bruno Costa,2,EXD8C75|QTA8G91,"Tesla Model 3 RWD (EXD8C75, 60.0 kWh, 450 km) | BMW iX1 (QTA8G91, 66.5 kWh, 430 km)"
2026-08-26,201,A,Carla Mendes,2,UWR6H57|SIZ0Y20,"GWM Ora 03 Skin (UWR6H57, 48.0 kWh, 310 km) | Volvo EX30 (SIZ0Y20, 51.0 kWh, 340 km)"
2026-08-26,202,A,Daniel Oliveira,1,YKD1M12,"Fiat 500e (YKD1M12, 42.0 kWh, 300 km)"
2026-08-26,301,B,Elena Souza,2,LLT4Z05|XOR1M10,"BYD Seal (LLT4Z05, 82.5 kWh, 520 km) | BYD Yuan Plus (XOR1M10, 60.5 kWh, 430 km)"
2026-08-26,302,B,Felipe Santos,1,RJU9L73,"Renault Kwid E-Tech (RJU9L73, 26.8 kWh, 185 km)"
2026-08-26,401,B,Gabriela Lima,1,YJC3D48,"Peugeot e-208 (YJC3D48, 51.0 kWh, 360 km)"
2026-08-26,402,B,Henrique Rocha,1,IOU5F47,"JAC e-JS1 (IOU5F47, 30.2 kWh, 300 km)"
2026-08-27,101,A,Ana Silva,1,UDA4H28,"BYD Dolphin Mini (UDA4H28, 38.0 kWh, 280 km)"
2026-08-27,102,A,Bruno Costa,2,EXD8C75|QTA8G91,"Tesla Model 3 RWD (EXD8C75, 60.0 kWh, 450 km) | BMW iX1 (QTA8G91, 66.5 kWh, 430 km)"
2026-08-27,201,A,Carla Mendes,2,UWR6H57|SIZ0Y20,"GWM Ora 03 Skin (UWR6H57, 48.0 kWh, 310 km) | Volvo EX30 (SIZ0Y20, 51.0 kWh, 340 km)"
2026-08-27,202,A,Daniel Oliveira,1,YKD1M12,"Fiat 500e (YKD1M12, 42.0 kWh, 300 km)"
2026-08-27,301,B,Elena Souza,2,LLT4Z05|XOR1M10,"BYD Seal (LLT4Z05, 82.5 kWh, 520 km) | BYD Yuan Plus (XOR1M10, 60.5 kWh, 430 km)"
2026-08-27,302,B,Felipe Santos,1,RJU9L73,"Renault Kwid E-Tech (RJU9L73, 26.8 kWh, 185 km)"
2026-08-27,401,B,Gabriela Lima,1,YJC3D48,"Peugeot e-208 (YJC3D48, 51.0 kWh, 360 km)"
2026-08-27,402,B,Henrique Rocha,1,IOU5F47,"JAC e-JS1 (IOU5F47, 30.2 kWh, 300 km)"
2026-08-28,101,A,Ana Silva,1,UDA4H28,"BYD Dolphin Mini (UDA4H28, 38.0 kWh, 280 km)"
2026-08-28,102,A,Bruno Costa,2,EXD8C75|QTA8G91,"Tesla Model 3 RWD (EXD8C75, 60.0 kWh, 450 km) | BMW iX1 (QTA8G91, 66.5 kWh, 430 km)"
2026-08-28,201,A,Carla Mendes,2,UWR6H57|SIZ0Y20,"GWM Ora 03 Skin (UWR6H57, 48.0 kWh, 310 km) | Volvo EX30 (SIZ0Y20, 51.0 kWh, 340 km)"
2026-08-28,202,A,Daniel Oliveira,1,YKD1M12,"Fiat 500e (YKD1M12, 42.0 kWh, 300 km)"
2026-08-28,301,B,Elena Souza,2,LLT4Z05|XOR1M10,"BYD Seal (LLT4Z05, 82.5 kWh, 520 km) | BYD Yuan Plus (XOR1M10, 60.5 kWh, 430 km)"
2026-08-28,302,B,Felipe Santos,1,RJU9L73,"Renault Kwid E-Tech (RJU9L73, 26.8 kWh, 185 km)"
2026-08-28,401,B,Gabriela Lima,1,YJC3D48,"Peugeot e-208 (YJC3D48, 51.0 kWh, 360 km)"
2026-08-28,402,B,Henrique Rocha,1,IOU5F47,"JAC e-JS1 (IOU5F47, 30.2 kWh, 300 km)"
2026-08-29,101,A,Ana Silva,1,UDA4H28,"BYD Dolphin Mini (UDA4H28, 38.0 kWh, 280 km)"
2026-08-29,102,A,Bruno Costa,2,EXD8C75|QTA8G91,"Tesla Model 3 RWD (EXD8C75, 60.0 kWh, 450 km) | BMW iX1 (QTA8G91, 66.5 kWh, 430 km)"
2026-08-29,201,A,Carla Mendes,2,UWR6H57|SIZ0Y20,"GWM Ora 03 Skin (UWR6H57, 48.0 kWh, 310 km) | Volvo EX30 (SIZ0Y20, 51.0 kWh, 340 km)"
2026-08-29,202,A,Daniel Oliveira,1,YKD1M12,"Fiat 500e (YKD1M12, 42.0 kWh, 300 km)"
2026-08-29,301,B,Elena Souza,2,LLT4Z05|XOR1M10,"BYD Seal (LLT4Z05, 82.5 kWh, 520 km) | BYD Yuan Plus (XOR1M10, 60.5 kWh, 430 km)"
2026-08-29,302,B,Felipe Santos,1,RJU9L73,"Renault Kwid E-Tech (RJU9L73, 26.8 kWh, 185 km)"
2026-08-29,401,B,Gabriela Lima,1,YJC3D48,"Peugeot e-208 (YJC3D48, 51.0 kWh, 360 km)"
2026-08-29,402,B,Henrique Rocha,1,IOU5F47,"JAC e-JS1 (IOU5F47, 30.2 kWh, 300 km)"
2026-08-30,101,A,Ana Silva,1,UDA4H28,"BYD Dolphin Mini (UDA4H28, 38.0 kWh, 280 km)"
2026-08-30,102,A,Bruno Costa,2,EXD8C75|QTA8G91,"Tesla Model 3 RWD (EXD8C75, 60.0 kWh, 450 km) | BMW iX1 (QTA8G91, 66.5 kWh, 430 km)"
2026-08-30,201,A,Carla Mendes,2,UWR6H57|SIZ0Y20,"GWM Ora 03 Skin (UWR6H57, 48.0 kWh, 310 km) | Volvo EX30 (SIZ0Y20, 51.0 kWh, 340 km)"
2026-08-30,202,A,Daniel Oliveira,1,YKD1M12,"Fiat 500e (YKD1M12, 42.0 kWh, 300 km)"
2026-08-30,301,B,Elena Souza,2,LLT4Z05|XOR1M10,"BYD Seal (LLT4Z05, 82.5 kWh, 520 km) | BYD Yuan Plus (XOR1M10, 60.5 kWh, 430 km)"
2026-08-30,302,B,Felipe Santos,1,RJU9L73,"Renault Kwid E-Tech (RJU9L73, 26.8 kWh, 185 km)"
2026-08-30,401,B,Gabriela Lima,1,YJC3D48,"Peugeot e-208 (YJC3D48, 51.0 kWh, 360 km)"
2026-08-30,402,B,Henrique Rocha,1,IOU5F47,"JAC e-JS1 (IOU5F47, 30.2 kWh, 300 km)"
2026-08-31,101,A,Ana Silva,1,UDA4H28,"BYD Dolphin Mini (UDA4H28, 38.0 kWh, 280 km)"
2026-08-31,102,A,Bruno Costa,2,EXD8C75|QTA8G91,"Tesla Model 3 RWD (EXD8C75, 60.0 kWh, 450 km) | BMW iX1 (QTA8G91, 66.5 kWh, 430 km)"
2026-08-31,201,A,Carla Mendes,2,UWR6H57|SIZ0Y20,"GWM Ora 03 Skin (UWR6H57, 48.0 kWh, 310 km) | Volvo EX30 (SIZ0Y20, 51.0 kWh, 340 km)"
2026-08-31,202,A,Daniel Oliveira,1,YKD1M12,"Fiat 500e (YKD1M12, 42.0 kWh, 300 km)"
2026-08-31,301,B,Elena Souza,2,LLT4Z05|XOR1M10,"BYD Seal (LLT4Z05, 82.5 kWh, 520 km) | BYD Yuan Plus (XOR1M10, 60.5 kWh, 430 km)"
2026-08-31,302,B,Felipe Santos,1,RJU9L73,"Renault Kwid E-Tech (RJU9L73, 26.8 kWh, 185 km)"
2026-08-31,401,B,Gabriela Lima,1,YJC3D48,"Peugeot e-208 (YJC3D48, 51.0 kWh, 360 km)"
2026-08-31,402,B,Henrique Rocha,1,IOU5F47,"JAC e-JS1 (IOU5F47, 30.2 kWh, 300 km)"
2026-09-01,101,A,Ana Silva,1,UDA4H28,"BYD Dolphin Mini (UDA4H28, 38.0 kWh, 280 km)"
2026-09-01,102,A,Bruno Costa,2,EXD8C75|QTA8G91,"Tesla Model 3 RWD (EXD8C75, 60.0 kWh, 450 km) | BMW iX1 (QTA8G91, 66.5 kWh, 430 km)"
2026-09-01,201,A,Carla Mendes,2,UWR6H57|SIZ0Y20,"GWM Ora 03 Skin (UWR6H57, 48.0 kWh, 310 km) | Volvo EX30 (SIZ0Y20, 51.0 kWh, 340 km)"
2026-09-01,202,A,Daniel Oliveira,1,YKD1M12,"Fiat 500e (YKD1M12, 42.0 kWh, 300 km)"
2026-09-01,301,B,Elena Souza,2,LLT4Z05|XOR1M10,"BYD Seal (LLT4Z05, 82.5 kWh, 520 km) | BYD Yuan Plus (XOR1M10, 60.5 kWh, 430 km)"
2026-09-01,302,B,Felipe Santos,1,RJU9L73,"Renault Kwid E-Tech (RJU9L73, 26.8 kWh, 185 km)"
2026-09-01,401,B,Gabriela Lima,1,YJC3D48,"Peugeot e-208 (YJC3D48, 51.0 kWh, 360 km)"
2026-09-01,402,B,Henrique Rocha,2,IOU5F47|LGV4W87,"JAC e-JS1 (IOU5F47, 30.2 kWh, 300 km) | Hyundai Ioniq 5 (LGV4W87, 77.4 kWh, 480 km)"
2026-09-02,101,A,Ana Silva,1,UDA4H28,"BYD Dolphin Mini (UDA4H28, 38.0 kWh, 280 km)"
2026-09-02,102,A,Bruno Costa,2,EXD8C75|QTA8G91,"Tesla Model 3 RWD (EXD8C75, 60.0 kWh, 450 km) | BMW iX1 (QTA8G91, 66.5 kWh, 430 km)"
2026-09-02,201,A,Carla Mendes,2,UWR6H57|SIZ0Y20,"GWM Ora 03 Skin (UWR6H57, 48.0 kWh, 310 km) | Volvo EX30 (SIZ0Y20, 51.0 kWh, 340 km)"
2026-09-02,202,A,Daniel Oliveira,1,YKD1M12,"Fiat 500e (YKD1M12, 42.0 kWh, 300 km)"
2026-09-02,301,B,Elena Souza,2,LLT4Z05|XOR1M10,"BYD Seal (LLT4Z05, 82.5 kWh, 520 km) | BYD Yuan Plus (XOR1M10, 60.5 kWh, 430 km)"
2026-09-02,302,B,Felipe Santos,1,RJU9L73,"Renault Kwid E-Tech (RJU9L73, 26.8 kWh, 185 km)"
2026-09-02,401,B,Gabriela Lima,1,YJC3D48,"Peugeot e-208 (YJC3D48, 51.0 kWh, 360 km)"
2026-09-02,402,B,Henrique Rocha,2,IOU5F47|LGV4W87,"JAC e-JS1 (IOU5F47, 30.2 kWh, 300 km) | Hyundai Ioniq 5 (LGV4W87, 77.4 kWh, 480 km)"
2026-09-03,101,A,Ana Silva,1,UDA4H28,"BYD Dolphin Mini (UDA4H28, 38.0 kWh, 280 km)"
2026-09-03,102,A,Bruno Costa,2,EXD8C75|QTA8G91,"Tesla Model 3 RWD (EXD8C75, 60.0 kWh, 450 km) | BMW iX1 (QTA8G91, 66.5 kWh, 430 km)"
2026-09-03,201,A,Carla Mendes,2,UWR6H57|SIZ0Y20,"GWM Ora 03 Skin (UWR6H57, 48.0 kWh, 310 km) | Volvo EX30 (SIZ0Y20, 51.0 kWh, 340 km)"
2026-09-03,202,A,Daniel Oliveira,1,YKD1M12,"Fiat 500e (YKD1M12, 42.0 kWh, 300 km)"
2026-09-03,301,B,Elena Souza,2,LLT4Z05|XOR1M10,"BYD Seal (LLT4Z05, 82.5 kWh, 520 km) | BYD Yuan Plus (XOR1M10, 60.5 kWh, 430 km)"
2026-09-03,302,B,Felipe Santos,1,RJU9L73,"Renault Kwid E-Tech (RJU9L73, 26.8 kWh, 185 km)"
2026-09-03,401,B,Gabriela Lima,1,YJC3D48,"Peugeot e-208 (YJC3D48, 51.0 kWh, 360 km)"
2026-09-03,402,B,Henrique Rocha,2,IOU5F47|LGV4W87,"JAC e-JS1 (IOU5F47, 30.2 kWh, 300 km) | Hyundai Ioniq 5 (LGV4W87, 77.4 kWh, 480 km)"
2026-09-04,101,A,Ana Silva,1,UDA4H28,"BYD Dolphin Mini (UDA4H28, 38.0 kWh, 280 km)"
2026-09-04,102,A,Bruno Costa,2,EXD8C75|QTA8G91,"Tesla Model 3 RWD (EXD8C75, 60.0 kWh, 450 km) | BMW iX1 (QTA8G91, 66.5 kWh, 430 km)"
2026-09-04,201,A,Carla Mendes,2,UWR6H57|SIZ0Y20,"GWM Ora 03 Skin (UWR6H57, 48.0 kWh, 310 km) | Volvo EX30 (SIZ0Y20, 51.0 kWh, 340 km)"
2026-09-04,202,A,Daniel Oliveira,1,YKD1M12,"Fiat 500e (YKD1M12, 42.0 kWh, 300 km)"
2026-09-04,301,B,Elena Souza,2,LLT4Z05|XOR1M10,"BYD Seal (LLT4Z05, 82.5 kWh, 520 km) | BYD Yuan Plus (XOR1M10, 60.5 kWh, 430 km)"
2026-09-04,302,B,Felipe Santos,1,RJU9L73,"Renault Kwid E-Tech (RJU9L73, 26.8 kWh, 185 km)"
2026-09-04,401,B,Gabriela Lima,1,YJC3D48,"Peugeot e-208 (YJC3D48, 51.0 kWh, 360 km)"
2026-09-04,402,B,Henrique Rocha,2,IOU5F47|LGV4W87,"JAC e-JS1 (IOU5F47, 30.2 kWh, 300 km) | Hyundai Ioniq 5 (LGV4W87, 77.4 kWh, 480 km)"
2026-09-05,101,A,Ana Silva,1,UDA4H28,"BYD Dolphin Mini (UDA4H28, 38.0 kWh, 280 km)"
2026-09-05,102,A,Bruno Costa,2,EXD8C75|QTA8G91,"Tesla Model 3 RWD (EXD8C75, 60.0 kWh, 450 km) | BMW iX1 (QTA8G91, 66.5 kWh, 430 km)"
2026-09-05,201,A,Carla Mendes,2,UWR6H57|SIZ0Y20,"GWM Ora 03 Skin (UWR6H57, 48.0 kWh, 310 km) | Volvo EX30 (SIZ0Y20, 51.0 kWh, 340 km)"
2026-09-05,202,A,Daniel Oliveira,1,YKD1M12,"Fiat 500e (YKD1M12, 42.0 kWh, 300 km)"
2026-09-05,301,B,Elena Souza,2,LLT4Z05|XOR1M10,"BYD Seal (LLT4Z05, 82.5 kWh, 520 km) | BYD Yuan Plus (XOR1M10, 60.5 kWh, 430 km)"
2026-09-05,302,B,Felipe Santos,1,RJU9L73,"Renault Kwid E-Tech (RJU9L73, 26.8 kWh, 185 km)"
2026-09-05,401,B,Gabriela Lima,1,YJC3D48,"Peugeot e-208 (YJC3D48, 51.0 kWh, 360 km)"
2026-09-05,402,B,Henrique Rocha,2,IOU5F47|LGV4W87,"JAC e-JS1 (IOU5F47, 30.2 kWh, 300 km) | Hyundai Ioniq 5 (LGV4W87, 77.4 kWh, 480 km)"
2026-09-06,101,A,Ana Silva,1,UDA4H28,"BYD Dolphin Mini (UDA4H28, 38.0 kWh, 280 km)"
2026-09-06,102,A,Bruno Costa,2,EXD8C75|QTA8G91,"Tesla Model 3 RWD (EXD8C75, 60.0 kWh, 450 km) | BMW iX1 (QTA8G91, 66.5 kWh, 430 km)"
2026-09-06,201,A,Carla Mendes,2,UWR6H57|SIZ0Y20,"GWM Ora 03 Skin (UWR6H57, 48.0 kWh, 310 km) | Volvo EX30 (SIZ0Y20, 51.0 kWh, 340 km)"
2026-09-06,202,A,Daniel Oliveira,1,YKD1M12,"Fiat 500e (YKD1M12, 42.0 kWh, 300 km)"
2026-09-06,301,B,Elena Souza,2,LLT4Z05|XOR1M10,"BYD Seal (LLT4Z05, 82.5 kWh, 520 km) | BYD Yuan Plus (XOR1M10, 60.5 kWh, 430 km)"
2026-09-06,302,B,Felipe Santos,1,RJU9L73,"Renault Kwid E-Tech (RJU9L73, 26.8 kWh, 185 km)"
2026-09-06,401,B,Gabriela Lima,1,YJC3D48,"Peugeot e-208 (YJC3D48, 51.0 kWh, 360 km)"
2026-09-06,402,B,Henrique Rocha,2,IOU5F47|LGV4W87,"JAC e-JS1 (IOU5F47, 30.2 kWh, 300 km) | Hyundai Ioniq 5 (LGV4W87, 77.4 kWh, 480 km)"
2026-09-07,101,A,Ana Silva,1,UDA4H28,"BYD Dolphin Mini (UDA4H28, 38.0 kWh, 280 km)"
2026-09-07,102,A,Bruno Costa,2,EXD8C75|QTA8G91,"Tesla Model 3 RWD (EXD8C75, 60.0 kWh, 450 km) | BMW iX1 (QTA8G91, 66.5 kWh, 430 km)"
2026-09-07,201,A,Carla Mendes,2,UWR6H57|SIZ0Y20,"GWM Ora 03 Skin (UWR6H57, 48.0 kWh, 310 km) | Volvo EX30 (SIZ0Y20, 51.0 kWh, 340 km)"
2026-09-07,202,A,Daniel Oliveira,1,YKD1M12,"Fiat 500e (YKD1M12, 42.0 kWh, 300 km)"
2026-09-07,301,B,Elena Souza,2,LLT4Z05|XOR1M10,"BYD Seal (LLT4Z05, 82.5 kWh, 520 km) | BYD Yuan Plus (XOR1M10, 60.5 kWh, 430 km)"
2026-09-07,302,B,Felipe Santos,1,RJU9L73,"Renault Kwid E-Tech (RJU9L73, 26.8 kWh, 185 km)"
2026-09-07,401,B,Gabriela Lima,1,YJC3D48,"Peugeot e-208 (YJC3D48, 51.0 kWh, 360 km)"
2026-09-07,402,B,Henrique Rocha,2,IOU5F47|LGV4W87,"JAC e-JS1 (IOU5F47, 30.2 kWh, 300 km) | Hyundai Ioniq 5 (LGV4W87, 77.4 kWh, 480 km)"
2026-09-08,101,A,Ana Silva,1,UDA4H28,"BYD Dolphin Mini (UDA4H28, 38.0 kWh, 280 km)"
2026-09-08,102,A,Bruno Costa,2,EXD8C75|QTA8G91,"Tesla Model 3 RWD (EXD8C75, 60.0 kWh, 450 km) | BMW iX1 (QTA8G91, 66.5 kWh, 430 km)"
2026-09-08,201,A,Carla Mendes,2,UWR6H57|SIZ0Y20,"GWM Ora 03 Skin (UWR6H57, 48.0 kWh, 310 km) | Volvo EX30 (SIZ0Y20, 51.0 kWh, 340 km)"
2026-09-08,202,A,Daniel Oliveira,1,YKD1M12,"Fiat 500e (YKD1M12, 42.0 kWh, 300 km)"
2026-09-08,301,B,Elena Souza,2,LLT4Z05|XOR1M10,"BYD Seal (LLT4Z05, 82.5 kWh, 520 km) | BYD Yuan Plus (XOR1M10, 60.5 kWh, 430 km)"
2026-09-08,302,B,Felipe Santos,1,RJU9L73,"Renault Kwid E-Tech (RJU9L73, 26.8 kWh, 185 km)"
2026-09-08,401,B,Gabriela Lima,1,YJC3D48,"Peugeot e-208 (YJC3D48, 51.0 kWh, 360 km)"
2026-09-08,402,B,Henrique Rocha,2,IOU5F47|LGV4W87,"JAC e-JS1 (IOU5F47, 30.2 kWh, 300 km) | Hyundai Ioniq 5 (LGV4W87, 77.4 kWh, 480 km)"
2026-09-09,101,A,Ana Silva,1,UDA4H28,"BYD Dolphin Mini (UDA4H28, 38.0 kWh, 280 km)"
2026-09-09,102,A,Bruno Costa,2,EXD8C75|QTA8G91,"Tesla Model 3 RWD (EXD8C75, 60.0 kWh, 450 km) | BMW iX1 (QTA8G91, 66.5 kWh, 430 km)"
2026-09-09,201,A,Carla Mendes,2,UWR6H57|SIZ0Y20,"GWM Ora 03 Skin (UWR6H57, 48.0 kWh, 310 km) | Volvo EX30 (SIZ0Y20, 51.0 kWh, 340 km)"
2026-09-09,202,A,Daniel Oliveira,1,YKD1M12,"Fiat 500e (YKD1M12, 42.0 kWh, 300 km)"
2026-09-09,301,B,Elena Souza,2,LLT4Z05|XOR1M10,"BYD Seal (LLT4Z05, 82.5 kWh, 520 km) | BYD Yuan Plus (XOR1M10, 60.5 kWh, 430 km)"
2026-09-09,302,B,Felipe Santos,1,RJU9L73,"Renault Kwid E-Tech (RJU9L73, 26.8 kWh, 185 km)"
2026-09-09,401,B,Gabriela Lima,1,YJC3D48,"Peugeot e-208 (YJC3D48, 51.0 kWh, 360 km)"
2026-09-09,402,B,Henrique Rocha,2,IOU5F47|LGV4W87,"JAC e-JS1 (IOU5F47, 30.2 kWh, 300 km) | Hyundai Ioniq 5 (LGV4W87, 77.4 kWh, 480 km)"
2026-09-10,101,A,Ana Silva,1,UDA4H28,"BYD Dolphin Mini (UDA4H28, 38.0 kWh, 280 km)"
2026-09-10,102,A,Bruno Costa,2,EXD8C75|QTA8G91,"Tesla Model 3 RWD (EXD8C75, 60.0 kWh, 450 km) | BMW iX1 (QTA8G91, 66.5 kWh, 430 km)"
2026-09-10,201,A,Carla Mendes,2,UWR6H57|SIZ0Y20,"GWM Ora 03 Skin (UWR6H57, 48.0 kWh, 310 km) | Volvo EX30 (SIZ0Y20, 51.0 kWh, 340 km)"
2026-09-10,202,A,Daniel Oliveira,1,YKD1M12,"Fiat 500e (YKD1M12, 42.0 kWh, 300 km)"
2026-09-10,301,B,Elena Souza,2,LLT4Z05|XOR1M10,"BYD Seal (LLT4Z05, 82.5 kWh, 520 km) | BYD Yuan Plus (XOR1M10, 60.5 kWh, 430 km)"
2026-09-10,302,B,Felipe Santos,1,RJU9L73,"Renault Kwid E-Tech (RJU9L73, 26.8 kWh, 185 km)"
2026-09-10,401,B,Gabriela Lima,1,YJC3D48,"Peugeot e-208 (YJC3D48, 51.0 kWh, 360 km)"
2026-09-10,402,B,Henrique Rocha,2,IOU5F47|LGV4W87,"JAC e-JS1 (IOU5F47, 30.2 kWh, 300 km) | Hyundai Ioniq 5 (LGV4W87, 77.4 kWh, 480 km)"
2026-09-11,101,A,Ana Silva,1,UDA4H28,"BYD Dolphin Mini (UDA4H28, 38.0 kWh, 280 km)"
2026-09-11,102,A,Bruno Costa,2,EXD8C75|QTA8G91,"Tesla Model 3 RWD (EXD8C75, 60.0 kWh, 450 km) | BMW iX1 (QTA8G91, 66.5 kWh, 430 km)"
2026-09-11,201,A,Carla Mendes,2,UWR6H57|SIZ0Y20,"GWM Ora 03 Skin (UWR6H57, 48.0 kWh, 310 km) | Volvo EX30 (SIZ0Y20, 51.0 kWh, 340 km)"
2026-09-11,202,A,Daniel Oliveira,1,YKD1M12,"Fiat 500e (YKD1M12, 42.0 kWh, 300 km)"
2026-09-11,301,B,Elena Souza,2,LLT4Z05|XOR1M10,"BYD Seal (LLT4Z05, 82.5 kWh, 520 km) | BYD Yuan Plus (XOR1M10, 60.5 kWh, 430 km)"
2026-09-11,302,B,Felipe Santos,1,RJU9L73,"Renault Kwid E-Tech (RJU9L73, 26.8 kWh, 185 km)"
2026-09-11,401,B,Gabriela Lima,1,YJC3D48,"Peugeot e-208 (YJC3D48, 51.0 kWh, 360 km)"
2026-09-11,402,B,Henrique Rocha,2,IOU5F47|LGV4W87,"JAC e-JS1 (IOU5F47, 30.2 kWh, 300 km) | Hyundai Ioniq 5 (LGV4W87, 77.4 kWh, 480 km)"
2026-09-12,101,A,Ana Silva,1,UDA4H28,"BYD Dolphin Mini (UDA4H28, 38.0 kWh, 280 km)"
2026-09-12,102,A,Bruno Costa,2,EXD8C75|QTA8G91,"Tesla Model 3 RWD (EXD8C75, 60.0 kWh, 450 km) | BMW iX1 (QTA8G91, 66.5 kWh, 430 km)"
2026-09-12,201,A,Carla Mendes,2,UWR6H57|SIZ0Y20,"GWM Ora 03 Skin (UWR6H57, 48.0 kWh, 310 km) | Volvo EX30 (SIZ0Y20, 51.0 kWh, 340 km)"
2026-09-12,202,A,Daniel Oliveira,1,YKD1M12,"Fiat 500e (YKD1M12, 42.0 kWh, 300 km)"
2026-09-12,301,B,Elena Souza,2,LLT4Z05|XOR1M10,"BYD Seal (LLT4Z05, 82.5 kWh, 520 km) | BYD Yuan Plus (XOR1M10, 60.5 kWh, 430 km)"
2026-09-12,302,B,Felipe Santos,1,RJU9L73,"Renault Kwid E-Tech (RJU9L73, 26.8 kWh, 185 km)"
2026-09-12,401,B,Gabriela Lima,1,YJC3D48,"Peugeot e-208 (YJC3D48, 51.0 kWh, 360 km)"
2026-09-12,402,B,Henrique Rocha,2,IOU5F47|LGV4W87,"JAC e-JS1 (IOU5F47, 30.2 kWh, 300 km) | Hyundai Ioniq 5 (LGV4W87, 77.4 kWh, 480 km)"
2026-09-13,101,A,Ana Silva,1,UDA4H28,"BYD Dolphin Mini (UDA4H28, 38.0 kWh, 280 km)"
2026-09-13,102,A,Bruno Costa,2,EXD8C75|QTA8G91,"Tesla Model 3 RWD (EXD8C75, 60.0 kWh, 450 km) | BMW iX1 (QTA8G91, 66.5 kWh, 430 km)"
2026-09-13,201,A,Carla Mendes,2,UWR6H57|SIZ0Y20,"GWM Ora 03 Skin (UWR6H57, 48.0 kWh, 310 km) | Volvo EX30 (SIZ0Y20, 51.0 kWh, 340 km)"
2026-09-13,202,A,Daniel Oliveira,1,YKD1M12,"Fiat 500e (YKD1M12, 42.0 kWh, 300 km)"
2026-09-13,301,B,Elena Souza,2,LLT4Z05|XOR1M10,"BYD Seal (LLT4Z05, 82.5 kWh, 520 km) | BYD Yuan Plus (XOR1M10, 60.5 kWh, 430 km)"
2026-09-13,302,B,Felipe Santos,0,,
2026-09-13,401,B,Gabriela Lima,1,YJC3D48,"Peugeot e-208 (YJC3D48, 51.0 kWh, 360 km)"
2026-09-13,402,B,Henrique Rocha,2,IOU5F47|LGV4W87,"JAC e-JS1 (IOU5F47, 30.2 kWh, 300 km) | Hyundai Ioniq 5 (LGV4W87, 77.4 kWh, 480 km)"
2026-09-14,101,A,Ana Silva,1,UDA4H28,"BYD Dolphin Mini (UDA4H28, 38.0 kWh, 280 km)"
2026-09-14,102,A,Bruno Costa,2,EXD8C75|QTA8G91,"Tesla Model 3 RWD (EXD8C75, 60.0 kWh, 450 km) | BMW iX1 (QTA8G91, 66.5 kWh, 430 km)"
2026-09-14,201,A,Carla Mendes,2,UWR6H57|SIZ0Y20,"GWM Ora 03 Skin (UWR6H57, 48.0 kWh, 310 km) | Volvo EX30 (SIZ0Y20, 51.0 kWh, 340 km)"
2026-09-14,202,A,Daniel Oliveira,1,YKD1M12,"Fiat 500e (YKD1M12, 42.0 kWh, 300 km)"
2026-09-14,301,B,Elena Souza,2,LLT4Z05|XOR1M10,"BYD Seal (LLT4Z05, 82.5 kWh, 520 km) | BYD Yuan Plus (XOR1M10, 60.5 kWh, 430 km)"
2026-09-14,302,B,Felipe Santos,0,,
2026-09-14,401,B,Gabriela Lima,1,YJC3D48,"Peugeot e-208 (YJC3D48, 51.0 kWh, 360 km)"
2026-09-14,402,B,Henrique Rocha,2,IOU5F47|LGV4W87,"JAC e-JS1 (IOU5F47, 30.2 kWh, 300 km) | Hyundai Ioniq 5 (LGV4W87, 77.4 kWh, 480 km)"
2026-09-15,101,A,Ana Silva,1,UDA4H28,"BYD Dolphin Mini (UDA4H28, 38.0 kWh, 280 km)"
2026-09-15,102,A,Bruno Costa,2,EXD8C75|QTA8G91,"Tesla Model 3 RWD (EXD8C75, 60.0 kWh, 450 km) | BMW iX1 (QTA8G91, 66.5 kWh, 430 km)"
2026-09-15,201,A,Carla Mendes,2,UWR6H57|SIZ0Y20,"GWM Ora 03 Skin (UWR6H57, 48.0 kWh, 310 km) | Volvo EX30 (SIZ0Y20, 51.0 kWh, 340 km)"
2026-09-15,202,A,Daniel Oliveira,1,YKD1M12,"Fiat 500e (YKD1M12, 42.0 kWh, 300 km)"
2026-09-15,301,B,Elena Souza,2,LLT4Z05|XOR1M10,"BYD Seal (LLT4Z05, 82.5 kWh, 520 km) | BYD Yuan Plus (XOR1M10, 60.5 kWh, 430 km)"
2026-09-15,302,B,Felipe Santos,0,,
2026-09-15,401,B,Gabriela Lima,1,YJC3D48,"Peugeot e-208 (YJC3D48, 51.0 kWh, 360 km)"
2026-09-15,402,B,Henrique Rocha,2,IOU5F47|LGV4W87,"JAC e-JS1 (IOU5F47, 30.2 kWh, 300 km) | Hyundai Ioniq 5 (LGV4W87, 77.4 kWh, 480 km)"
2026-09-16,101,A,Ana Silva,1,UDA4H28,"BYD Dolphin Mini (UDA4H28, 38.0 kWh, 280 km)"
2026-09-16,102,A,Bruno Costa,2,EXD8C75|QTA8G91,"Tesla Model 3 RWD (EXD8C75, 60.0 kWh, 450 km) | BMW iX1 (QTA8G91, 66.5 kWh, 430 km)"
2026-09-16,201,A,Carla Mendes,2,UWR6H57|SIZ0Y20,"GWM Ora 03 Skin (UWR6H57, 48.0 kWh, 310 km) | Volvo EX30 (SIZ0Y20, 51.0 kWh, 340 km)"
2026-09-16,202,A,Daniel Oliveira,1,YKD1M12,"Fiat 500e (YKD1M12, 42.0 kWh, 300 km)"
2026-09-16,301,B,Elena Souza,2,LLT4Z05|XOR1M10,"BYD Seal (LLT4Z05, 82.5 kWh, 520 km) | BYD Yuan Plus (XOR1M10, 60.5 kWh, 430 km)"
2026-09-16,302,B,Felipe Santos,0,,
2026-09-16,401,B,Gabriela Lima,1,YJC3D48,"Peugeot e-208 (YJC3D48, 51.0 kWh, 360 km)"
2026-09-16,402,B,Henrique Rocha,2,IOU5F47|LGV4W87,"JAC e-JS1 (IOU5F47, 30.2 kWh, 300 km) | Hyundai Ioniq 5 (LGV4W87, 77.4 kWh, 480 km)"
2026-09-17,101,A,Ana Silva,1,UDA4H28,"BYD Dolphin Mini (UDA4H28, 38.0 kWh, 280 km)"
2026-09-17,102,A,Bruno Costa,2,EXD8C75|QTA8G91,"Tesla Model 3 RWD (EXD8C75, 60.0 kWh, 450 km) | BMW iX1 (QTA8G91, 66.5 kWh, 430 km)"
2026-09-17,201,A,Carla Mendes,2,UWR6H57|SIZ0Y20,"GWM Ora 03 Skin (UWR6H57, 48.0 kWh, 310 km) | Volvo EX30 (SIZ0Y20, 51.0 kWh, 340 km)"
2026-09-17,202,A,Daniel Oliveira,1,YKD1M12,"Fiat 500e (YKD1M12, 42.0 kWh, 300 km)"
2026-09-17,301,B,Elena Souza,2,LLT4Z05|XOR1M10,"BYD Seal (LLT4Z05, 82.5 kWh, 520 km) | BYD Yuan Plus (XOR1M10, 60.5 kWh, 430 km)"
2026-09-17,302,B,Felipe Santos,0,,
2026-09-17,401,B,Gabriela Lima,1,YJC3D48,"Peugeot e-208 (YJC3D48, 51.0 kWh, 360 km)"
2026-09-17,402,B,Henrique Rocha,2,IOU5F47|LGV4W87,"JAC e-JS1 (IOU5F47, 30.2 kWh, 300 km) | Hyundai Ioniq 5 (LGV4W87, 77.4 kWh, 480 km)"
2026-09-18,101,A,Ana Silva,1,UDA4H28,"BYD Dolphin Mini (UDA4H28, 38.0 kWh, 280 km)"
2026-09-18,102,A,Bruno Costa,2,EXD8C75|QTA8G91,"Tesla Model 3 RWD (EXD8C75, 60.0 kWh, 450 km) | BMW iX1 (QTA8G91, 66.5 kWh, 430 km)"
2026-09-18,201,A,Carla Mendes,2,UWR6H57|SIZ0Y20,"GWM Ora 03 Skin (UWR6H57, 48.0 kWh, 310 km) | Volvo EX30 (SIZ0Y20, 51.0 kWh, 340 km)"
2026-09-18,202,A,Daniel Oliveira,1,YKD1M12,"Fiat 500e (YKD1M12, 42.0 kWh, 300 km)"
2026-09-18,301,B,Elena Souza,2,LLT4Z05|XOR1M10,"BYD Seal (LLT4Z05, 82.5 kWh, 520 km) | BYD Yuan Plus (XOR1M10, 60.5 kWh, 430 km)"
2026-09-18,302,B,Felipe Santos,0,,
2026-09-18,401,B,Gabriela Lima,1,YJC3D48,"Peugeot e-208 (YJC3D48, 51.0 kWh, 360 km)"
2026-09-18,402,B,Henrique Rocha,2,IOU5F47|LGV4W87,"JAC e-JS1 (IOU5F47, 30.2 kWh, 300 km) | Hyundai Ioniq 5 (LGV4W87, 77.4 kWh, 480 km)"
2026-09-19,101,A,Ana Silva,1,UDA4H28,"BYD Dolphin Mini (UDA4H28, 38.0 kWh, 280 km)"
2026-09-19,102,A,Bruno Costa,2,EXD8C75|QTA8G91,"Tesla Model 3 RWD (EXD8C75, 60.0 kWh, 450 km) | BMW iX1 (QTA8G91, 66.5 kWh, 430 km)"
2026-09-19,201,A,Carla Mendes,2,UWR6H57|SIZ0Y20,"GWM Ora 03 Skin (UWR6H57, 48.0 kWh, 310 km) | Volvo EX30 (SIZ0Y20, 51.0 kWh, 340 km)"
2026-09-19,202,A,Daniel Oliveira,1,YKD1M12,"Fiat 500e (YKD1M12, 42.0 kWh, 300 km)"
2026-09-19,301,B,Elena Souza,2,LLT4Z05|XOR1M10,"BYD Seal (LLT4Z05, 82.5 kWh, 520 km) | BYD Yuan Plus (XOR1M10, 60.5 kWh, 430 km)"
2026-09-19,302,B,Felipe Santos,0,,
2026-09-19,401,B,Gabriela Lima,1,YJC3D48,"Peugeot e-208 (YJC3D48, 51.0 kWh, 360 km)"
2026-09-19,402,B,Henrique Rocha,2,IOU5F47|LGV4W87,"JAC e-JS1 (IOU5F47, 30.2 kWh, 300 km) | Hyundai Ioniq 5 (LGV4W87, 77.4 kWh, 480 km)"
2026-09-20,101,A,Ana Silva,1,UDA4H28,"BYD Dolphin Mini (UDA4H28, 38.0 kWh, 280 km)"
2026-09-20,102,A,Bruno Costa,2,EXD8C75|QTA8G91,"Tesla Model 3 RWD (EXD8C75, 60.0 kWh, 450 km) | BMW iX1 (QTA8G91, 66.5 kWh, 430 km)"
2026-09-20,201,A,Carla Mendes,2,UWR6H57|SIZ0Y20,"GWM Ora 03 Skin (UWR6H57, 48.0 kWh, 310 km) | Volvo EX30 (SIZ0Y20, 51.0 kWh, 340 km)"
2026-09-20,202,A,Daniel Oliveira,1,YKD1M12,"Fiat 500e (YKD1M12, 42.0 kWh, 300 km)"
2026-09-20,301,B,Elena Souza,2,LLT4Z05|XOR1M10,"BYD Seal (LLT4Z05, 82.5 kWh, 520 km) | BYD Yuan Plus (XOR1M10, 60.5 kWh, 430 km)"
2026-09-20,302,B,Felipe Santos,0,,
2026-09-20,401,B,Gabriela Lima,1,YJC3D48,"Peugeot e-208 (YJC3D48, 51.0 kWh, 360 km)"
2026-09-20,402,B,Henrique Rocha,2,IOU5F47|LGV4W87,"JAC e-JS1 (IOU5F47, 30.2 kWh, 300 km) | Hyundai Ioniq 5 (LGV4W87, 77.4 kWh, 480 km)"
2026-09-21,101,A,Ana Silva,1,UDA4H28,"BYD Dolphin Mini (UDA4H28, 38.0 kWh, 280 km)"
2026-09-21,102,A,Bruno Costa,2,EXD8C75|QTA8G91,"Tesla Model 3 RWD (EXD8C75, 60.0 kWh, 450 km) | BMW iX1 (QTA8G91, 66.5 kWh, 430 km)"
2026-09-21,201,A,Carla Mendes,2,UWR6H57|SIZ0Y20,"GWM Ora 03 Skin (UWR6H57, 48.0 kWh, 310 km) | Volvo EX30 (SIZ0Y20, 51.0 kWh, 340 km)"
2026-09-21,202,A,Daniel Oliveira,1,YKD1M12,"Fiat 500e (YKD1M12, 42.0 kWh, 300 km)"
2026-09-21,301,B,Elena Souza,2,LLT4Z05|XOR1M10,"BYD Seal (LLT4Z05, 82.5 kWh, 520 km) | BYD Yuan Plus (XOR1M10, 60.5 kWh, 430 km)"
2026-09-21,302,B,Felipe Santos,0,,
2026-09-21,401,B,Gabriela Lima,1,YJC3D48,"Peugeot e-208 (YJC3D48, 51.0 kWh, 360 km)"
2026-09-21,402,B,Henrique Rocha,2,IOU5F47|LGV4W87,"JAC e-JS1 (IOU5F47, 30.2 kWh, 300 km) | Hyundai Ioniq 5 (LGV4W87, 77.4 kWh, 480 km)"
2026-09-22,101,A,Ana Silva,1,UDA4H28,"BYD Dolphin Mini (UDA4H28, 38.0 kWh, 280 km)"
2026-09-22,102,A,Bruno Costa,2,EXD8C75|QTA8G91,"Tesla Model 3 RWD (EXD8C75, 60.0 kWh, 450 km) | BMW iX1 (QTA8G91, 66.5 kWh, 430 km)"
2026-09-22,201,A,Carla Mendes,2,UWR6H57|SIZ0Y20,"GWM Ora 03 Skin (UWR6H57, 48.0 kWh, 310 km) | Volvo EX30 (SIZ0Y20, 51.0 kWh, 340 km)"
2026-09-22,202,A,Daniel Oliveira,1,YKD1M12,"Fiat 500e (YKD1M12, 42.0 kWh, 300 km)"
2026-09-22,301,B,Elena Souza,2,LLT4Z05|XOR1M10,"BYD Seal (LLT4Z05, 82.5 kWh, 520 km) | BYD Yuan Plus (XOR1M10, 60.5 kWh, 430 km)"
2026-09-22,302,B,Felipe Santos,0,,
2026-09-22,401,B,Gabriela Lima,1,YJC3D48,"Peugeot e-208 (YJC3D48, 51.0 kWh, 360 km)"
2026-09-22,402,B,Henrique Rocha,2,IOU5F47|LGV4W87,"JAC e-JS1 (IOU5F47, 30.2 kWh, 300 km) | Hyundai Ioniq 5 (LGV4W87, 77.4 kWh, 480 km)"
2026-09-23,101,A,Ana Silva,1,UDA4H28,"BYD Dolphin Mini (UDA4H28, 38.0 kWh, 280 km)"
2026-09-23,102,A,Bruno Costa,2,EXD8C75|QTA8G91,"Tesla Model 3 RWD (EXD8C75, 60.0 kWh, 450 km) | BMW iX1 (QTA8G91, 66.5 kWh, 430 km)"
2026-09-23,201,A,Carla Mendes,2,UWR6H57|SIZ0Y20,"GWM Ora 03 Skin (UWR6H57, 48.0 kWh, 310 km) | Volvo EX30 (SIZ0Y20, 51.0 kWh, 340 km)"
2026-09-23,202,A,Daniel Oliveira,1,YKD1M12,"Fiat 500e (YKD1M12, 42.0 kWh, 300 km)"
2026-09-23,301,B,Elena Souza,2,LLT4Z05|XOR1M10,"BYD Seal (LLT4Z05, 82.5 kWh, 520 km) | BYD Yuan Plus (XOR1M10, 60.5 kWh, 430 km)"
2026-09-23,302,B,Felipe Santos,0,,
2026-09-23,401,B,Gabriela Lima,1,YJC3D48,"Peugeot e-208 (YJC3D48, 51.0 kWh, 360 km)"
2026-09-23,402,B,Henrique Rocha,2,IOU5F47|LGV4W87,"JAC e-JS1 (IOU5F47, 30.2 kWh, 300 km) | Hyundai Ioniq 5 (LGV4W87, 77.4 kWh, 480 km)"
2026-09-24,101,A,Ana Silva,1,UDA4H28,"BYD Dolphin Mini (UDA4H28, 38.0 kWh, 280 km)"
2026-09-24,102,A,Bruno Costa,2,EXD8C75|QTA8G91,"Tesla Model 3 RWD (EXD8C75, 60.0 kWh, 450 km) | BMW iX1 (QTA8G91, 66.5 kWh, 430 km)"
2026-09-24,201,A,Carla Mendes,2,UWR6H57|SIZ0Y20,"GWM Ora 03 Skin (UWR6H57, 48.0 kWh, 310 km) | Volvo EX30 (SIZ0Y20, 51.0 kWh, 340 km)"
2026-09-24,202,A,Daniel Oliveira,1,YKD1M12,"Fiat 500e (YKD1M12, 42.0 kWh, 300 km)"
2026-09-24,301,B,Elena Souza,2,LLT4Z05|XOR1M10,"BYD Seal (LLT4Z05, 82.5 kWh, 520 km) | BYD Yuan Plus (XOR1M10, 60.5 kWh, 430 km)"
2026-09-24,302,B,Felipe Santos,0,,
2026-09-24,401,B,Gabriela Lima,1,YJC3D48,"Peugeot e-208 (YJC3D48, 51.0 kWh, 360 km)"
2026-09-24,402,B,Henrique Rocha,2,IOU5F47|LGV4W87,"JAC e-JS1 (IOU5F47, 30.2 kWh, 300 km) | Hyundai Ioniq 5 (LGV4W87, 77.4 kWh, 480 km)"
2026-09-25,101,A,Ana Silva,1,UDA4H28,"BYD Dolphin Mini (UDA4H28, 38.0 kWh, 280 km)"
2026-09-25,102,A,Bruno Costa,2,EXD8C75|QTA8G91,"Tesla Model 3 RWD (EXD8C75, 60.0 kWh, 450 km) | BMW iX1 (QTA8G91, 66.5 kWh, 430 km)"
2026-09-25,201,A,Carla Mendes,2,UWR6H57|SIZ0Y20,"GWM Ora 03 Skin (UWR6H57, 48.0 kWh, 310 km) | Volvo EX30 (SIZ0Y20, 51.0 kWh, 340 km)"
2026-09-25,202,A,Daniel Oliveira,1,YKD1M12,"Fiat 500e (YKD1M12, 42.0 kWh, 300 km)"
2026-09-25,301,B,Elena Souza,2,LLT4Z05|XOR1M10,"BYD Seal (LLT4Z05, 82.5 kWh, 520 km) | BYD Yuan Plus (XOR1M10, 60.5 kWh, 430 km)"
2026-09-25,302,B,Felipe Santos,0,,
2026-09-25,401,B,Gabriela Lima,1,YJC3D48,"Peugeot e-208 (YJC3D48, 51.0 kWh, 360 km)"
2026-09-25,402,B,Henrique Rocha,2,IOU5F47|LGV4W87,"JAC e-JS1 (IOU5F47, 30.2 kWh, 300 km) | Hyundai Ioniq 5 (LGV4W87, 77.4 kWh, 480 km)"
2026-09-26,101,A,Ana Silva,1,UDA4H28,"BYD Dolphin Mini (UDA4H28, 38.0 kWh, 280 km)"
2026-09-26,102,A,Bruno Costa,2,EXD8C75|QTA8G91,"Tesla Model 3 RWD (EXD8C75, 60.0 kWh, 450 km) | BMW iX1 (QTA8G91, 66.5 kWh, 430 km)"
2026-09-26,201,A,Carla Mendes,2,UWR6H57|SIZ0Y20,"GWM Ora 03 Skin (UWR6H57, 48.0 kWh, 310 km) | Volvo EX30 (SIZ0Y20, 51.0 kWh, 340 km)"
2026-09-26,202,A,Daniel Oliveira,1,YKD1M12,"Fiat 500e (YKD1M12, 42.0 kWh, 300 km)"
2026-09-26,301,B,Elena Souza,2,LLT4Z05|XOR1M10,"BYD Seal (LLT4Z05, 82.5 kWh, 520 km) | BYD Yuan Plus (XOR1M10, 60.5 kWh, 430 km)"
2026-09-26,302,B,Felipe Santos,0,,
2026-09-26,401,B,Gabriela Lima,1,YJC3D48,"Peugeot e-208 (YJC3D48, 51.0 kWh, 360 km)"
2026-09-26,402,B,Henrique Rocha,2,IOU5F47|LGV4W87,"JAC e-JS1 (IOU5F47, 30.2 kWh, 300 km) | Hyundai Ioniq 5 (LGV4W87, 77.4 kWh, 480 km)"
2026-09-27,101,A,Ana Silva,1,UDA4H28,"BYD Dolphin Mini (UDA4H28, 38.0 kWh, 280 km)"
2026-09-27,102,A,Bruno Costa,2,EXD8C75|QTA8G91,"Tesla Model 3 RWD (EXD8C75, 60.0 kWh, 450 km) | BMW iX1 (QTA8G91, 66.5 kWh, 430 km)"
2026-09-27,201,A,Carla Mendes,2,UWR6H57|SIZ0Y20,"GWM Ora 03 Skin (UWR6H57, 48.0 kWh, 310 km) | Volvo EX30 (SIZ0Y20, 51.0 kWh, 340 km)"
2026-09-27,202,A,Daniel Oliveira,1,YKD1M12,"Fiat 500e (YKD1M12, 42.0 kWh, 300 km)"
2026-09-27,301,B,Elena Souza,2,LLT4Z05|XOR1M10,"BYD Seal (LLT4Z05, 82.5 kWh, 520 km) | BYD Yuan Plus (XOR1M10, 60.5 kWh, 430 km)"
2026-09-27,302,B,Felipe Santos,0,,
2026-09-27,401,B,Gabriela Lima,1,YJC3D48,"Peugeot e-208 (YJC3D48, 51.0 kWh, 360 km)"
2026-09-27,402,B,Henrique Rocha,2,IOU5F47|LGV4W87,"JAC e-JS1 (IOU5F47, 30.2 kWh, 300 km) | Hyundai Ioniq 5 (LGV4W87, 77.4 kWh, 480 km)"
2026-09-28,101,A,Ana Silva,1,UDA4H28,"BYD Dolphin Mini (UDA4H28, 38.0 kWh, 280 km)"
2026-09-28,102,A,Bruno Costa,2,EXD8C75|QTA8G91,"Tesla Model 3 RWD (EXD8C75, 60.0 kWh, 450 km) | BMW iX1 (QTA8G91, 66.5 kWh, 430 km)"
2026-09-28,201,A,Carla Mendes,2,UWR6H57|SIZ0Y20,"GWM Ora 03 Skin (UWR6H57, 48.0 kWh, 310 km) | Volvo EX30 (SIZ0Y20, 51.0 kWh, 340 km)"
2026-09-28,202,A,Daniel Oliveira,1,YKD1M12,"Fiat 500e (YKD1M12, 42.0 kWh, 300 km)"
2026-09-28,301,B,Elena Souza,2,LLT4Z05|XOR1M10,"BYD Seal (LLT4Z05, 82.5 kWh, 520 km) | BYD Yuan Plus (XOR1M10, 60.5 kWh, 430 km)"
2026-09-28,302,B,Felipe Santos,0,,
2026-09-28,401,B,Gabriela Lima,1,YJC3D48,"Peugeot e-208 (YJC3D48, 51.0 kWh, 360 km)"
2026-09-28,402,B,Henrique Rocha,2,IOU5F47|LGV4W87,"JAC e-JS1 (IOU5F47, 30.2 kWh, 300 km) | Hyundai Ioniq 5 (LGV4W87, 77.4 kWh, 480 km)"
2026-09-29,101,A,Ana Silva,1,UDA4H28,"BYD Dolphin Mini (UDA4H28, 38.0 kWh, 280 km)"
2026-09-29,102,A,Bruno Costa,2,EXD8C75|QTA8G91,"Tesla Model 3 RWD (EXD8C75, 60.0 kWh, 450 km) | BMW iX1 (QTA8G91, 66.5 kWh, 430 km)"
2026-09-29,201,A,Carla Mendes,2,UWR6H57|SIZ0Y20,"GWM Ora 03 Skin (UWR6H57, 48.0 kWh, 310 km) | Volvo EX30 (SIZ0Y20, 51.0 kWh, 340 km)"
2026-09-29,202,A,Daniel Oliveira,1,YKD1M12,"Fiat 500e (YKD1M12, 42.0 kWh, 300 km)"
2026-09-29,301,B,Elena Souza,2,LLT4Z05|XOR1M10,"BYD Seal (LLT4Z05, 82.5 kWh, 520 km) | BYD Yuan Plus (XOR1M10, 60.5 kWh, 430 km)"
2026-09-29,302,B,Felipe Santos,0,,
2026-09-29,401,B,Gabriela Lima,1,YJC3D48,"Peugeot e-208 (YJC3D48, 51.0 kWh, 360 km)"
2026-09-29,402,B,Henrique Rocha,2,IOU5F47|LGV4W87,"JAC e-JS1 (IOU5F47, 30.2 kWh, 300 km) | Hyundai Ioniq 5 (LGV4W87, 77.4 kWh, 480 km)"
2026-09-30,101,A,Ana Silva,1,UDA4H28,"BYD Dolphin Mini (UDA4H28, 38.0 kWh, 280 km)"
2026-09-30,102,A,Bruno Costa,2,EXD8C75|QTA8G91,"Tesla Model 3 RWD (EXD8C75, 60.0 kWh, 450 km) | BMW iX1 (QTA8G91, 66.5 kWh, 430 km)"
2026-09-30,201,A,Carla Mendes,2,UWR6H57|SIZ0Y20,"GWM Ora 03 Skin (UWR6H57, 48.0 kWh, 310 km) | Volvo EX30 (SIZ0Y20, 51.0 kWh, 340 km)"
2026-09-30,202,A,Daniel Oliveira,1,YKD1M12,"Fiat 500e (YKD1M12, 42.0 kWh, 300 km)"
2026-09-30,301,B,Elena Souza,2,LLT4Z05|XOR1M10,"BYD Seal (LLT4Z05, 82.5 kWh, 520 km) | BYD Yuan Plus (XOR1M10, 60.5 kWh, 430 km)"
2026-09-30,302,B,Felipe Santos,0,,
2026-09-30,401,B,Gabriela Lima,1,YJC3D48,"Peugeot e-208 (YJC3D48, 51.0 kWh, 360 km)"
2026-09-30,402,B,Henrique Rocha,2,IOU5F47|LGV4W87,"JAC e-JS1 (IOU5F47, 30.2 kWh, 300 km) | Hyundai Ioniq 5 (LGV4W87, 77.4 kWh, 480 km)"
2026-10-01,101,A,Ana Silva,1,UDA4H28,"BYD Dolphin Mini (UDA4H28, 38.0 kWh, 280 km)"
2026-10-01,102,A,Bruno Costa,2,EXD8C75|QTA8G91,"Tesla Model 3 RWD (EXD8C75, 60.0 kWh, 450 km) | BMW iX1 (QTA8G91, 66.5 kWh, 430 km)"
2026-10-01,201,A,Carla Mendes,2,UWR6H57|SIZ0Y20,"GWM Ora 03 Skin (UWR6H57, 48.0 kWh, 310 km) | Volvo EX30 (SIZ0Y20, 51.0 kWh, 340 km)"
2026-10-01,202,A,Daniel Oliveira,1,YKD1M12,"Fiat 500e (YKD1M12, 42.0 kWh, 300 km)"
2026-10-01,301,B,Elena Souza,2,LLT4Z05|XOR1M10,"BYD Seal (LLT4Z05, 82.5 kWh, 520 km) | BYD Yuan Plus (XOR1M10, 60.5 kWh, 430 km)"
2026-10-01,302,B,Felipe Santos,0,,
2026-10-01,401,B,Gabriela Lima,1,YJC3D48,"Peugeot e-208 (YJC3D48, 51.0 kWh, 360 km)"
2026-10-01,402,B,Henrique Rocha,2,IOU5F47|LGV4W87,"JAC e-JS1 (IOU5F47, 30.2 kWh, 300 km) | Hyundai Ioniq 5 (LGV4W87, 77.4 kWh, 480 km)"
2026-10-02,101,A,Ana Silva,1,UDA4H28,"BYD Dolphin Mini (UDA4H28, 38.0 kWh, 280 km)"
2026-10-02,102,A,Bruno Costa,2,EXD8C75|QTA8G91,"Tesla Model 3 RWD (EXD8C75, 60.0 kWh, 450 km) | BMW iX1 (QTA8G91, 66.5 kWh, 430 km)"
2026-10-02,201,A,Carla Mendes,2,UWR6H57|SIZ0Y20,"GWM Ora 03 Skin (UWR6H57, 48.0 kWh, 310 km) | Volvo EX30 (SIZ0Y20, 51.0 kWh, 340 km)"
2026-10-02,202,A,Daniel Oliveira,1,YKD1M12,"Fiat 500e (YKD1M12, 42.0 kWh, 300 km)"
2026-10-02,301,B,Elena Souza,2,LLT4Z05|XOR1M10,"BYD Seal (LLT4Z05, 82.5 kWh, 520 km) | BYD Yuan Plus (XOR1M10, 60.5 kWh, 430 km)"
2026-10-02,302,B,Felipe Santos,0,,
2026-10-02,401,B,Gabriela Lima,1,YJC3D48,"Peugeot e-208 (YJC3D48, 51.0 kWh, 360 km)"
2026-10-02,402,B,Henrique Rocha,2,IOU5F47|LGV4W87,"JAC e-JS1 (IOU5F47, 30.2 kWh, 300 km) | Hyundai Ioniq 5 (LGV4W87, 77.4 kWh, 480 km)"
2026-10-03,101,A,Ana Silva,1,UDA4H28,"BYD Dolphin Mini (UDA4H28, 38.0 kWh, 280 km)"
2026-10-03,102,A,Bruno Costa,2,EXD8C75|QTA8G91,"Tesla Model 3 RWD (EXD8C75, 60.0 kWh, 450 km) | BMW iX1 (QTA8G91, 66.5 kWh, 430 km)"
2026-10-03,201,A,Carla Mendes,2,UWR6H57|SIZ0Y20,"GWM Ora 03 Skin (UWR6H57, 48.0 kWh, 310 km) | Volvo EX30 (SIZ0Y20, 51.0 kWh, 340 km)"
2026-10-03,202,A,Daniel Oliveira,1,YKD1M12,"Fiat 500e (YKD1M12, 42.0 kWh, 300 km)"
2026-10-03,301,B,Elena Souza,2,LLT4Z05|XOR1M10,"BYD Seal (LLT4Z05, 82.5 kWh, 520 km) | BYD Yuan Plus (XOR1M10, 60.5 kWh, 430 km)"
2026-10-03,302,B,Felipe Santos,0,,
2026-10-03,401,B,Gabriela Lima,1,YJC3D48,"Peugeot e-208 (YJC3D48, 51.0 kWh, 360 km)"
2026-10-03,402,B,Henrique Rocha,2,IOU5F47|LGV4W87,"JAC e-JS1 (IOU5F47, 30.2 kWh, 300 km) | Hyundai Ioniq 5 (LGV4W87, 77.4 kWh, 480 km)"
2026-10-04,101,A,Ana Silva,1,UDA4H28,"BYD Dolphin Mini (UDA4H28, 38.0 kWh, 280 km)"
2026-10-04,102,A,Bruno Costa,2,EXD8C75|QTA8G91,"Tesla Model 3 RWD (EXD8C75, 60.0 kWh, 450 km) | BMW iX1 (QTA8G91, 66.5 kWh, 430 km)"
2026-10-04,201,A,Carla Mendes,2,UWR6H57|SIZ0Y20,"GWM Ora 03 Skin (UWR6H57, 48.0 kWh, 310 km) | Volvo EX30 (SIZ0Y20, 51.0 kWh, 340 km)"
2026-10-04,202,A,Daniel Oliveira,1,YKD1M12,"Fiat 500e (YKD1M12, 42.0 kWh, 300 km)"
2026-10-04,301,B,Elena Souza,2,LLT4Z05|XOR1M10,"BYD Seal (LLT4Z05, 82.5 kWh, 520 km) | BYD Yuan Plus (XOR1M10, 60.5 kWh, 430 km)"
2026-10-04,302,B,Felipe Santos,0,,
2026-10-04,401,B,Gabriela Lima,1,YJC3D48,"Peugeot e-208 (YJC3D48, 51.0 kWh, 360 km)"
2026-10-04,402,B,Henrique Rocha,2,IOU5F47|LGV4W87,"JAC e-JS1 (IOU5F47, 30.2 kWh, 300 km) | Hyundai Ioniq 5 (LGV4W87, 77.4 kWh, 480 km)"
